event_id,timestamp,threat_type,region,device_type,failed_logins,network_packets,connections,port_scans,data_transfer,prediction,anomaly_score,risk_score,severity,threat_detected
EVT000001,2026-08-11 17:45:01.735196,Malware,Oceania,Desktop,4,566,91,0,97,1,-0.17722495526939414,11.438956065067554,Low,Normal
EVT000002,2026-08-11 17:53:01.735196,Phishing,Oceania,Server,1,230,26,0,353,1,-0.16469229076187225,14.773986321780333,Low,Normal
EVT000003,2026-08-11 18:01:01.735196,Unauthorized Access,North America,Firewall,2,376,37,0,31,1,-0.16991512458026553,13.384153473412761,Low,Normal
EVT000004,2026-08-11 18:09:01.735196,Malware,North America,Laptop,0,956,53,0,179,1,-0.1293246635405545,24.18556091714594,Low,Normal
EVT000005,2026-08-11 18:17:01.735196,Unauthorized Access,North America,Firewall,0,799,84,0,455,1,-0.11029303654539407,29.25001084519097,Low,Normal
EVT000006,2026-08-11 18:25:01.735196,Brute Force,Oceania,Firewall,3,230,55,0,338,1,-0.20088943652523739,5.141671002479133,Low,Normal
EVT000007,2026-08-11 18:33:01.735196,DDoS,Africa,Desktop,3,876,94,0,349,1,-0.16798008784194424,13.899080372339887,Low,Normal
EVT000008,2026-08-11 18:41:01.735196,Malware,Europe,Router,4,180,40,0,397,1,-0.18634150469470512,9.012978081536463,Low,Normal
EVT000009,2026-08-11 18:49:01.735196,Phishing,Europe,Desktop,3,802,22,0,171,1,-0.1989398365197118,5.6604732893362355,Low,Normal
EVT000010,2026-08-11 18:57:01.735196,DDoS,North America,Desktop,4,351,66,0,217,1,-0.19993108799377313,5.396694293575077,Low,Normal
EVT000011,2026-08-11 19:05:01.735196,Unauthorized Access,Asia,Server,5,256,19,0,354,1,-0.16208872146871678,15.466814440087532,Low,Normal
EVT000012,2026-08-11 19:13:01.735196,Unauthorized Access,North America,Router,3,238,85,0,428,1,-0.17236251882273662,12.732884635581271,Low,Normal
EVT000013,2026-08-11 19:21:01.735196,Ransomware,Oceania,Firewall,2,140,32,0,337,1,-0.17595386786689154,11.777201371460967,Low,Normal
EVT000014,2026-08-11 19:29:01.735196,Ransomware,Africa,Laptop,1,602,27,0,302,1,-0.18234043186326204,10.077691729952207,Low,Normal
EVT000015,2026-08-11 19:37:01.735196,Malware,Oceania,Laptop,4,561,7,0,227,1,-0.17881401265613817,11.016096707325744,Low,Normal
EVT000016,2026-08-11 19:45:01.735196,Malware,Europe,Server,2,306,19,0,389,1,-0.1686615782735758,13.71773097071923,Low,Normal
EVT000017,2026-08-11 19:53:01.735196,DDoS,Oceania,Desktop,1,842,56,0,397,1,-0.1662129838797245,14.369319177282188,Low,Normal
EVT000018,2026-08-11 20:01:01.735196,Ransomware,Europe,Desktop,4,259,75,0,95,1,-0.1843205599163621,9.550765714714908,Low,Normal
EVT000019,2026-08-11 20:09:01.735196,Brute Force,Oceania,Server,3,895,32,0,349,1,-0.1916291917608336,7.605887327372948,Low,Normal
EVT000020,2026-08-11 20:17:01.735196,Phishing,Africa,Laptop,5,476,31,0,125,1,-0.18760023727508252,8.678020480289797,Low,Normal
EVT000021,2026-08-11 20:25:01.735196,DDoS,Asia,Firewall,2,510,13,0,234,1,-0.19409006518949157,6.951031583202257,Low,Normal
EVT000022,2026-08-11 20:33:01.735196,Ransomware,North America,Laptop,1,926,36,0,242,1,-0.1659213205355331,14.446932846511787,Low,Normal
EVT000023,2026-08-11 20:41:01.735196,Ransomware,South America,Desktop,1,541,56,0,304,1,-0.19670575991091144,6.254976803069627,Low,Normal
EVT000024,2026-08-11 20:49:01.735196,Unauthorized Access,Oceania,Desktop,2,180,63,0,139,1,-0.18911892834441463,8.273886094997488,Low,Normal
EVT000025,2026-08-11 20:57:01.735196,DDoS,South America,Router,1,835,5,0,139,1,-0.13609037168907573,22.385158347535615,Low,Normal
EVT000026,2026-08-11 21:05:01.735196,Phishing,Europe,Firewall,4,283,21,0,289,1,-0.18418654035367726,9.586429263856996,Low,Normal
EVT000027,2026-08-11 21:13:01.735196,Brute Force,Africa,Router,5,286,74,0,268,1,-0.18671774595771912,8.912857632670827,Low,Normal
EVT000028,2026-08-11 21:21:01.735196,DDoS,Asia,Laptop,2,610,23,0,208,1,-0.20465779726113426,4.138883681005583,Low,Normal
EVT000029,2026-08-11 21:29:01.735196,Phishing,Africa,Router,2,437,5,0,450,1,-0.14194503663646102,20.827190787586428,Low,Normal
EVT000030,2026-08-11 21:37:01.735196,Malware,North America,Laptop,3,863,20,0,69,1,-0.17470596223912666,12.109277844394574,Low,Normal
EVT000031,2026-08-11 21:45:01.735196,Brute Force,South America,Firewall,5,332,23,0,140,1,-0.17559617014715262,11.872387252912633,Low,Normal
EVT000032,2026-08-11 21:53:01.735196,DDoS,Africa,Router,8,572,29,0,393,1,-0.10140707336336774,31.614628206032886,Low,Normal
EVT000033,2026-08-11 22:01:01.735196,Unauthorized Access,North America,Server,4,679,37,0,313,1,-0.2042750543254288,4.2407342707468665,Low,Normal
EVT000034,2026-08-11 22:09:01.735196,Unauthorized Access,Asia,Desktop,5,982,90,0,247,1,-0.1334255387303403,23.094289158556215,Low,Normal
EVT000035,2026-08-11 22:17:01.735196,DDoS,Europe,Router,5,708,32,0,490,1,-0.14182335686471836,20.859570631485393,Low,Normal
EVT000036,2026-08-11 22:25:01.735196,Brute Force,Oceania,Desktop,73,14435,457,1,1176,-1,0.10491235924076725,86.51768173225061,High,Suspicious
EVT000037,2026-08-11 22:33:01.735196,Phishing,Africa,Server,5,706,64,0,200,1,-0.19251626087363588,7.369831991397474,Low,Normal
EVT000038,2026-08-11 22:41:01.735196,Ransomware,Oceania,Firewall,2,422,22,0,232,1,-0.19808090573714704,5.889040817538736,Low,Normal
EVT000039,2026-08-11 22:49:01.735196,Phishing,Asia,Laptop,3,953,27,0,164,1,-0.1796741560255138,10.78720650123614,Low,Normal
EVT000040,2026-08-11 22:57:01.735196,Unauthorized Access,North America,Firewall,3,345,52,0,179,1,-0.20881327793967708,3.0330810174292995,Low,Normal
EVT000041,2026-08-11 23:05:01.735196,Malware,North America,Desktop,8,499,18,0,480,1,-0.07393286318452241,38.92570895591989,Low,Normal
EVT000042,2026-08-11 23:13:01.735196,Ransomware,Europe,Server,0,453,70,0,456,1,-0.1178489066807612,27.23934060805841,Low,Normal
EVT000043,2026-08-11 23:21:01.735196,Unauthorized Access,North America,Server,0,764,62,0,134,1,-0.14722944914010572,19.42097141755311,Low,Normal
EVT000044,2026-08-11 23:29:01.735196,Malware,Africa,Laptop,3,882,58,0,110,1,-0.1922091775426335,7.451549027675785,Low,Normal
EVT000045,2026-08-11 23:37:01.735196,DDoS,Africa,Laptop,4,976,98,0,320,1,-0.1380473799480964,21.864384672268592,Low,Normal
EVT000046,2026-08-11 23:45:01.735196,Unauthorized Access,South America,Laptop,1,469,34,0,129,1,-0.1907431016896009,7.841682133494199,Low,Normal
EVT000047,2026-08-11 23:53:01.735196,Brute Force,Oceania,Laptop,2,840,94,1,288,1,-0.02990337685101696,50.64226524142741,Medium,Normal
EVT000048,2026-08-12 00:01:01.735196,DDoS,Oceania,Desktop,2,733,5,0,105,1,-0.15292174420851662,17.906211625499832,Low,Normal
EVT000049,2026-08-12 00:09:01.735196,Unauthorized Access,South America,Server,6,889,97,0,85,1,-0.11098140762216252,29.06683045545893,Low,Normal
EVT000050,2026-08-12 00:17:01.735196,Malware,Asia,Server,2,384,82,0,56,1,-0.1718207777929905,12.877045737509892,Low,Normal
EVT000051,2026-08-12 00:25:01.735196,Phishing,Africa,Laptop,0,849,66,0,213,1,-0.1332986128700685,23.128065023545798,Low,Normal
EVT000052,2026-08-12 00:33:01.735196,Brute Force,Oceania,Server,62,12421,656,1,722,-1,0.1067592465258359,87.00915144108589,High,Suspicious
EVT000053,2026-08-12 00:41:01.735196,Malware,Asia,Server,0,857,73,0,189,1,-0.13416476973483327,22.897574583997507,Low,Normal
EVT000054,2026-08-12 00:49:01.735196,Ransomware,Oceania,Router,5,891,84,0,485,1,-0.1246841552743913,25.42043283643265,Low,Normal
EVT000055,2026-08-12 00:57:01.735196,Phishing,Oceania,Firewall,5,790,47,0,332,1,-0.18811846950033057,8.540115236742542,Low,Normal
EVT000056,2026-08-12 01:05:01.735196,Phishing,South America,Router,3,111,99,0,262,1,-0.13270204899637222,23.286814870208072,Low,Normal
EVT000057,2026-08-12 01:13:01.735196,Malware,Oceania,Router,2,875,97,0,99,1,-0.155959463206868,17.09785321418094,Low,Normal
EVT000058,2026-08-12 01:21:01.735196,DDoS,South America,Server,2,925,79,0,429,1,-0.15813566736489876,16.51874996702541,Low,Normal
EVT000059,2026-08-12 01:29:01.735196,Brute Force,North America,Server,5,198,40,0,496,1,-0.13562459369277619,22.509105151476447,Low,Normal
EVT000060,2026-08-12 01:37:01.735196,Ransomware,North America,Laptop,4,378,93,0,295,1,-0.17628636406020087,11.688721793613583,Low,Normal
EVT000061,2026-08-12 01:45:01.735196,Unauthorized Access,South America,Laptop,5,495,65,0,85,1,-0.18511196999318474,9.340165921663173,Low,Normal
EVT000062,2026-08-12 01:53:01.735196,Ransomware,South America,Laptop,5,168,16,0,388,1,-0.14781813244194936,19.26431864654086,Low,Normal
EVT000063,2026-08-12 02:01:01.735196,Malware,South America,Firewall,3,792,46,1,407,1,-0.05188494397402743,44.79281547747626,Medium,Normal
EVT000064,2026-08-12 02:09:01.735196,Brute Force,Africa,Server,4,687,13,0,410,1,-0.17342306646372557,12.450665441948448,Low,Normal
EVT000065,2026-08-12 02:17:01.735196,Phishing,Europe,Router,1,752,44,0,443,1,-0.16351612642012875,15.086971933437535,Low,Normal
EVT000066,2026-08-12 02:25:01.735196,Phishing,South America,Server,3,747,69,0,154,1,-0.20219498328292612,4.794255819073244,Low,Normal
EVT000067,2026-08-12 02:33:01.735196,Malware,South America,Desktop,4,544,58,0,211,1,-0.21142673632112058,2.337621343108447,Low,Normal
EVT000068,2026-08-12 02:41:01.735196,DDoS,Asia,Router,2,752,96,0,157,1,-0.17024820791308748,13.295517653607543,Low,Normal
EVT000069,2026-08-12 02:49:01.735196,Brute Force,Africa,Router,1,460,43,0,470,1,-0.16336552550820932,15.127047896345374,Low,Normal
EVT000070,2026-08-12 02:57:01.735196,Ransomware,Europe,Server,2,508,60,0,126,1,-0.2108071405679588,2.5025001350433214,Low,Normal
EVT000071,2026-08-12 03:05:01.735196,Unauthorized Access,North America,Desktop,1,771,49,0,158,1,-0.18759676597934644,8.67894421652345,Low,Normal
EVT000072,2026-08-12 03:13:01.735196,Unauthorized Access,South America,Firewall,0,312,79,0,173,1,-0.13481234267672804,22.725250865178463,Low,Normal
EVT000073,2026-08-12 03:21:01.735196,Unauthorized Access,Europe,Server,6,985,7,0,450,1,-0.07936696422262257,37.47965641304513,Low,Normal
EVT000074,2026-08-12 03:29:01.735196,Malware,Europe,Server,3,507,32,0,131,1,-0.2138808743287341,1.6845579418957504,Low,Normal
EVT000075,2026-08-12 03:37:01.735196,Brute Force,Europe,Router,2,277,32,0,50,1,-0.17996381808609896,10.710125387663401,Low,Normal
EVT000076,2026-08-12 03:45:01.735196,Unauthorized Access,Europe,Firewall,2,300,37,0,470,1,-0.1744128408135247,12.187279519352566,Low,Normal
EVT000077,2026-08-12 03:53:01.735196,Unauthorized Access,North America,Router,6,549,14,0,251,1,-0.15437282122550944,17.52006981554497,Low,Normal
EVT000078,2026-08-12 04:01:01.735196,Unauthorized Access,Africa,Desktop,2,473,69,0,248,1,-0.20944161693004854,2.8658755885196316,Low,Normal
EVT000079,2026-08-12 04:09:01.735196,Phishing,Oceania,Desktop,2,953,63,0,470,1,-0.14493223898486607,20.03227521246072,Low,Normal
EVT000080,2026-08-12 04:17:01.735196,DDoS,Europe,Desktop,1,610,5,0,320,1,-0.14850682534062692,19.081052617733146,Low,Normal
EVT000081,2026-08-12 04:25:01.735196,Malware,North America,Router,9,977,5,1,214,-1,0.02386540199494458,64.95051583013141,Medium,Suspicious
EVT000082,2026-08-12 04:33:01.735196,Unauthorized Access,North America,Server,3,194,76,0,259,1,-0.18896437250997838,8.315014490630118,Low,Normal
EVT000083,2026-08-12 04:41:01.735196,Unauthorized Access,Asia,Laptop,6,924,21,0,312,1,-0.13118505288776144,23.690498214519735,Low,Normal
EVT000084,2026-08-12 04:49:01.735196,Malware,Europe,Desktop,8,434,95,0,491,1,-0.06387472485852141,41.60225037480836,Medium,Normal
EVT000085,2026-08-12 04:57:01.735196,DDoS,Africa,Desktop,4,662,85,0,397,1,-0.1823711679358136,10.069512644661092,Low,Normal
EVT000086,2026-08-12 05:05:01.735196,Brute Force,Africa,Server,3,168,38,0,459,1,-0.17065988791189046,13.185966707656075,Low,Normal
EVT000087,2026-08-12 05:13:01.735196,Unauthorized Access,Asia,Server,3,860,27,0,104,1,-0.19009213623868793,8.014908622846601,Low,Normal
EVT000088,2026-08-12 05:21:01.735196,Phishing,Asia,Server,3,380,71,0,164,1,-0.2020695784728801,4.827626921889392,Low,Normal
EVT000089,2026-08-12 05:29:01.735196,Brute Force,Africa,Laptop,2,502,25,0,101,1,-0.20308923704634319,4.556288596988489,Low,Normal
EVT000090,2026-08-12 05:37:01.735196,Unauthorized Access,Europe,Desktop,1,937,5,0,21,1,-0.0799576088008973,37.32248173256698,Low,Normal
EVT000091,2026-08-12 05:45:01.735196,Brute Force,Asia,Firewall,2,912,31,0,258,1,-0.18890035602825012,8.332049727100697,Low,Normal
EVT000092,2026-08-12 05:53:01.735196,Malware,North America,Router,3,147,65,0,301,1,-0.18482825452916796,9.415664604024405,Low,Normal
EVT000093,2026-08-12 06:01:01.735196,Malware,North America,Desktop,3,738,60,0,483,1,-0.17665461754329903,11.590726949218354,Low,Normal
EVT000094,2026-08-12 06:09:01.735196,Brute Force,Asia,Laptop,3,798,60,0,12,1,-0.1577894818025949,16.610872382336826,Low,Normal
EVT000095,2026-08-12 06:17:01.735196,Unauthorized Access,Oceania,Router,3,605,42,0,24,1,-0.17572185035508214,11.838942864780856,Low,Normal
EVT000096,2026-08-12 06:25:01.735196,Malware,North America,Laptop,2,138,61,0,95,1,-0.17520446379994647,11.9766230695576,Low,Normal
EVT000097,2026-08-12 06:33:01.735196,Ransomware,Africa,Firewall,1,244,17,0,77,1,-0.15040217998515049,18.576685403331663,Low,Normal
EVT000098,2026-08-12 06:41:01.735196,Phishing,North America,Desktop,4,722,12,0,245,1,-0.18334291171117012,9.810924784861506,Low,Normal
EVT000099,2026-08-12 06:49:01.735196,Malware,Asia,Laptop,1,617,56,0,235,1,-0.19721151359161038,6.120392188077141,Low,Normal
EVT000100,2026-08-12 06:57:01.735196,Brute Force,North America,Desktop,2,476,37,0,286,1,-0.2143527642326684,1.5589847163048398,Low,Normal
EVT000101,2026-08-12 07:05:01.735196,DDoS,Africa,Laptop,1,615,98,0,327,1,-0.1587306137041274,16.360430557672586,Low,Normal
EVT000102,2026-08-12 07:13:01.735196,Phishing,Europe,Laptop,1,236,7,0,49,1,-0.11798984031065213,27.201837176957028,Low,Normal
EVT000103,2026-08-12 07:21:01.735196,Malware,Europe,Desktop,5,217,98,0,444,1,-0.1360141553812408,22.405440043621226,Low,Normal
EVT000104,2026-08-12 07:29:01.735196,DDoS,Oceania,Laptop,5,509,72,0,234,1,-0.19682268058219504,6.223863389307377,Low,Normal
EVT000105,2026-08-12 07:37:01.735196,Brute Force,North America,Router,4,993,15,0,342,1,-0.14977457454253318,18.7436956300197,Low,Normal
EVT000106,2026-08-12 07:45:01.735196,DDoS,Europe,Laptop,1,789,14,0,147,1,-0.16481593081662455,14.741084832771906,Low,Normal
EVT000107,2026-08-12 07:53:01.735196,DDoS,Asia,Desktop,4,884,13,0,417,1,-0.1628200026317128,15.272215374318865,Low,Normal
EVT000108,2026-08-12 08:01:01.735196,Phishing,Europe,Server,3,335,54,0,385,1,-0.19900521836942414,5.643074718832764,Low,Normal
EVT000109,2026-08-12 08:09:01.735196,DDoS,Asia,Desktop,5,448,76,0,238,1,-0.1887129259007448,8.38192620355745,Low,Normal
EVT000110,2026-08-12 08:17:01.735196,Ransomware,Asia,Firewall,1,824,41,0,388,1,-0.16581074865321266,14.476356802834806,Low,Normal
EVT000111,2026-08-12 08:25:01.735196,Unauthorized Access,Asia,Server,5,715,18,0,134,1,-0.16825326945258612,13.82638482252114,Low,Normal
EVT000112,2026-08-12 08:33:01.735196,Ransomware,Europe,Firewall,3,324,70,0,113,1,-0.19439980294251274,6.868608186537335,Low,Normal
EVT000113,2026-08-12 08:41:01.735196,Ransomware,North America,Server,3,278,76,0,24,1,-0.15449255832665681,17.488206929968012,Low,Normal
EVT000114,2026-08-12 08:49:01.735196,Ransomware,Oceania,Desktop,8,295,90,0,14,1,-0.05386642382378837,44.26552973963071,Medium,Normal
EVT000115,2026-08-12 08:57:01.735196,Unauthorized Access,North America,Router,3,327,92,0,24,1,-0.1420783471306229,20.791715926570213,Low,Normal
EVT000116,2026-08-12 09:05:01.735196,Phishing,Asia,Server,2,943,49,0,104,1,-0.17567683857647176,11.85092081595668,Low,Normal
EVT000117,2026-08-12 09:13:01.735196,Malware,Africa,Firewall,6,233,76,0,355,1,-0.1502977426599048,18.604476910829167,Low,Normal
EVT000118,2026-08-12 09:21:01.735196,Brute Force,Oceania,Laptop,3,722,64,0,365,1,-0.20069484138570576,5.193454139078514,Low,Normal
EVT000119,2026-08-12 09:29:01.735196,Malware,Oceania,Desktop,2,226,96,0,402,1,-0.15952090724885298,16.15012788167238,Low,Normal
EVT000120,2026-08-12 09:37:01.735196,Brute Force,North America,Desktop,5,504,94,0,191,1,-0.17047509077484801,13.235142526814128,Low,Normal
EVT000121,2026-08-12 09:45:01.735196,Brute Force,South America,Desktop,3,760,51,0,146,1,-0.20563919749228582,3.8777261703364854,Low,Normal
EVT000122,2026-08-12 09:53:01.735196,Ransomware,Africa,Laptop,3,343,29,0,303,1,-0.19888323673983344,5.675534889230207,Low,Normal
EVT000123,2026-08-12 10:01:01.735196,Brute Force,South America,Laptop,3,975,55,0,34,1,-0.15005478361035757,18.669130024370656,Low,Normal
EVT000124,2026-08-12 10:09:01.735196,Ransomware,South America,Firewall,4,761,30,0,478,1,-0.1665818630035657,14.271157845480658,Low,Normal
EVT000125,2026-08-12 10:17:01.735196,Ransomware,Asia,Laptop,6,426,5,0,487,1,-0.09659920871455385,32.89403483694928,Low,Normal
EVT000126,2026-08-12 10:25:01.735196,Unauthorized Access,Africa,Desktop,3,384,53,0,295,1,-0.2080747267701369,3.2296146831209684,Low,Normal
EVT000127,2026-08-12 10:33:01.735196,DDoS,Oceania,Laptop,5,212,98,0,328,1,-0.15156084300524303,18.268357016576907,Low,Normal
EVT000128,2026-08-12 10:41:01.735196,Brute Force,Europe,Server,1,154,7,0,467,1,-0.10184036572064292,31.499326059338717,Low,Normal
EVT000129,2026-08-12 10:49:01.735196,Brute Force,Oceania,Firewall,8,542,76,0,248,1,-0.1072180742658313,30.068279955836786,Low,Normal
EVT000130,2026-08-12 10:57:01.735196,Phishing,Oceania,Desktop,10,834,59,0,16,1,-0.0402188649018117,47.897241249002505,Medium,Normal
EVT000131,2026-08-12 11:05:01.735196,Phishing,Europe,Server,3,647,33,0,11,1,-0.16514905787019474,14.652437378567784,Low,Normal
EVT000132,2026-08-12 11:13:01.735196,DDoS,Africa,Server,123,12083,799,1,1553,-1,0.11229447541319038,88.4821148165978,High,Suspicious
EVT000133,2026-08-12 11:21:01.735196,Brute Force,Africa,Laptop,3,826,85,0,218,1,-0.19105021021317065,7.759958393296354,Low,Normal
EVT000134,2026-08-12 11:29:01.735196,DDoS,South America,Router,3,857,26,0,13,1,-0.14500734807750149,20.012288154134612,Low,Normal
EVT000135,2026-08-12 11:37:01.735196,Brute Force,Oceania,Server,4,227,89,0,50,1,-0.15188672727131897,18.18163691911498,Low,Normal
EVT000136,2026-08-12 11:45:01.735196,Malware,South America,Laptop,4,973,90,0,322,1,-0.14815383668593157,19.17498538382441,Low,Normal
EVT000137,2026-08-12 11:53:01.735196,Brute Force,Africa,Router,2,848,57,0,182,1,-0.19803564035097898,5.901086255471082,Low,Normal
EVT000138,2026-08-12 12:01:01.735196,Phishing,North America,Router,4,921,69,0,301,1,-0.18169004450766968,10.25076438406994,Low,Normal
EVT000139,2026-08-12 12:09:01.735196,DDoS,Oceania,Firewall,2,110,40,0,304,1,-0.16950407168768417,13.493537541983763,Low,Normal
EVT000140,2026-08-12 12:17:01.735196,Unauthorized Access,Asia,Router,4,411,37,0,248,1,-0.20646261247003622,3.658609647830046,Low,Normal
EVT000141,2026-08-12 12:25:01.735196,Brute Force,Africa,Router,2,606,77,0,82,1,-0.19562832248247286,6.541690488048653,Low,Normal
EVT000142,2026-08-12 12:33:01.735196,Unauthorized Access,South America,Laptop,2,715,46,0,300,1,-0.2080969811477304,3.223692636570203,Low,Normal
EVT000143,2026-08-12 12:41:01.735196,DDoS,South America,Desktop,5,143,63,0,454,1,-0.15031681655308804,18.599401213570918,Low,Normal
EVT000144,2026-08-12 12:49:01.735196,Brute Force,Asia,Firewall,3,691,92,0,488,1,-0.1500727061867307,18.664360700620968,Low,Normal
EVT000145,2026-08-12 12:57:01.735196,Phishing,Asia,Router,5,754,63,1,374,1,-0.04377397277969486,46.95120201436869,Medium,Normal
EVT000146,2026-08-12 13:05:01.735196,Ransomware,Europe,Desktop,1,115,75,1,291,1,-0.030802503877171095,50.40300120982004,Medium,Normal
EVT000147,2026-08-12 13:13:01.735196,Unauthorized Access,North America,Laptop,2,728,11,0,185,1,-0.18291058374357,9.925970300673741,Low,Normal
EVT000148,2026-08-12 13:21:01.735196,DDoS,Oceania,Laptop,1,576,86,0,381,1,-0.1704445674372591,13.243265001834006,Low,Normal
EVT000149,2026-08-12 13:29:01.735196,Malware,South America,Router,3,258,28,0,197,1,-0.1965294160082512,6.301903157046929,Low,Normal
EVT000150,2026-08-12 13:37:01.735196,DDoS,South America,Server,4,138,19,0,13,1,-0.12259211281960308,25.977140061848196,Low,Normal
EVT000151,2026-08-12 13:45:01.735196,DDoS,South America,Firewall,5,410,46,1,260,1,-0.05501751205114269,43.95921705855092,Medium,Normal
EVT000152,2026-08-12 13:53:01.735196,Malware,Africa,Router,7,344,61,0,245,1,-0.1296329739333249,24.103517351092513,Low,Normal
EVT000153,2026-08-12 14:01:01.735196,Ransomware,Asia,Router,5,102,49,0,167,1,-0.1503924167170298,18.579283477713002,Low,Normal
EVT000154,2026-08-12 14:09:01.735196,DDoS,Africa,Firewall,5,498,53,0,461,1,-0.17585726936821983,11.802906912020985,Low,Normal
EVT000155,2026-08-12 14:17:01.735196,Phishing,South America,Laptop,3,809,43,0,311,1,-0.20798028551102005,3.2547461670482427,Low,Normal
EVT000156,2026-08-12 14:25:01.735196,DDoS,North America,Router,4,683,24,0,319,1,-0.19334037428545725,7.150529610667701,Low,Normal
EVT000157,2026-08-12 14:33:01.735196,Brute Force,South America,Laptop,3,317,45,0,268,1,-0.2105243939639307,2.577740996940691,Low,Normal
EVT000158,2026-08-12 14:41:01.735196,Phishing,Africa,Firewall,4,119,65,0,428,1,-0.16123190443660962,15.694819484412239,Low,Normal
EVT000159,2026-08-12 14:49:01.735196,DDoS,Africa,Firewall,130,6290,916,1,1651,-1,0.11939916141263462,90.37272177877806,High,Suspicious
EVT000160,2026-08-12 14:57:01.735196,Malware,Oceania,Router,1,748,71,1,341,1,-0.047567196927929656,45.94179836383102,Medium,Normal
EVT000161,2026-08-12 15:05:01.735196,DDoS,Europe,Server,0,562,44,0,404,1,-0.14403330887882337,20.271486842240094,Low,Normal
EVT000162,2026-08-12 15:13:01.735196,Ransomware,Europe,Router,1,137,76,0,185,1,-0.1588757007842207,16.321821864231627,Low,Normal
EVT000163,2026-08-12 15:21:01.735196,DDoS,Asia,Router,1,415,52,0,462,1,-0.1619338895981412,15.508016290880159,Low,Normal
EVT000164,2026-08-12 15:29:01.735196,Malware,South America,Server,3,214,62,0,49,1,-0.17585227075397863,11.80423707846133,Low,Normal
EVT000165,2026-08-12 15:37:01.735196,Malware,Asia,Laptop,5,452,63,0,178,1,-0.19762535661816377,6.010265645213346,Low,Normal
EVT000166,2026-08-12 15:45:01.735196,Brute Force,North America,Server,3,766,42,0,142,1,-0.2057046633876794,3.8603052346855433,Low,Normal
EVT000167,2026-08-12 15:53:01.735196,Phishing,North America,Firewall,2,634,46,0,372,1,-0.20541619946231715,3.937067516040465,Low,Normal
EVT000168,2026-08-12 16:01:01.735196,Phishing,South America,Server,2,357,82,0,21,1,-0.14984143969126384,18.72590234320487,Low,Normal
EVT000169,2026-08-12 16:09:01.735196,Phishing,South America,Desktop,0,323,17,0,122,1,-0.12102291722016323,26.39471405815932,Low,Normal
EVT000170,2026-08-12 16:17:01.735196,Phishing,Africa,Firewall,2,547,92,0,335,1,-0.18474007814805837,9.439128959808556,Low,Normal
EVT000171,2026-08-12 16:25:01.735196,Brute Force,North America,Laptop,1,332,67,0,344,1,-0.179599047258995,10.807193472780313,Low,Normal
EVT000172,2026-08-12 16:33:01.735196,Malware,Africa,Server,4,830,68,0,415,1,-0.1773888490227984,11.395342783457618,Low,Normal
EVT000173,2026-08-12 16:41:01.735196,Unauthorized Access,Oceania,Router,2,219,86,0,201,1,-0.17854707742490367,11.087130051609027,Low,Normal
EVT000174,2026-08-12 16:49:01.735196,Brute Force,Europe,Server,4,128,15,0,376,1,-0.15228835861825535,18.07475999016877,Low,Normal
EVT000175,2026-08-12 16:57:01.735196,Brute Force,Europe,Server,4,384,8,0,406,1,-0.15778810234484486,16.611239465755634,Low,Normal
EVT000176,2026-08-12 17:05:01.735196,Ransomware,Oceania,Firewall,6,558,31,0,391,1,-0.15953097611147227,16.14744848644355,Low,Normal
EVT000177,2026-08-12 17:13:01.735196,Unauthorized Access,North America,Desktop,3,183,10,0,462,1,-0.14306218095314843,20.529910820103765,Low,Normal
EVT000178,2026-08-12 17:21:01.735196,Brute Force,Asia,Server,4,931,29,0,283,1,-0.18181821460175296,10.216657419703592,Low,Normal
EVT000179,2026-08-12 17:29:01.735196,Ransomware,North America,Router,5,690,31,0,208,1,-0.19350451270373697,7.106851222011936,Low,Normal
EVT000180,2026-08-12 17:37:01.735196,Malware,South America,Desktop,2,927,7,0,24,1,-0.1099000440768454,29.35458890777961,Low,Normal
EVT000181,2026-08-12 17:45:01.735196,DDoS,Oceania,Laptop,2,335,88,0,175,1,-0.18302289245761694,9.896084161200827,Low,Normal
EVT000182,2026-08-12 17:53:01.735196,Brute Force,Africa,Desktop,1,825,6,0,404,1,-0.13179528358689768,23.528111529392014,Low,Normal
EVT000183,2026-08-12 18:01:01.735196,Unauthorized Access,South America,Router,3,437,99,0,20,1,-0.12358218251483216,25.713675545754143,Low,Normal
EVT000184,2026-08-12 18:09:01.735196,Brute Force,Africa,Desktop,3,313,55,0,410,1,-0.19449244530151638,6.843955402594629,Low,Normal
EVT000185,2026-08-12 18:17:01.735196,Phishing,North America,Desktop,2,409,90,0,170,1,-0.18604366033360437,9.092236562880645,Low,Normal
EVT000186,2026-08-12 18:25:01.735196,Phishing,South America,Firewall,1,964,6,0,242,1,-0.12361274629859453,25.705542307722762,Low,Normal
EVT000187,2026-08-12 18:33:01.735196,DDoS,Asia,Server,1,215,30,0,203,1,-0.17038551402041857,13.258979531797468,Low,Normal
EVT000188,2026-08-12 18:41:01.735196,Ransomware,Europe,Router,4,527,53,1,326,1,-0.06109207340305378,42.342733517263866,Medium,Normal
EVT000189,2026-08-12 18:49:01.735196,Ransomware,Asia,Desktop,1,873,77,0,425,1,-0.15268200821337063,17.97000706157451,Low,Normal
EVT000190,2026-08-12 18:57:01.735196,Brute Force,Asia,Firewall,6,558,88,0,399,1,-0.14211972427060365,20.780705178321966,Low,Normal
EVT000191,2026-08-12 19:05:01.735196,Phishing,North America,Laptop,74,6266,421,1,1870,-1,0.11248773066590534,88.53354139988232,High,Suspicious
EVT000192,2026-08-12 19:13:01.735196,DDoS,Africa,Laptop,3,794,36,0,91,1,-0.1968827191881899,6.207886693574118,Low,Normal
EVT000193,2026-08-12 19:21:01.735196,Brute Force,Oceania,Router,0,822,26,0,321,1,-0.14185745605872319,20.85049659589884,Low,Normal
EVT000194,2026-08-12 19:29:01.735196,Malware,North America,Desktop,4,306,11,0,359,1,-0.1685818067040048,13.738958746982219,Low,Normal
EVT000195,2026-08-12 19:37:01.735196,Brute Force,Europe,Desktop,7,707,40,0,363,1,-0.12859338058234204,24.380160460634333,Low,Normal
EVT000196,2026-08-12 19:45:01.735196,Ransomware,South America,Firewall,4,470,62,0,277,1,-0.21482877965569275,1.4323136610399931,Low,Normal
EVT000197,2026-08-12 19:53:01.735196,DDoS,Oceania,Firewall,3,893,12,0,487,1,-0.13657497943997682,22.256200813331883,Low,Normal
EVT000198,2026-08-12 20:01:01.735196,Brute Force,South America,Desktop,1,433,6,0,334,1,-0.15277404145933926,17.94551636689864,Low,Normal
EVT000199,2026-08-12 20:09:01.735196,Phishing,North America,Laptop,1,601,64,0,23,1,-0.15311001713354017,17.8561108746901,Low,Normal
EVT000200,2026-08-12 20:17:01.735196,Brute Force,Africa,Laptop,3,990,93,1,75,1,-0.009213027422708131,56.14811288651161,Medium,Normal
EVT000201,2026-08-12 20:25:01.735196,Brute Force,South America,Desktop,1,548,44,0,173,1,-0.19973878813955642,5.44786663859311,Low,Normal
EVT000202,2026-08-12 20:33:01.735196,Unauthorized Access,Africa,Desktop,3,369,84,0,275,1,-0.19313207439492996,7.2059596779899,Low,Normal
EVT000203,2026-08-12 20:41:01.735196,Phishing,Asia,Laptop,2,875,47,0,322,1,-0.19285366942441767,7.280045200643159,Low,Normal
EVT000204,2026-08-12 20:49:01.735196,Ransomware,North America,Firewall,1,220,41,0,213,1,-0.18007605037399055,10.680259585728473,Low,Normal
EVT000205,2026-08-12 20:57:01.735196,Malware,North America,Firewall,5,981,82,0,302,1,-0.15130195970360105,18.337247685709197,Low,Normal
EVT000206,2026-08-12 21:05:01.735196,Phishing,Oceania,Router,1,218,39,0,254,1,-0.17960176324326943,10.806470730244076,Low,Normal
EVT000207,2026-08-12 21:13:01.735196,Malware,Africa,Desktop,1,790,82,0,285,1,-0.17682303377446867,11.545910204436332,Low,Normal
EVT000208,2026-08-12 21:21:01.735196,DDoS,Asia,Laptop,2,316,54,1,48,1,-0.04287262759620303,47.19105631325968,Medium,Normal
EVT000209,2026-08-12 21:29:01.735196,Ransomware,South America,Server,4,483,49,0,443,1,-0.1916943049245557,7.588560256103055,Low,Normal
EVT000210,2026-08-12 21:37:01.735196,DDoS,South America,Server,3,875,33,0,14,1,-0.14706605092979896,19.464452831656125,Low,Normal
EVT000211,2026-08-12 21:45:01.735196,Brute Force,North America,Laptop,5,244,30,0,241,1,-0.1815432723849713,10.289821479210982,Low,Normal
EVT000212,2026-08-12 21:53:01.735196,Unauthorized Access,Asia,Server,4,386,84,0,313,1,-0.18888765673670443,8.335429097985337,Low,Normal
EVT000213,2026-08-12 22:01:01.735196,Malware,Africa,Router,2,803,74,0,170,1,-0.19161076654598125,7.610790406760586,Low,Normal
EVT000214,2026-08-12 22:09:01.735196,Unauthorized Access,Europe,Firewall,6,593,8,0,463,1,-0.1194813854102848,26.80492652531219,Low,Normal
EVT000215,2026-08-12 22:17:01.735196,DDoS,Asia,Firewall,5,554,93,0,74,1,-0.16290412392129605,15.24983010693814,Low,Normal
EVT000216,2026-08-12 22:25:01.735196,Ransomware,Africa,Firewall,3,572,37,0,300,1,-0.21569706727269683,1.2012562133201037,Low,Normal
EVT000217,2026-08-12 22:33:01.735196,Brute Force,North America,Laptop,1,966,76,0,339,1,-0.14200168760695447,20.812115565509394,Low,Normal
EVT000218,2026-08-12 22:41:01.735196,Ransomware,Oceania,Server,7,232,52,0,309,1,-0.12813312265405885,24.50263833561416,Low,Normal
EVT000219,2026-08-12 22:49:01.735196,Phishing,Africa,Server,5,120,27,0,345,1,-0.15237601900698444,18.051432943589703,Low,Normal
EVT000220,2026-08-12 22:57:01.735196,DDoS,South America,Firewall,4,888,17,0,299,1,-0.1733997981711729,12.456857298407913,Low,Normal
EVT000221,2026-08-12 23:05:01.735196,Malware,Europe,Desktop,3,768,32,0,153,1,-0.20265930198291565,4.670697344154105,Low,Normal
EVT000222,2026-08-12 23:13:01.735196,Brute Force,South America,Server,2,688,8,0,359,1,-0.16852501084624588,13.754072524580613,Low,Normal
EVT000223,2026-08-12 23:21:01.735196,Ransomware,Oceania,Firewall,2,258,75,0,250,1,-0.19222785252042346,7.4465794846120925,Low,Normal
EVT000224,2026-08-12 23:29:01.735196,Phishing,South America,Server,5,475,49,0,388,1,-0.18920619778956804,8.250663081256198,Low,Normal
EVT000225,2026-08-12 23:37:01.735196,Brute Force,Europe,Desktop,0,217,25,0,402,1,-0.11670718436859118,27.54316095317064,Low,Normal
EVT000226,2026-08-12 23:45:01.735196,Malware,North America,Laptop,3,781,76,0,58,1,-0.18275133233879437,9.968348220630983,Low,Normal
EVT000227,2026-08-12 23:53:01.735196,Unauthorized Access,Oceania,Firewall,3,159,43,0,155,1,-0.18656622620774388,8.953178104854032,Low,Normal
EVT000228,2026-08-13 00:01:01.735196,DDoS,North America,Router,2,680,51,0,117,1,-0.2085468667568111,3.1039749087523605,Low,Normal
EVT000229,2026-08-13 00:09:01.735196,Brute Force,South America,Desktop,2,531,41,0,485,1,-0.17296520700547102,12.572505067168176,Low,Normal
EVT000230,2026-08-13 00:17:01.735196,DDoS,South America,Server,2,176,61,0,267,1,-0.1919495338353846,7.520642046093413,Low,Normal
EVT000231,2026-08-13 00:25:01.735196,DDoS,Oceania,Desktop,3,736,43,0,468,1,-0.18136266223704134,10.337883111089367,Low,Normal
EVT000232,2026-08-13 00:33:01.735196,Malware,North America,Laptop,2,317,46,0,118,1,-0.20410276818739537,4.28658082498989,Low,Normal
EVT000233,2026-08-13 00:41:01.735196,Unauthorized Access,Africa,Server,1,452,40,0,145,1,-0.19792978365399694,5.929255467780157,Low,Normal
EVT000234,2026-08-13 00:49:01.735196,Brute Force,Asia,Firewall,3,927,6,0,437,1,-0.13385882441500435,22.97898878749084,Low,Normal
EVT000235,2026-08-13 00:57:01.735196,Phishing,South America,Firewall,31,10291,913,1,1932,-1,0.13336941903911548,94.09030568525084,High,Suspicious
EVT000236,2026-08-13 01:05:01.735196,Ransomware,Europe,Firewall,4,552,81,0,312,1,-0.1984158289686836,5.7999153877324865,Low,Normal
EVT000237,2026-08-13 01:13:01.735196,DDoS,North America,Router,2,732,59,0,154,1,-0.20607623625953625,3.7614270775727836,Low,Normal
EVT000238,2026-08-13 01:21:01.735196,Ransomware,Asia,Server,4,726,9,0,257,1,-0.17597884804203212,11.77055397099303,Low,Normal
EVT000239,2026-08-13 01:29:01.735196,Ransomware,South America,Router,4,842,36,0,281,1,-0.1926435251540552,7.335966070424127,Low,Normal
EVT000240,2026-08-13 01:37:01.735196,DDoS,Africa,Server,2,903,27,0,75,1,-0.17333845031211725,12.473182395597927,Low,Normal
EVT000241,2026-08-13 01:45:01.735196,Ransomware,Asia,Desktop,2,548,79,0,199,1,-0.2042052869081324,4.259299871659315,Low,Normal
EVT000242,2026-08-13 01:53:01.735196,DDoS,Africa,Server,7,338,53,0,91,1,-0.11891094442836353,26.956724886565265,Low,Normal
EVT000243,2026-08-13 02:01:01.735196,Unauthorized Access,South America,Router,4,106,56,0,408,1,-0.15551451534179334,17.21625697355654,Low,Normal
EVT000244,2026-08-13 02:09:01.735196,Unauthorized Access,Asia,Firewall,2,565,82,1,265,1,-0.05719505986383633,43.37975625543014,Medium,Normal
EVT000245,2026-08-13 02:17:01.735196,Brute Force,South America,Server,4,932,84,0,390,1,-0.1593936874524437,16.183981965137487,Low,Normal
EVT000246,2026-08-13 02:25:01.735196,Unauthorized Access,Europe,Desktop,4,636,83,1,453,1,-0.04040803846677399,47.84690083156447,Medium,Normal
EVT000247,2026-08-13 02:33:01.735196,Brute Force,South America,Server,4,927,67,0,358,1,-0.17504493377470126,12.019075132383318,Low,Normal
EVT000248,2026-08-13 02:41:01.735196,Brute Force,Africa,Laptop,144,11488,941,1,1081,-1,0.13663854814808507,94.96024395615649,High,Suspicious
EVT000249,2026-08-13 02:49:01.735196,Ransomware,Africa,Server,2,556,91,0,108,1,-0.1799875435312665,10.703811879674717,Low,Normal
EVT000250,2026-08-13 02:57:01.735196,Malware,Europe,Server,2,362,84,0,106,1,-0.18409660024135244,9.610362960934376,Low,Normal
EVT000251,2026-08-13 03:05:01.735196,Malware,Oceania,Laptop,5,223,42,0,72,1,-0.17157914607730002,12.941345638167528,Low,Normal
EVT000252,2026-08-13 03:13:01.735196,Brute Force,Asia,Firewall,4,625,75,0,95,1,-0.1971672152755275,6.1321802818515465,Low,Normal
EVT000253,2026-08-13 03:21:01.735196,DDoS,South America,Router,2,504,83,0,480,1,-0.15732178998030805,16.73532846884641,Low,Normal
EVT000254,2026-08-13 03:29:01.735196,Unauthorized Access,Europe,Router,2,312,94,0,222,1,-0.18093342123538697,10.452107163530876,Low,Normal
EVT000255,2026-08-13 03:37:01.735196,Unauthorized Access,Africa,Laptop,1,771,40,0,197,1,-0.18723396055431757,8.775489294311546,Low,Normal
EVT000256,2026-08-13 03:45:01.735196,Ransomware,South America,Desktop,3,609,72,0,121,1,-0.20695614921591,3.5272760452030303,Low,Normal
EVT000257,2026-08-13 03:53:01.735196,Unauthorized Access,Asia,Server,4,120,46,0,114,1,-0.16619119457581588,14.375117464451234,Low,Normal
EVT000258,2026-08-13 04:01:01.735196,Ransomware,Africa,Firewall,4,196,14,0,453,1,-0.1529054784316604,17.91054006323403,Low,Normal
EVT000259,2026-08-13 04:09:01.735196,DDoS,Europe,Router,5,954,92,0,78,1,-0.1271379308698098,24.767465875656473,Low,Normal
EVT000260,2026-08-13 04:17:01.735196,Ransomware,Asia,Firewall,3,604,91,0,118,1,-0.18398736713361102,9.639430659916801,Low,Normal
EVT000261,2026-08-13 04:25:01.735196,DDoS,South America,Desktop,2,247,25,0,424,1,-0.17352699532401095,12.423009240556528,Low,Normal
EVT000262,2026-08-13 04:33:01.735196,Brute Force,Europe,Firewall,4,590,62,0,359,1,-0.20585697455743907,3.819774160126024,Low,Normal
EVT000263,2026-08-13 04:41:01.735196,DDoS,North America,Desktop,2,722,96,0,145,1,-0.16726994801277484,14.088053580340098,Low,Normal
EVT000264,2026-08-13 04:49:01.735196,Brute Force,South America,Router,3,660,40,0,87,1,-0.20851311690372493,3.112955982261069,Low,Normal
EVT000265,2026-08-13 04:57:01.735196,Brute Force,Europe,Router,2,866,14,0,149,1,-0.17918470884036014,10.917451842964597,Low,Normal
EVT000266,2026-08-13 05:05:01.735196,Phishing,Africa,Firewall,2,259,99,0,297,1,-0.15990815386962615,16.047078829628166,Low,Normal
EVT000267,2026-08-13 05:13:01.735196,Malware,South America,Server,2,501,59,0,497,1,-0.15759228887396304,16.663346808904482,Low,Normal
EVT000268,2026-08-13 05:21:01.735196,DDoS,North America,Laptop,4,824,48,0,183,1,-0.19658791976195145,6.286334896314781,Low,Normal
EVT000269,2026-08-13 05:29:01.735196,Brute Force,Europe,Server,0,221,36,0,48,1,-0.1127224601925047,28.603524109299755,Low,Normal
EVT000270,2026-08-13 05:37:01.735196,Ransomware,Asia,Firewall,6,746,27,0,212,1,-0.16012851094151787,15.988440261461085,Low,Normal
EVT000271,2026-08-13 05:45:01.735196,Brute Force,North America,Desktop,3,880,86,0,222,1,-0.1799290271043097,10.719383512849653,Low,Normal
EVT000272,2026-08-13 05:53:01.735196,Unauthorized Access,South America,Desktop,5,782,41,0,193,1,-0.18846660579589408,8.447473717577372,Low,Normal
EVT000273,2026-08-13 06:01:01.735196,DDoS,Africa,Server,2,129,43,0,290,1,-0.18280928869999918,9.952925624895574,Low,Normal
EVT000274,2026-08-13 06:09:01.735196,Phishing,Oceania,Desktop,3,228,9,0,397,1,-0.15447402262222398,17.493139411410873,Low,Normal
EVT000275,2026-08-13 06:17:01.735196,Brute Force,North America,Router,1,973,93,0,393,1,-0.112794263232882,28.584416814754487,Low,Normal
EVT000276,2026-08-13 06:25:01.735196,Brute Force,Oceania,Server,5,333,94,0,21,1,-0.12546958930059732,25.211423312522026,Low,Normal
EVT000277,2026-08-13 06:33:01.735196,Brute Force,Asia,Server,4,854,99,0,321,1,-0.15383083804671965,17.66429535503886,Low,Normal
EVT000278,2026-08-13 06:41:01.735196,Malware,Asia,Desktop,55,6828,768,1,1521,-1,0.0783313111184909,79.44427769357034,High,Suspicious
EVT000279,2026-08-13 06:49:01.735196,Phishing,Europe,Firewall,1,137,50,0,66,1,-0.14985245162547983,18.72297198998483,Low,Normal
EVT000280,2026-08-13 06:57:01.735196,Brute Force,Europe,Laptop,5,797,59,0,385,1,-0.17417268947786935,12.25118548046083,Low,Normal
EVT000281,2026-08-13 07:05:01.735196,Unauthorized Access,South America,Firewall,5,977,87,0,118,1,-0.13071635767717193,23.815221309720616,Low,Normal
EVT000282,2026-08-13 07:13:01.735196,DDoS,Africa,Laptop,5,449,59,0,490,1,-0.15582550752042906,17.1334997654043,Low,Normal
EVT000283,2026-08-13 07:21:01.735196,Brute Force,Asia,Router,1,862,96,0,468,1,-0.11925746390394426,26.864513614580094,Low,Normal
EVT000284,2026-08-13 07:29:01.735196,Malware,South America,Desktop,2,297,8,0,56,1,-0.14057348020778043,21.192171609158194,Low,Normal
EVT000285,2026-08-13 07:37:01.735196,Phishing,North America,Router,1,177,79,0,99,1,-0.16103615509093577,15.746909763391795,Low,Normal
EVT000286,2026-08-13 07:45:01.735196,Unauthorized Access,Asia,Router,2,149,7,0,122,1,-0.13725488028464028,22.075274411994297,Low,Normal
EVT000287,2026-08-13 07:53:01.735196,DDoS,Asia,Laptop,5,646,50,0,78,1,-0.18802482048419927,8.56503589923389,Low,Normal
EVT000288,2026-08-13 08:01:01.735196,DDoS,North America,Laptop,4,681,94,0,240,1,-0.17591379726689665,11.787864440220797,Low,Normal
EVT000289,2026-08-13 08:09:01.735196,Ransomware,Africa,Desktop,3,908,58,0,373,1,-0.1855530208169887,9.22279919240528,Low,Normal
EVT000290,2026-08-13 08:17:01.735196,Ransomware,North America,Router,4,975,34,0,400,1,-0.1579622745105963,16.56489102625902,Low,Normal
EVT000291,2026-08-13 08:25:01.735196,Unauthorized Access,Oceania,Server,3,281,99,0,214,1,-0.16180403403107252,15.54257177147383,Low,Normal
EVT000292,2026-08-13 08:33:01.735196,Brute Force,South America,Desktop,1,327,60,0,347,1,-0.1849538419953713,9.382244895118879,Low,Normal
EVT000293,2026-08-13 08:41:01.735196,Phishing,Africa,Desktop,3,618,74,0,475,1,-0.17673765366207966,11.568630453427918,Low,Normal
EVT000294,2026-08-13 08:49:01.735196,Phishing,Africa,Desktop,3,525,30,0,393,1,-0.19823282287526023,5.848614597574369,Low,Normal
EVT000295,2026-08-13 08:57:01.735196,Brute Force,Oceania,Laptop,3,698,94,0,314,1,-0.17970009952590088,10.780302753138194,Low,Normal
EVT000296,2026-08-13 09:05:01.735196,Brute Force,Oceania,Server,4,277,72,0,336,1,-0.19832363746000298,5.824448197230205,Low,Normal
EVT000297,2026-08-13 09:13:01.735196,DDoS,North America,Firewall,4,142,45,0,186,1,-0.18647098919264105,8.978521345051385,Low,Normal
EVT000298,2026-08-13 09:21:01.735196,Phishing,North America,Desktop,1,297,69,0,14,1,-0.13996758736819237,21.353403959321167,Low,Normal
EVT000299,2026-08-13 09:29:01.735196,DDoS,Europe,Laptop,6,443,44,0,68,1,-0.15108461633934278,18.395084285058203,Low,Normal
EVT000300,2026-08-13 09:37:01.735196,Unauthorized Access,Asia,Firewall,1,930,53,0,400,1,-0.15287022430175262,17.919921435395235,Low,Normal
EVT000301,2026-08-13 09:45:01.735196,Ransomware,Europe,Desktop,4,843,89,0,125,1,-0.16533812973976864,14.60212402298855,Low,Normal
EVT000302,2026-08-13 09:53:01.735196,DDoS,Asia,Desktop,5,859,7,0,106,1,-0.14087256950356103,21.112581841931238,Low,Normal
EVT000303,2026-08-13 10:01:01.735196,DDoS,North America,Laptop,4,526,23,0,276,1,-0.2022010551272917,4.792640058541148,Low,Normal
EVT000304,2026-08-13 10:09:01.735196,Phishing,Oceania,Router,2,575,45,0,94,1,-0.2113511707168294,2.357729882400039,Low,Normal
EVT000305,2026-08-13 10:17:01.735196,Unauthorized Access,Asia,Server,2,337,86,0,477,1,-0.15430234649382824,17.538823637794778,Low,Normal
EVT000306,2026-08-13 10:25:01.735196,Malware,Asia,Firewall,3,382,44,0,229,1,-0.2112629989666916,2.381193005849999,Low,Normal
EVT000307,2026-08-13 10:33:01.735196,Ransomware,Oceania,Desktop,1,712,36,0,116,1,-0.18481835855267492,9.418297993037907,Low,Normal
EVT000308,2026-08-13 10:41:01.735196,Brute Force,Asia,Server,4,913,20,1,118,1,-0.03908789890060904,48.19819926404077,Medium,Normal
EVT000309,2026-08-13 10:49:01.735196,DDoS,North America,Firewall,5,346,31,0,140,1,-0.18493638251152789,9.38689098668619,Low,Normal
EVT000310,2026-08-13 10:57:01.735196,Unauthorized Access,Asia,Firewall,3,744,65,0,274,1,-0.20838558565422594,3.146892945586007,Low,Normal
EVT000311,2026-08-13 11:05:01.735196,Malware,Oceania,Router,4,463,77,0,235,1,-0.20385660013457946,4.35208787689289,Low,Normal
EVT000312,2026-08-13 11:13:01.735196,Ransomware,Oceania,Router,4,317,66,0,172,1,-0.20086976032287235,5.146906978450979,Low,Normal
EVT000313,2026-08-13 11:21:01.735196,Malware,North America,Desktop,1,437,62,0,288,1,-0.19376283715303416,7.038109267422972,Low,Normal
EVT000314,2026-08-13 11:29:01.735196,Malware,North America,Laptop,6,371,38,0,433,1,-0.1480273437894789,19.20864603409361,Low,Normal
EVT000315,2026-08-13 11:37:01.735196,Phishing,South America,Router,0,146,43,0,157,1,-0.12691948551382437,24.825595722762213,Low,Normal
EVT000316,2026-08-13 11:45:01.735196,Brute Force,Oceania,Firewall,3,615,62,0,303,1,-0.21273897310877005,1.9884258956314997,Low,Normal
EVT000317,2026-08-13 11:53:01.735196,Brute Force,Oceania,Laptop,1,412,57,0,151,1,-0.1896903431762545,8.121828585425071,Low,Normal
EVT000318,2026-08-13 12:01:01.735196,Brute Force,North America,Router,3,306,86,0,143,1,-0.18508448608321415,9.347479583595932,Low,Normal
EVT000319,2026-08-13 12:09:01.735196,Ransomware,North America,Desktop,2,987,50,0,109,1,-0.16766704064956928,13.982384434115646,Low,Normal
EVT000320,2026-08-13 12:17:01.735196,DDoS,Europe,Desktop,1,758,34,0,93,1,-0.1732969867447237,12.484216142789174,Low,Normal
EVT000321,2026-08-13 12:25:01.735196,Brute Force,Asia,Firewall,0,523,92,0,111,1,-0.11746164741894072,27.34239302397431,Low,Normal
EVT000322,2026-08-13 12:33:01.735196,Brute Force,Asia,Server,4,812,32,0,336,1,-0.19451216186697162,6.838708685720318,Low,Normal
EVT000323,2026-08-13 12:41:01.735196,Phishing,North America,Router,5,219,42,0,173,1,-0.18621111931911416,9.047674547907818,Low,Normal
EVT000324,2026-08-13 12:49:01.735196,Phishing,Oceania,Firewall,1,419,37,0,98,1,-0.1871297272045691,8.803226522493231,Low,Normal
EVT000325,2026-08-13 12:57:01.735196,Malware,Asia,Laptop,2,433,98,0,77,1,-0.1569231077289014,16.841420622710224,Low,Normal
EVT000326,2026-08-13 13:05:01.735196,Unauthorized Access,Europe,Server,6,161,52,0,44,1,-0.12369892020247125,25.68261082522792,Low,Normal
EVT000327,2026-08-13 13:13:01.735196,Unauthorized Access,Europe,Firewall,4,968,71,0,210,1,-0.1727970060190594,12.617264533804743,Low,Normal
EVT000328,2026-08-13 13:21:01.735196,Phishing,Asia,Laptop,7,687,50,0,370,1,-0.12997901588559096,24.01143315142319,Low,Normal
EVT000329,2026-08-13 13:29:01.735196,Unauthorized Access,North America,Desktop,2,632,55,0,166,1,-0.21660550843597753,0.9595136242508646,Low,Normal
EVT000330,2026-08-13 13:37:01.735196,Phishing,Europe,Firewall,3,175,49,1,203,1,-0.049419537519640455,45.44887749170641,Medium,Normal
EVT000331,2026-08-13 13:45:01.735196,Phishing,North America,Server,3,361,90,0,410,1,-0.16812425859485053,13.860715520014432,Low,Normal
EVT000332,2026-08-13 13:53:01.735196,Ransomware,Europe,Firewall,0,361,94,0,476,1,-0.09124901221444226,34.31775979156862,Low,Normal
EVT000333,2026-08-13 14:01:01.735196,Phishing,Asia,Server,3,523,18,0,246,1,-0.20167038237160073,4.93385581482189,Low,Normal
EVT000334,2026-08-13 14:09:01.735196,DDoS,Africa,Server,4,235,47,0,362,1,-0.19432364585359435,6.888874124052345,Low,Normal
EVT000335,2026-08-13 14:17:01.735196,DDoS,South America,Desktop,4,481,13,0,314,1,-0.1857659561237619,9.166135608186234,Low,Normal
EVT000336,2026-08-13 14:25:01.735196,Malware,South America,Firewall,2,282,45,0,201,1,-0.208594608566885,3.091270476984392,Low,Normal
EVT000337,2026-08-13 14:33:01.735196,Unauthorized Access,North America,Firewall,3,100,44,0,341,1,-0.16871180040559386,13.704366507820195,Low,Normal
EVT000338,2026-08-13 14:41:01.735196,Brute Force,North America,Server,4,701,96,0,17,1,-0.12582726524671706,25.11624322518371,Low,Normal
EVT000339,2026-08-13 14:49:01.735196,DDoS,South America,Server,1,769,51,0,184,1,-0.1881371050411051,8.535156188146296,Low,Normal
EVT000340,2026-08-13 14:57:01.735196,DDoS,North America,Server,5,850,32,0,122,1,-0.17380768215843445,12.348316497851936,Low,Normal
EVT000341,2026-08-13 15:05:01.735196,Phishing,North America,Laptop,1,754,45,0,456,1,-0.15922306339767495,16.229386227322536,Low,Normal
EVT000342,2026-08-13 15:13:01.735196,Brute Force,Africa,Firewall,5,812,43,0,93,1,-0.17428601633079988,12.221028407063187,Low,Normal
EVT000343,2026-08-13 15:21:01.735196,DDoS,Africa,Firewall,8,410,49,0,366,1,-0.11016042576070223,29.28529950859118,Low,Normal
EVT000344,2026-08-13 15:29:01.735196,Unauthorized Access,Africa,Router,2,378,28,0,293,1,-0.19701210193231672,6.173457034493999,Low,Normal
EVT000345,2026-08-13 15:37:01.735196,Brute Force,North America,Firewall,3,172,57,0,39,1,-0.1631344885611271,15.188528454488079,Low,Normal
EVT000346,2026-08-13 15:45:01.735196,Phishing,South America,Router,6,659,36,0,322,1,-0.16780745118928553,13.945020200992357,Low,Normal
EVT000347,2026-08-13 15:53:01.735196,DDoS,Asia,Router,0,479,37,0,299,1,-0.15834273799602322,16.46364701428442,Low,Normal
EVT000348,2026-08-13 16:01:01.735196,Brute Force,North America,Desktop,2,667,69,0,157,1,-0.2081032638406921,3.222020767742279,Low,Normal
EVT000349,2026-08-13 16:09:01.735196,Brute Force,Asia,Desktop,3,578,95,0,314,1,-0.18761121435393585,8.675099402327149,Low,Normal
EVT000350,2026-08-13 16:17:01.735196,Brute Force,South America,Server,2,787,60,1,330,1,-0.052767807980652726,44.55787914985886,Medium,Normal
EVT000351,2026-08-13 16:25:01.735196,Malware,North America,Router,1,533,73,0,353,1,-0.18473069921278112,9.441624760514513,Low,Normal
EVT000352,2026-08-13 16:33:01.735196,Brute Force,Asia,Laptop,3,462,68,0,60,1,-0.1902648597776323,7.968945673141829,Low,Normal
EVT000353,2026-08-13 16:41:01.735196,Unauthorized Access,Africa,Firewall,0,926,19,0,435,1,-0.10221909370345572,31.39854387682785,Low,Normal
EVT000354,2026-08-13 16:49:01.735196,Malware,South America,Desktop,3,186,10,0,210,1,-0.1666084158627255,14.264091942723342,Low,Normal
EVT000355,2026-08-13 16:57:01.735196,DDoS,Oceania,Server,4,377,72,1,498,1,-0.03153159814080442,50.20898409336779,Medium,Normal
EVT000356,2026-08-13 17:05:01.735196,Unauthorized Access,Asia,Desktop,5,515,55,0,350,1,-0.19553374975700355,6.566856956097858,Low,Normal
EVT000357,2026-08-13 17:13:01.735196,Unauthorized Access,Europe,Laptop,4,703,67,0,492,1,-0.15982496417382108,16.069216193346,Low,Normal
EVT000358,2026-08-13 17:21:01.735196,Phishing,North America,Desktop,2,608,21,0,347,1,-0.19017536971803195,7.9927596080208065,Low,Normal
EVT000359,2026-08-13 17:29:01.735196,Ransomware,North America,Desktop,3,952,12,0,154,1,-0.16381077276699402,15.00856446619577,Low,Normal
EVT000360,2026-08-13 17:37:01.735196,DDoS,Africa,Firewall,4,921,49,0,255,1,-0.18710137890192913,8.810770205400727,Low,Normal
EVT000361,2026-08-13 17:45:01.735196,Brute Force,Africa,Server,2,283,24,0,21,1,-0.14979071788912696,18.739399771840258,Low,Normal
EVT000362,2026-08-13 17:53:01.735196,Brute Force,Oceania,Desktop,3,919,74,0,259,1,-0.18318795164420337,9.852160749616342,Low,Normal
EVT000363,2026-08-13 18:01:01.735196,Ransomware,Oceania,Desktop,120,9699,986,1,1471,-1,0.11645083540480694,89.58815147157347,High,Suspicious
EVT000364,2026-08-13 18:09:01.735196,Ransomware,North America,Laptop,3,948,85,0,361,1,-0.16589209548216766,14.454709838959745,Low,Normal
EVT000365,2026-08-13 18:17:01.735196,Unauthorized Access,Oceania,Router,2,936,17,1,198,1,-0.037726035914506295,48.56060059229973,Medium,Normal
EVT000366,2026-08-13 18:25:01.735196,Brute Force,Oceania,Server,1,579,26,0,180,1,-0.1863669002982577,9.006220132643431,Low,Normal
EVT000367,2026-08-13 18:33:01.735196,Unauthorized Access,Europe,Router,6,385,61,0,172,1,-0.1706357412335509,13.192392308757356,Low,Normal
EVT000368,2026-08-13 18:41:01.735196,Ransomware,Europe,Desktop,4,164,40,0,10,1,-0.1366287472040537,22.241892832780373,Low,Normal
EVT000369,2026-08-13 18:49:01.735196,Ransomware,Africa,Firewall,1,747,9,0,210,1,-0.15994504874415616,16.03726084377198,Low,Normal
EVT000370,2026-08-13 18:57:01.735196,Malware,Europe,Laptop,3,364,38,0,393,1,-0.19591187306754215,6.466235681136114,Low,Normal
EVT000371,2026-08-13 19:05:01.735196,Malware,Oceania,Server,1,174,76,0,197,1,-0.1647154029694936,14.767836000619944,Low,Normal
EVT000372,2026-08-13 19:13:01.735196,Brute Force,South America,Router,2,182,20,0,154,1,-0.17515842165921502,11.988875207347698,Low,Normal
EVT000373,2026-08-13 19:21:01.735196,DDoS,Asia,Laptop,3,549,94,0,120,1,-0.18118572596502863,10.3849670987217,Low,Normal
EVT000374,2026-08-13 19:29:01.735196,Malware,Asia,Router,3,731,59,0,230,1,-0.2104797370466705,2.589624517012968,Low,Normal
EVT000375,2026-08-13 19:37:01.735196,Brute Force,Oceania,Firewall,4,502,57,0,290,1,-0.2079309438653843,3.2678763263222312,Low,Normal
EVT000376,2026-08-13 19:45:01.735196,Brute Force,Asia,Server,3,109,76,0,157,1,-0.15636518288609458,16.98988835123002,Low,Normal
EVT000377,2026-08-13 19:53:01.735196,Unauthorized Access,North America,Server,5,802,8,0,480,1,-0.11831340467265822,27.115734422300452,Low,Normal
EVT000378,2026-08-13 20:01:01.735196,Phishing,Europe,Desktop,2,389,86,0,136,1,-0.18361187507204008,9.739351741003984,Low,Normal
EVT000379,2026-08-13 20:09:01.735196,Malware,North America,Router,1,690,61,0,358,1,-0.18655297207105181,8.956705123938292,Low,Normal
EVT000380,2026-08-13 20:17:01.735196,Phishing,Europe,Router,0,195,90,0,352,1,-0.11586400961637339,27.767535690773716,Low,Normal
EVT000381,2026-08-13 20:25:01.735196,Phishing,Africa,Firewall,4,767,15,0,116,1,-0.17481595451187254,12.080008126259857,Low,Normal
EVT000382,2026-08-13 20:33:01.735196,Ransomware,North America,Router,5,276,74,0,469,1,-0.15830033673062482,16.474930289516248,Low,Normal
EVT000383,2026-08-13 20:41:01.735196,Malware,South America,Server,2,927,95,0,448,1,-0.13607390843330697,22.389539335798716,Low,Normal
EVT000384,2026-08-13 20:49:01.735196,Malware,Asia,Firewall,0,122,89,0,22,1,-0.06255548903099506,41.95330831607051,Medium,Normal
EVT000385,2026-08-13 20:57:01.735196,DDoS,Oceania,Router,2,551,51,0,210,1,-0.2158395546265186,1.1633393253423439,Low,Normal
EVT000386,2026-08-13 21:05:01.735196,DDoS,North America,Desktop,3,200,52,0,50,1,-0.17293059734234112,12.58171494218267,Low,Normal
EVT000387,2026-08-13 21:13:01.735196,Unauthorized Access,South America,Desktop,2,326,75,0,219,1,-0.19935785244028964,5.549236309994931,Low,Normal
EVT000388,2026-08-13 21:21:01.735196,Malware,Europe,Router,5,199,91,0,171,1,-0.15761013441224453,16.65859798553333,Low,Normal
EVT000389,2026-08-13 21:29:01.735196,Unauthorized Access,North America,Router,2,102,32,1,437,1,-0.02545983523618156,51.82472294813009,Medium,Normal
EVT000390,2026-08-13 21:37:01.735196,Brute Force,Asia,Laptop,4,326,17,0,127,1,-0.1807003794967466,10.514121210821147,Low,Normal
EVT000391,2026-08-13 21:45:01.735196,Phishing,North America,Firewall,2,685,50,0,111,1,-0.20623638541203332,3.7188102606266287,Low,Normal
EVT000392,2026-08-13 21:53:01.735196,Unauthorized Access,Africa,Laptop,1,967,18,0,418,1,-0.12745871595804864,24.68210270531574,Low,Normal
EVT000393,2026-08-13 22:01:01.735196,Ransomware,Asia,Laptop,4,508,64,0,330,1,-0.20868457967918064,3.0673285305965377,Low,Normal
EVT000394,2026-08-13 22:09:01.735196,Phishing,Asia,Laptop,5,792,46,0,231,1,-0.18984606955771338,8.080388698988946,Low,Normal
EVT000395,2026-08-13 22:17:01.735196,Phishing,Oceania,Server,2,835,29,0,451,1,-0.16711813208340903,14.128452867944267,Low,Normal
EVT000396,2026-08-13 22:25:01.735196,Brute Force,South America,Router,3,472,81,1,120,1,-0.04593529828078402,46.37605808257262,Medium,Normal
EVT000397,2026-08-13 22:33:01.735196,Unauthorized Access,South America,Firewall,5,158,8,0,422,1,-0.12466994494441302,25.42421430528207,Low,Normal
EVT000398,2026-08-13 22:41:01.735196,Unauthorized Access,Asia,Desktop,2,178,91,0,13,1,-0.12354806437453736,25.722754623081844,Low,Normal
EVT000399,2026-08-13 22:49:01.735196,Malware,South America,Router,6,332,21,0,208,1,-0.15239617246702092,18.046069965991546,Low,Normal
EVT000400,2026-08-13 22:57:01.735196,Ransomware,Africa,Server,3,366,81,0,369,1,-0.18802398035135298,8.56525946449891,Low,Normal
EVT000401,2026-08-13 23:05:01.735196,Malware,Asia,Router,5,537,64,0,168,1,-0.19838436288719563,5.808288733540919,Low,Normal
EVT000402,2026-08-13 23:13:01.735196,Malware,Asia,Desktop,1,852,9,0,370,1,-0.14109423562786344,21.053594925701805,Low,Normal
EVT000403,2026-08-13 23:21:01.735196,Malware,Africa,Firewall,3,114,65,0,55,1,-0.1456219378052035,19.848741500817525,Low,Normal
EVT000404,2026-08-13 23:29:01.735196,DDoS,Africa,Firewall,1,697,66,0,211,1,-0.18745179960025504,8.717520790578051,Low,Normal
EVT000405,2026-08-13 23:37:01.735196,Brute Force,North America,Router,2,617,97,0,244,1,-0.18049213732287367,10.569535919335292,Low,Normal
EVT000406,2026-08-13 23:45:01.735196,Unauthorized Access,Oceania,Laptop,3,962,32,0,178,1,-0.17932791428660905,10.879343865536532,Low,Normal
EVT000407,2026-08-13 23:53:01.735196,DDoS,Africa,Laptop,6,700,22,0,320,1,-0.1559897887224176,17.089783380998412,Low,Normal
EVT000408,2026-08-14 00:01:01.735196,DDoS,North America,Desktop,1,489,8,0,294,1,-0.16000780255978875,16.02056161163876,Low,Normal
EVT000409,2026-08-14 00:09:01.735196,Malware,Africa,Laptop,7,451,98,0,48,1,-0.08419336910351283,36.19531609584804,Low,Normal
EVT000410,2026-08-14 00:17:01.735196,Brute Force,South America,Router,133,7369,866,1,1155,-1,0.10003895265821361,85.22083393134403,High,Suspicious
EVT000411,2026-08-14 00:25:01.735196,Unauthorized Access,Europe,Desktop,3,975,17,0,237,1,-0.16168233987442304,15.574955443297773,Low,Normal
EVT000412,2026-08-14 00:33:01.735196,Ransomware,South America,Router,4,704,75,0,477,1,-0.17028572108477036,13.285535134526102,Low,Normal
EVT000413,2026-08-14 00:41:01.735196,Brute Force,Africa,Server,1,710,95,0,26,1,-0.12181727863124753,26.18332889428286,Low,Normal
EVT000414,2026-08-14 00:49:01.735196,Brute Force,Asia,Server,3,423,69,0,67,1,-0.18922273658532984,8.24626199126914,Low,Normal
EVT000415,2026-08-14 00:57:01.735196,Unauthorized Access,Oceania,Router,2,414,79,0,398,1,-0.186582189637509,8.94893012380933,Low,Normal
EVT000416,2026-08-14 01:05:01.735196,Brute Force,Oceania,Firewall,0,500,26,0,246,1,-0.15133080386128472,18.3295720522837,Low,Normal
EVT000417,2026-08-14 01:13:01.735196,Ransomware,North America,Firewall,3,760,80,0,412,1,-0.18264561617891661,9.996480035027213,Low,Normal
EVT000418,2026-08-14 01:21:01.735196,Ransomware,Asia,Router,3,744,25,0,288,1,-0.20178334361675787,4.903796032226664,Low,Normal
EVT000419,2026-08-14 01:29:01.735196,Brute Force,North America,Desktop,2,320,12,0,156,1,-0.17950326839924485,10.83268090165296,Low,Normal
EVT000420,2026-08-14 01:37:01.735196,Brute Force,Asia,Laptop,1,593,95,0,280,1,-0.16934957136236178,13.534651166250402,Low,Normal
EVT000421,2026-08-14 01:45:01.735196,Brute Force,Oceania,Firewall,2,382,44,0,173,1,-0.2069411076052038,3.5312787237064533,Low,Normal
EVT000422,2026-08-14 01:53:01.735196,Brute Force,South America,Firewall,4,570,57,0,288,1,-0.21068594797982976,2.53475033595288,Low,Normal
EVT000423,2026-08-14 02:01:01.735196,Ransomware,Asia,Laptop,5,425,61,1,400,1,-0.050150339599260185,45.25440591339698,Medium,Normal
EVT000424,2026-08-14 02:09:01.735196,Ransomware,South America,Laptop,1,311,7,0,351,1,-0.1424084816084067,20.703864817850896,Low,Normal
EVT000425,2026-08-14 02:17:01.735196,Phishing,Europe,Server,6,405,34,0,34,1,-0.13279753237228042,23.26140607166601,Low,Normal
EVT000426,2026-08-14 02:25:01.735196,Malware,Africa,Firewall,2,595,51,0,48,1,-0.1920628360126962,7.49049153905169,Low,Normal
EVT000427,2026-08-14 02:33:01.735196,Unauthorized Access,North America,Desktop,3,371,63,0,435,1,-0.18540057317414455,9.26336658341337,Low,Normal
EVT000428,2026-08-14 02:41:01.735196,Unauthorized Access,Europe,Firewall,5,604,21,0,445,1,-0.15865363648458514,16.38091473772041,Low,Normal
EVT000429,2026-08-14 02:49:01.735196,Phishing,Europe,Firewall,2,852,69,0,60,1,-0.17408761656327276,12.273823981957145,Low,Normal
EVT000430,2026-08-14 02:57:01.735196,Phishing,Oceania,Router,7,266,61,0,260,1,-0.12750725713858257,24.669185555440702,Low,Normal
EVT000431,2026-08-14 03:05:01.735196,Ransomware,Oceania,Laptop,32,8408,874,1,1260,-1,0.09259964406570897,83.24118154137255,High,Suspicious
EVT000432,2026-08-14 03:13:01.735196,Unauthorized Access,Asia,Router,5,643,72,0,348,1,-0.19045544736083087,7.91822897549629,Low,Normal
EVT000433,2026-08-14 03:21:01.735196,Phishing,Asia,Router,3,773,65,0,225,1,-0.20495152455637838,4.060720779870422,Low,Normal
EVT000434,2026-08-14 03:29:01.735196,Phishing,Asia,Firewall,4,292,73,0,399,1,-0.18921167736487282,8.249204927690815,Low,Normal
EVT000435,2026-08-14 03:37:01.735196,DDoS,Asia,Router,4,654,78,0,104,1,-0.19429382098606646,6.896810731271685,Low,Normal
EVT000436,2026-08-14 03:45:01.735196,DDoS,Europe,Laptop,4,618,82,0,460,1,-0.17456304661458982,12.14730869822468,Low,Normal
EVT000437,2026-08-14 03:53:01.735196,Phishing,Asia,Server,4,212,16,0,340,1,-0.1740980891090257,12.271037163804479,Low,Normal
EVT000438,2026-08-14 04:01:01.735196,Ransomware,Africa,Server,3,945,73,0,68,1,-0.1662878455376785,14.349397963066771,Low,Normal
EVT000439,2026-08-14 04:09:01.735196,Unauthorized Access,North America,Desktop,1,588,23,0,388,1,-0.16698765592524095,14.163173492198514,Low,Normal
EVT000440,2026-08-14 04:17:01.735196,Phishing,Asia,Router,1,551,37,0,191,1,-0.19914537884976102,5.605777028270765,Low,Normal
EVT000441,2026-08-14 04:25:01.735196,Phishing,South America,Server,4,503,33,0,328,1,-0.20792518507100022,3.269408782050346,Low,Normal
EVT000442,2026-08-14 04:33:01.735196,Phishing,South America,Desktop,2,768,78,0,15,1,-0.14335440280270279,20.452148528665145,Low,Normal
EVT000443,2026-08-14 04:41:01.735196,DDoS,North America,Router,4,830,53,0,396,1,-0.1878960766158712,8.599295548966206,Low,Normal
EVT000444,2026-08-14 04:49:01.735196,Phishing,South America,Server,2,735,28,0,31,1,-0.159147241497892,16.24956296864884,Low,Normal
EVT000445,2026-08-14 04:57:01.735196,Malware,Asia,Server,2,594,24,0,447,1,-0.17171084545884324,12.906299505561538,Low,Normal
EVT000446,2026-08-14 05:05:01.735196,Brute Force,Asia,Laptop,2,933,34,0,415,1,-0.1672924783937202,14.082058087354316,Low,Normal
EVT000447,2026-08-14 05:13:01.735196,Ransomware,South America,Laptop,5,199,63,0,422,1,-0.1677280855705433,13.966139950881868,Low,Normal
EVT000448,2026-08-14 05:21:01.735196,DDoS,South America,Firewall,1,365,57,0,159,1,-0.18883721859594638,8.34885104233081,Low,Normal
EVT000449,2026-08-14 05:29:01.735196,Malware,North America,Desktop,54,11124,583,1,1580,-1,0.09408716106780124,83.63702028790368,High,Suspicious
EVT000450,2026-08-14 05:37:01.735196,Phishing,Africa,Firewall,4,172,50,0,297,1,-0.19122403671037408,7.713701938633906,Low,Normal
EVT000451,2026-08-14 05:45:01.735196,Malware,Asia,Laptop,4,855,89,0,421,1,-0.15754655930391948,16.675515769434,Low,Normal
EVT000452,2026-08-14 05:53:01.735196,Malware,Europe,Router,5,142,45,0,221,1,-0.17572941536053893,11.83692976357038,Low,Normal
EVT000453,2026-08-14 06:01:01.735196,Unauthorized Access,South America,Server,3,535,51,0,234,1,-0.21831388782103794,0.5049018427177916,Low,Normal
EVT000454,2026-08-14 06:09:01.735196,DDoS,Africa,Firewall,2,395,79,0,460,1,-0.17054118084202624,13.21755549465706,Low,Normal
EVT000455,2026-08-14 06:17:01.735196,Unauthorized Access,Africa,Laptop,48,10283,742,1,1018,-1,0.0888242102620439,82.23651202677075,High,Suspicious
EVT000456,2026-08-14 06:25:01.735196,Ransomware,South America,Server,4,849,12,0,499,1,-0.12473298909219271,25.40743781372054,Low,Normal
EVT000457,2026-08-14 06:33:01.735196,Phishing,Africa,Router,3,895,58,0,347,1,-0.19281083234575336,7.291444448853221,Low,Normal
EVT000458,2026-08-14 06:41:01.735196,Brute Force,North America,Firewall,4,779,40,0,116,1,-0.19385694304715273,7.013067026482742,Low,Normal
EVT000459,2026-08-14 06:49:01.735196,Malware,Africa,Firewall,2,761,15,0,214,1,-0.18803543964100572,8.562210066847726,Low,Normal
EVT000460,2026-08-14 06:57:01.735196,Unauthorized Access,Africa,Server,2,921,92,0,216,1,-0.15707498830666766,16.80100413171156,Low,Normal
EVT000461,2026-08-14 07:05:01.735196,DDoS,North America,Router,2,220,5,0,350,1,-0.14565915217871178,19.83883849403391,Low,Normal
EVT000462,2026-08-14 07:13:01.735196,Ransomware,Oceania,Server,1,813,96,0,464,1,-0.12445054703317487,25.48259763404665,Low,Normal
EVT000463,2026-08-14 07:21:01.735196,Malware,Asia,Laptop,4,239,64,0,243,1,-0.2008448539843697,5.153534730469751,Low,Normal
EVT000464,2026-08-14 07:29:01.735196,Brute Force,North America,Firewall,4,410,50,0,361,1,-0.19905570376859888,5.6296401986899065,Low,Normal
EVT000465,2026-08-14 07:37:01.735196,Ransomware,Europe,Server,4,980,89,0,15,1,-0.10208493365537563,31.434244810122653,Low,Normal
EVT000466,2026-08-14 07:45:01.735196,Ransomware,Oceania,Laptop,3,525,91,0,480,1,-0.15391117632332796,17.64291677404357,Low,Normal
EVT000467,2026-08-14 07:53:01.735196,Brute Force,South America,Router,2,556,33,0,96,1,-0.20629788121099069,3.7024457955872543,Low,Normal
EVT000468,2026-08-14 08:01:01.735196,Phishing,North America,Router,2,144,21,0,94,1,-0.16162284762282592,15.590786750279403,Low,Normal
EVT000469,2026-08-14 08:09:01.735196,Phishing,North America,Laptop,61,12081,798,1,1673,-1,0.10550059940306533,86.67421658071002,High,Suspicious
EVT000470,2026-08-14 08:17:01.735196,Ransomware,Asia,Firewall,2,773,77,0,20,1,-0.14489106150536812,20.04323282964886,Low,Normal
EVT000471,2026-08-14 08:25:01.735196,Unauthorized Access,South America,Desktop,1,857,23,0,391,1,-0.15181241563663855,18.201411768265075,Low,Normal
EVT000472,2026-08-14 08:33:01.735196,Brute Force,Europe,Desktop,58,14137,653,1,840,-1,0.11136470899103879,88.23469742601098,High,Suspicious
EVT000473,2026-08-14 08:41:01.735196,Malware,Oceania,Desktop,3,532,68,0,304,1,-0.21057680292711994,2.563794602871481,Low,Normal
EVT000474,2026-08-14 08:49:01.735196,Ransomware,South America,Router,2,424,30,0,16,1,-0.1593174392604177,16.204272145830807,Low,Normal
EVT000475,2026-08-14 08:57:01.735196,DDoS,Asia,Laptop,8,893,20,0,165,1,-0.07282191227545654,39.22134081403223,Low,Normal
EVT000476,2026-08-14 09:05:01.735196,DDoS,Asia,Firewall,4,463,55,0,208,1,-0.21271506200654877,1.9947888082692267,Low,Normal
EVT000477,2026-08-14 09:13:01.735196,Malware,Oceania,Router,4,792,50,0,241,1,-0.20147477412142406,4.985908547296321,Low,Normal
EVT000478,2026-08-14 09:21:01.735196,Unauthorized Access,Europe,Firewall,0,483,52,0,145,1,-0.15461780575989142,17.45487770622933,Low,Normal
EVT000479,2026-08-14 09:29:01.735196,Malware,North America,Desktop,4,924,53,0,331,1,-0.18473684905186544,9.43998824503867,Low,Normal
EVT000480,2026-08-14 09:37:01.735196,Ransomware,South America,Firewall,4,422,87,0,215,1,-0.19026313923822874,7.969403520789893,Low,Normal
EVT000481,2026-08-14 09:45:01.735196,Phishing,Oceania,Router,1,673,8,0,381,1,-0.14921680139511806,18.892122991327813,Low,Normal
EVT000482,2026-08-14 09:53:01.735196,Malware,Oceania,Desktop,0,578,95,0,395,1,-0.11761920231219197,27.300466557677318,Low,Normal
EVT000483,2026-08-14 10:01:01.735196,DDoS,Asia,Server,2,223,65,0,57,1,-0.17793631367372537,11.249658585637885,Low,Normal
EVT000484,2026-08-14 10:09:01.735196,Brute Force,South America,Desktop,2,968,49,0,489,1,-0.132986930825709,23.211005809823856,Low,Normal
EVT000485,2026-08-14 10:17:01.735196,Brute Force,Oceania,Laptop,2,803,48,0,80,1,-0.18824970094995058,8.505193624115606,Low,Normal
EVT000486,2026-08-14 10:25:01.735196,Phishing,Africa,Router,3,499,91,0,286,1,-0.1880818634941594,8.54985635269478,Low,Normal
EVT000487,2026-08-14 10:33:01.735196,Malware,Europe,Desktop,45,5615,358,1,1763,-1,0.12048686196856118,90.66216655423511,High,Suspicious
EVT000488,2026-08-14 10:41:01.735196,Unauthorized Access,North America,Firewall,7,470,94,0,327,1,-0.11977610909816344,26.726498477082277,Low,Normal
EVT000489,2026-08-14 10:49:01.735196,DDoS,Asia,Desktop,3,777,71,0,138,1,-0.19439608351578114,6.869597952175767,Low,Normal
EVT000490,2026-08-14 10:57:01.735196,Malware,Africa,Laptop,4,889,78,0,472,1,-0.1537809450182565,17.677572241165013,Low,Normal
EVT000491,2026-08-14 11:05:01.735196,DDoS,Asia,Desktop,6,491,5,0,31,1,-0.09410648826844636,33.55736529666961,Low,Normal
EVT000492,2026-08-14 11:13:01.735196,Malware,North America,Laptop,0,504,39,0,325,1,-0.15998731591901588,16.0260132509765,Low,Normal
EVT000493,2026-08-14 11:21:01.735196,DDoS,Africa,Server,0,789,52,0,65,1,-0.13292949171294188,23.226290762108516,Low,Normal
EVT000494,2026-08-14 11:29:01.735196,Ransomware,Oceania,Router,3,176,22,0,340,1,-0.179667070745603,10.789091944101505,Low,Normal
EVT000495,2026-08-14 11:37:01.735196,Unauthorized Access,Asia,Router,8,958,39,0,409,1,-0.07028516557618725,39.896386969668306,Low,Normal
EVT000496,2026-08-14 11:45:01.735196,Phishing,North America,Router,2,798,25,0,468,1,-0.15754447776150632,16.676069682524417,Low,Normal
EVT000497,2026-08-14 11:53:01.735196,Brute Force,South America,Server,0,607,52,0,95,1,-0.14636228109120175,19.651730940319677,Low,Normal
EVT000498,2026-08-14 12:01:01.735196,Ransomware,Oceania,Desktop,0,561,28,0,489,1,-0.10828375666211021,29.7846943676721,Low,Normal
EVT000499,2026-08-14 12:09:01.735196,Unauthorized Access,Africa,Desktop,1,867,62,0,217,1,-0.17746295252356004,11.375623320208593,Low,Normal
EVT000500,2026-08-14 12:17:01.735196,Phishing,Oceania,Laptop,3,640,23,0,83,1,-0.1986582598718053,5.7354028176730365,Low,Normal
EVT000501,2026-08-14 12:25:01.735196,Unauthorized Access,Europe,Server,2,954,28,0,491,1,-0.13367349921801036,23.0283051271196,Low,Normal
EVT000502,2026-08-14 12:33:01.735196,Phishing,Europe,Router,2,662,25,1,397,1,-0.05548652810893473,43.83440858365065,Medium,Normal
EVT000503,2026-08-14 12:41:01.735196,Unauthorized Access,Africa,Desktop,34,8414,724,1,1270,-1,0.08337772397069065,80.78716368081189,High,Suspicious
EVT000504,2026-08-14 12:49:01.735196,Unauthorized Access,Europe,Firewall,3,163,75,0,152,1,-0.17923905943343726,10.902988767512948,Low,Normal
EVT000505,2026-08-14 12:57:01.735196,Malware,Asia,Router,1,853,51,0,439,1,-0.1578954271932952,16.582679568004906,Low,Normal
EVT000506,2026-08-14 13:05:01.735196,Brute Force,South America,Firewall,1,211,37,0,52,1,-0.15809375162171818,16.529904041376952,Low,Normal
EVT000507,2026-08-14 13:13:01.735196,DDoS,Africa,Server,7,841,70,0,35,1,-0.08593375652133728,35.73218675145659,Low,Normal
EVT000508,2026-08-14 13:21:01.735196,Ransomware,Oceania,Server,2,759,12,0,483,1,-0.1410099335032421,21.07602831455927,Low,Normal
EVT000509,2026-08-14 13:29:01.735196,Brute Force,Africa,Desktop,2,243,50,0,16,1,-0.15772508756016002,16.628008143590904,Low,Normal
EVT000510,2026-08-14 13:37:01.735196,Unauthorized Access,Oceania,Firewall,6,278,88,0,474,1,-0.12048581341563469,26.53764116181099,Low,Normal
EVT000511,2026-08-14 13:45:01.735196,Phishing,South America,Firewall,4,375,57,1,442,1,-0.057014352858433925,43.42784366176382,Medium,Normal
EVT000512,2026-08-14 13:53:01.735196,Malware,North America,Firewall,5,669,38,0,59,1,-0.17742704700807937,11.38517803065656,Low,Normal
EVT000513,2026-08-14 14:01:01.735196,Phishing,Europe,Desktop,1,663,19,0,396,1,-0.16215247434827018,15.449849350011469,Low,Normal
EVT000514,2026-08-14 14:09:01.735196,Phishing,Asia,Firewall,2,335,60,0,404,1,-0.19310486241665253,7.213200976984679,Low,Normal
EVT000515,2026-08-14 14:17:01.735196,Malware,Asia,Laptop,2,159,14,0,58,1,-0.1425632872351213,20.662669950734433,Low,Normal
EVT000516,2026-08-14 14:25:01.735196,Unauthorized Access,Asia,Laptop,3,615,99,0,175,1,-0.16915711895858587,13.585864105780107,Low,Normal
EVT000517,2026-08-14 14:33:01.735196,Unauthorized Access,Africa,Server,2,741,35,0,485,1,-0.16631336654635798,14.342606642986608,Low,Normal
EVT000518,2026-08-14 14:41:01.735196,Phishing,Africa,Firewall,2,365,44,0,417,1,-0.191069471162494,7.75483291908232,Low,Normal
EVT000519,2026-08-14 14:49:01.735196,Brute Force,Africa,Firewall,3,346,99,0,322,1,-0.1687328807789007,13.698756872075228,Low,Normal
EVT000520,2026-08-14 14:57:01.735196,Unauthorized Access,North America,Server,3,188,52,0,469,1,-0.17221689005045338,12.77163747712754,Low,Normal
EVT000521,2026-08-14 15:05:01.735196,Brute Force,Africa,Desktop,7,830,89,0,217,1,-0.10190601862903459,31.48185535821239,Low,Normal
EVT000522,2026-08-14 15:13:01.735196,Unauthorized Access,South America,Firewall,4,147,22,0,304,1,-0.17083711179201577,13.138806185480187,Low,Normal
EVT000523,2026-08-14 15:21:01.735196,DDoS,Oceania,Firewall,2,976,85,0,399,1,-0.13910140038148694,21.58390241452993,Low,Normal
EVT000524,2026-08-14 15:29:01.735196,Ransomware,South America,Laptop,4,650,76,0,169,1,-0.20023023538308027,5.317089067251723,Low,Normal
EVT000525,2026-08-14 15:37:01.735196,Brute Force,South America,Desktop,1,219,96,0,460,1,-0.12699288225233907,24.806064333922777,Low,Normal
EVT000526,2026-08-14 15:45:01.735196,Brute Force,North America,Laptop,1,837,84,0,431,1,-0.1509413374355676,18.433211810051162,Low,Normal
EVT000527,2026-08-14 15:53:01.735196,DDoS,South America,Laptop,3,710,14,0,196,1,-0.1949489776412061,6.722468932968052,Low,Normal
EVT000528,2026-08-14 16:01:01.735196,Phishing,Asia,Desktop,3,407,93,0,296,1,-0.17746981318883592,11.373797648878883,Low,Normal
EVT000529,2026-08-14 16:09:01.735196,Ransomware,South America,Laptop,2,505,8,0,136,1,-0.17521045469454682,11.975028850327925,Low,Normal
EVT000530,2026-08-14 16:17:01.735196,Unauthorized Access,Africa,Server,1,599,81,0,429,1,-0.168401809649958,13.78685723026205,Low,Normal
EVT000531,2026-08-14 16:25:01.735196,DDoS,North America,Desktop,2,157,76,0,118,1,-0.17411184191224288,12.26737744604722,Low,Normal
EVT000532,2026-08-14 16:33:01.735196,Phishing,North America,Server,5,255,93,0,384,1,-0.15363153192877238,17.717332116160424,Low,Normal
EVT000533,2026-08-14 16:41:01.735196,DDoS,Africa,Router,5,193,86,0,478,1,-0.13689464666164192,22.171135115156325,Low,Normal
EVT000534,2026-08-14 16:49:01.735196,Phishing,Asia,Firewall,1,948,44,0,152,1,-0.15878266126179336,16.346580336157455,Low,Normal
EVT000535,2026-08-14 16:57:01.735196,Phishing,Europe,Router,3,791,34,0,317,1,-0.20428117946132773,4.2391043289625685,Low,Normal
EVT000536,2026-08-14 17:05:01.735196,DDoS,South America,Desktop,5,239,82,0,401,1,-0.1613705026258846,15.657937530500504,Low,Normal
EVT000537,2026-08-14 17:13:01.735196,Malware,South America,Firewall,1,420,46,0,148,1,-0.19116046839434003,7.7306179150581205,Low,Normal
EVT000538,2026-08-14 17:21:01.735196,Phishing,Europe,Firewall,3,824,89,0,65,1,-0.1685774241974075,13.74012496284106,Low,Normal
EVT000539,2026-08-14 17:29:01.735196,Malware,Asia,Router,1,592,68,0,209,1,-0.19447309533352125,6.849104565303919,Low,Normal
EVT000540,2026-08-14 17:37:01.735196,Brute Force,Oceania,Router,3,214,70,0,348,1,-0.19451830094211553,6.837075034604796,Low,Normal
EVT000541,2026-08-14 17:45:01.735196,Malware,North America,Router,3,127,70,0,302,1,-0.1744916237393217,12.166314828157997,Low,Normal
EVT000542,2026-08-14 17:53:01.735196,Ransomware,Oceania,Desktop,4,407,62,0,114,1,-0.20036967857378712,5.279982252510067,Low,Normal
EVT000543,2026-08-14 18:01:01.735196,Ransomware,North America,Router,3,849,60,0,394,1,-0.19024436264596645,7.974400104180051,Low,Normal
EVT000544,2026-08-14 18:09:01.735196,Unauthorized Access,Europe,Desktop,2,559,76,0,379,1,-0.19425213318758705,6.9079041479334915,Low,Normal
EVT000545,2026-08-14 18:17:01.735196,Malware,South America,Firewall,2,283,80,0,384,1,-0.18538068011116932,9.268660267520309,Low,Normal
EVT000546,2026-08-14 18:25:01.735196,Unauthorized Access,Asia,Firewall,4,172,30,0,369,1,-0.18203014528137929,10.160261173841006,Low,Normal
EVT000547,2026-08-14 18:33:01.735196,Malware,Europe,Server,4,370,39,0,190,1,-0.20732353169768714,3.429512980391262,Low,Normal
EVT000548,2026-08-14 18:41:01.735196,Ransomware,Africa,Desktop,4,231,91,0,377,1,-0.1696690590046801,13.44963325540328,Low,Normal
EVT000549,2026-08-14 18:49:01.735196,Phishing,Africa,Firewall,2,477,25,0,442,1,-0.1778989865416381,11.259591598273195,Low,Normal
EVT000550,2026-08-14 18:57:01.735196,Malware,North America,Server,3,864,19,0,375,1,-0.18023483258882245,10.638006520518402,Low,Normal
EVT000551,2026-08-14 19:05:01.735196,Ransomware,South America,Firewall,2,988,9,0,372,1,-0.13240600413536424,23.3655944919089,Low,Normal
EVT000552,2026-08-14 19:13:01.735196,Unauthorized Access,Africa,Laptop,6,651,14,0,209,1,-0.15061833055075818,18.519166216101,Low,Normal
EVT000553,2026-08-14 19:21:01.735196,Unauthorized Access,Asia,Laptop,3,410,41,0,246,1,-0.21126910077630845,2.37956927135358,Low,Normal
EVT000554,2026-08-14 19:29:01.735196,Unauthorized Access,Oceania,Desktop,5,878,96,0,432,1,-0.1314744622013458,23.613484358703282,Low,Normal
EVT000555,2026-08-14 19:37:01.735196,Unauthorized Access,Africa,Firewall,2,544,58,0,103,1,-0.20896066295107824,2.9938608282896473,Low,Normal
EVT000556,2026-08-14 19:45:01.735196,Unauthorized Access,Asia,Router,3,346,35,0,85,1,-0.19556786369191037,6.557778997853505,Low,Normal
EVT000557,2026-08-14 19:53:01.735196,Ransomware,Asia,Server,4,589,58,0,344,1,-0.20664087148754656,3.6111736683085267,Low,Normal
EVT000558,2026-08-14 20:01:01.735196,Unauthorized Access,Asia,Server,4,628,94,0,175,1,-0.17912238223338994,10.93403739186516,Low,Normal
EVT000559,2026-08-14 20:09:01.735196,Ransomware,Oceania,Firewall,3,338,76,0,319,1,-0.19661987570381817,6.277831195210892,Low,Normal
EVT000560,2026-08-14 20:17:01.735196,Brute Force,North America,Firewall,3,159,10,0,67,1,-0.14159526811685608,20.92026665306005,Low,Normal
EVT000561,2026-08-14 20:25:01.735196,Unauthorized Access,Oceania,Firewall,2,104,94,0,207,1,-0.13747479328096568,22.01675401546175,Low,Normal
EVT000562,2026-08-14 20:33:01.735196,DDoS,Europe,Laptop,5,655,19,0,248,1,-0.18460222893704453,9.475811605332119,Low,Normal
EVT000563,2026-08-14 20:41:01.735196,Brute Force,North America,Laptop,73,6895,616,1,1080,-1,0.07508680177966987,78.58089091682699,High,Suspicious
EVT000564,2026-08-14 20:49:01.735196,Ransomware,South America,Laptop,43,6956,762,1,1507,-1,0.08307626523394751,80.70694338866367,High,Suspicious
EVT000565,2026-08-14 20:57:01.735196,Phishing,South America,Firewall,2,528,94,0,246,1,-0.18407415287382223,9.616336363465965,Low,Normal
EVT000566,2026-08-14 21:05:01.735196,DDoS,Oceania,Server,2,882,47,0,496,1,-0.1428009734414213,20.599419977902397,Low,Normal
EVT000567,2026-08-14 21:13:01.735196,Unauthorized Access,Europe,Firewall,6,557,22,0,382,1,-0.15266298165266617,17.975070163326933,Low,Normal
EVT000568,2026-08-14 21:21:01.735196,Brute Force,South America,Firewall,3,552,98,0,131,1,-0.17449880483110497,12.164403889078836,Low,Normal
EVT000569,2026-08-14 21:29:01.735196,Phishing,South America,Firewall,1,192,27,0,115,1,-0.1634684139645316,15.099668553772586,Low,Normal
EVT000570,2026-08-14 21:37:01.735196,Ransomware,Oceania,Desktop,4,723,67,0,148,1,-0.19684413128346512,6.2181552066842425,Low,Normal
EVT000571,2026-08-14 21:45:01.735196,Phishing,Europe,Desktop,3,515,90,0,300,1,-0.1894956964353106,8.173625453523533,Low,Normal
EVT000572,2026-08-14 21:53:01.735196,Phishing,Asia,Desktop,5,415,80,0,234,1,-0.18764081316291537,8.667222950879005,Low,Normal
EVT000573,2026-08-14 22:01:01.735196,Brute Force,Oceania,Router,2,813,87,0,78,1,-0.16785645253237957,13.931980598620477,Low,Normal
EVT000574,2026-08-14 22:09:01.735196,Ransomware,Africa,Desktop,3,336,29,0,499,1,-0.15156778355115924,18.266510088446434,Low,Normal
EVT000575,2026-08-14 22:17:01.735196,Unauthorized Access,Oceania,Firewall,1,474,45,0,364,1,-0.18793759342859834,8.58824763281684,Low,Normal
EVT000576,2026-08-14 22:25:01.735196,DDoS,Asia,Laptop,2,622,89,0,182,1,-0.19049065344089866,7.908860389735785,Low,Normal
EVT000577,2026-08-14 22:33:01.735196,Ransomware,Oceania,Server,2,357,80,0,475,1,-0.16485830259463818,14.729809404340754,Low,Normal
EVT000578,2026-08-14 22:41:01.735196,DDoS,Oceania,Desktop,1,340,22,0,196,1,-0.17459161228054815,12.139707173407913,Low,Normal
EVT000579,2026-08-14 22:49:01.735196,Phishing,Europe,Firewall,1,463,51,0,307,1,-0.19879592145038405,5.6987701024614035,Low,Normal
EVT000580,2026-08-14 22:57:01.735196,Unauthorized Access,Oceania,Desktop,4,382,83,0,272,1,-0.19167963274955613,7.592464625164077,Low,Normal
EVT000581,2026-08-14 23:05:01.735196,Unauthorized Access,Oceania,Firewall,2,991,16,0,52,1,-0.1330666485240673,23.189792369069828,Low,Normal
EVT000582,2026-08-14 23:13:01.735196,Malware,Oceania,Firewall,2,619,73,0,301,1,-0.20491097417205145,4.071511522618741,Low,Normal
EVT000583,2026-08-14 23:21:01.735196,Phishing,North America,Server,3,499,18,0,189,1,-0.20181105428515567,4.896422028280025,Low,Normal
EVT000584,2026-08-14 23:29:01.735196,Brute Force,South America,Server,3,535,23,0,30,1,-0.17034585746316933,13.26953242086778,Low,Normal
EVT000585,2026-08-14 23:37:01.735196,Phishing,North America,Firewall,3,937,67,0,415,1,-0.16455440848984448,14.810677765072452,Low,Normal
EVT000586,2026-08-14 23:45:01.735196,Phishing,South America,Router,1,967,34,0,480,1,-0.12074207851439533,26.46944721489784,Low,Normal
EVT000587,2026-08-14 23:53:01.735196,Phishing,Asia,Desktop,4,466,40,0,412,1,-0.1940081485577106,6.972830175620779,Low,Normal
EVT000588,2026-08-15 00:01:01.735196,Malware,North America,Firewall,4,149,86,0,352,1,-0.1672181195638145,14.101845495486115,Low,Normal
EVT000589,2026-08-15 00:09:01.735196,Brute Force,Oceania,Server,3,901,81,1,115,1,-0.03502652043436438,49.278960666435154,Medium,Normal
EVT000590,2026-08-15 00:17:01.735196,Phishing,South America,Laptop,2,258,39,0,198,1,-0.2036825674862937,4.398399189809667,Low,Normal
EVT000591,2026-08-15 00:25:01.735196,Malware,South America,Router,6,963,20,0,432,1,-0.10801120338539127,29.857222713410415,Low,Normal
EVT000592,2026-08-15 00:33:01.735196,Brute Force,Asia,Server,5,405,16,0,234,1,-0.1750588331440195,12.015376412354732,Low,Normal
EVT000593,2026-08-15 00:41:01.735196,Unauthorized Access,Africa,Server,137,11553,595,1,1517,-1,0.11210127197178288,88.43070202066696,High,Suspicious
EVT000594,2026-08-15 00:49:01.735196,Ransomware,Asia,Router,5,755,6,0,39,1,-0.12607778270243414,25.049578766548457,Low,Normal
EVT000595,2026-08-15 00:57:01.735196,Unauthorized Access,Africa,Router,2,877,64,0,234,1,-0.19369667503274002,7.055715473421451,Low,Normal
EVT000596,2026-08-15 01:05:01.735196,Phishing,Africa,Router,3,819,26,0,251,1,-0.1998004720704779,5.431452110313615,Low,Normal
EVT000597,2026-08-15 01:13:01.735196,Malware,Asia,Laptop,0,652,84,0,483,1,-0.11118076205321942,29.013780837878773,Low,Normal
EVT000598,2026-08-15 01:21:01.735196,Brute Force,Asia,Laptop,2,957,77,0,235,1,-0.16394715391278064,14.972272483164502,Low,Normal
EVT000599,2026-08-15 01:29:01.735196,Ransomware,Asia,Firewall,41,7172,579,1,1616,-1,0.09103985123358449,82.82610968764051,High,Suspicious
EVT000600,2026-08-15 01:37:01.735196,Phishing,Europe,Firewall,1,757,92,0,137,1,-0.1532205637962199,17.82669362949102,Low,Normal
EVT000601,2026-08-15 01:45:01.735196,DDoS,South America,Firewall,7,195,37,0,157,1,-0.1122069092947609,28.740715832721307,Low,Normal
EVT000602,2026-08-15 01:53:01.735196,DDoS,Oceania,Server,2,222,20,0,461,1,-0.1535094251441812,17.7498255911846,Low,Normal
EVT000603,2026-08-15 02:01:01.735196,Phishing,South America,Desktop,1,842,99,0,405,1,-0.13211646355179157,23.4426432795934,Low,Normal
EVT000604,2026-08-15 02:09:01.735196,Malware,Asia,Router,3,899,19,0,178,1,-0.18737450788765087,8.738088659443715,Low,Normal
EVT000605,2026-08-15 02:17:01.735196,Ransomware,Asia,Desktop,4,867,82,0,362,1,-0.17611611492889662,11.734026286025232,Low,Normal
EVT000606,2026-08-15 02:25:01.735196,Unauthorized Access,North America,Desktop,0,454,21,0,119,1,-0.1335646772417749,23.057263421113884,Low,Normal
EVT000607,2026-08-15 02:33:01.735196,Brute Force,Europe,Server,0,899,44,0,221,1,-0.13943045009789146,21.49633996845047,Low,Normal
EVT000608,2026-08-15 02:41:01.735196,DDoS,Asia,Laptop,2,508,99,0,438,1,-0.15605205576386777,17.07321368290207,Low,Normal
EVT000609,2026-08-15 02:49:01.735196,Unauthorized Access,Oceania,Desktop,3,954,79,0,63,1,-0.16110130374345116,15.729573248304163,Low,Normal
EVT000610,2026-08-15 02:57:01.735196,Brute Force,Asia,Desktop,6,210,5,0,422,1,-0.10284163759345344,31.232880564925747,Low,Normal
EVT000611,2026-08-15 03:05:01.735196,Phishing,Europe,Router,6,311,24,0,269,1,-0.1522325884576845,18.0896008225244,Low,Normal
EVT000612,2026-08-15 03:13:01.735196,Brute Force,Africa,Desktop,2,270,17,0,450,1,-0.15665441664127483,16.912921212740844,Low,Normal
EVT000613,2026-08-15 03:21:01.735196,Unauthorized Access,South America,Firewall,4,299,46,0,124,1,-0.19801223766953696,5.907313873760113,Low,Normal
EVT000614,2026-08-15 03:29:01.735196,Phishing,Europe,Firewall,3,310,43,1,216,1,-0.05548441213741928,43.83497165856757,Medium,Normal
EVT000615,2026-08-15 03:37:01.735196,Malware,Africa,Router,4,526,23,0,439,1,-0.1788484179118613,11.006941226561244,Low,Normal
EVT000616,2026-08-15 03:45:01.735196,Ransomware,North America,Firewall,4,151,51,0,276,1,-0.18674837992735255,8.90470571768504,Low,Normal
EVT000617,2026-08-15 03:53:01.735196,Unauthorized Access,Africa,Laptop,10,665,61,1,269,1,-0.003840358262085841,57.57781797430271,Medium,Normal
EVT000618,2026-08-15 04:01:01.735196,Phishing,Europe,Desktop,5,890,32,0,322,1,-0.17566456365279082,11.854187259564918,Low,Normal
EVT000619,2026-08-15 04:09:01.735196,DDoS,North America,Laptop,1,566,40,0,44,1,-0.17459011979733213,12.14010433369893,Low,Normal
EVT000620,2026-08-15 04:17:01.735196,DDoS,North America,Firewall,4,178,93,0,115,1,-0.1563027637351173,17.006498526742384,Low,Normal
EVT000621,2026-08-15 04:25:01.735196,Malware,South America,Laptop,4,316,11,0,219,1,-0.1768322215943851,11.543465260873363,Low,Normal
EVT000622,2026-08-15 04:33:01.735196,DDoS,Africa,Server,1,540,11,0,315,1,-0.1674928282945939,14.028743568247693,Low,Normal
EVT000623,2026-08-15 04:41:01.735196,Brute Force,Asia,Server,2,287,38,0,141,1,-0.20615460760176446,3.740571911663458,Low,Normal
EVT000624,2026-08-15 04:49:01.735196,Malware,Oceania,Laptop,1,612,75,0,466,1,-0.15816921126036565,16.50982370028916,Low,Normal
EVT000625,2026-08-15 04:57:01.735196,Malware,South America,Desktop,1,391,54,0,308,1,-0.18736655061218,8.740206146466562,Low,Normal
EVT000626,2026-08-15 05:05:01.735196,Unauthorized Access,North America,Server,4,658,63,0,430,1,-0.19001082348050635,8.03654652024899,Low,Normal
EVT000627,2026-08-15 05:13:01.735196,DDoS,North America,Desktop,3,743,34,0,212,1,-0.20998717930935912,2.720697598569211,Low,Normal
EVT000628,2026-08-15 05:21:01.735196,Phishing,Oceania,Router,4,352,5,0,355,1,-0.1561870134443546,17.037300494008424,Low,Normal
EVT000629,2026-08-15 05:29:01.735196,DDoS,South America,Router,3,697,23,0,104,1,-0.19841714872459437,5.799564191393409,Low,Normal
EVT000630,2026-08-15 05:37:01.735196,Brute Force,Oceania,Firewall,1,132,78,0,127,1,-0.15280098492994698,17.93834651968509,Low,Normal
EVT000631,2026-08-15 05:45:01.735196,Ransomware,North America,Laptop,3,640,37,0,126,1,-0.21388642284551868,1.683081442517238,Low,Normal
EVT000632,2026-08-15 05:53:01.735196,DDoS,Africa,Laptop,3,358,11,0,245,1,-0.17971049041864895,10.777537663424965,Low,Normal
EVT000633,2026-08-15 06:01:01.735196,Phishing,North America,Server,4,990,86,0,107,1,-0.1421110375913751,20.783016764819806,Low,Normal
EVT000634,2026-08-15 06:09:01.735196,DDoS,Oceania,Firewall,6,243,99,0,421,1,-0.1115868759933068,28.905711059337154,Low,Normal
EVT000635,2026-08-15 06:17:01.735196,DDoS,Europe,Laptop,1,532,13,0,159,1,-0.17176366815021876,12.892243015509273,Low,Normal
EVT000636,2026-08-15 06:25:01.735196,Phishing,Asia,Laptop,1,653,57,0,339,1,-0.19424712167928754,6.909237745573531,Low,Normal
EVT000637,2026-08-15 06:33:01.735196,Brute Force,North America,Server,3,486,87,0,38,1,-0.16056608037188674,15.87199995550564,Low,Normal
EVT000638,2026-08-15 06:41:01.735196,DDoS,Africa,Server,1,722,42,0,156,1,-0.19015218993205862,7.998927912256412,Low,Normal
EVT000639,2026-08-15 06:49:01.735196,Malware,North America,Firewall,2,274,8,0,460,1,-0.14178657503873804,20.869358534326636,Low,Normal
EVT000640,2026-08-15 06:57:01.735196,Unauthorized Access,Oceania,Server,107,12500,626,1,714,-1,0.11258888499851949,88.56045927992797,High,Suspicious
EVT000641,2026-08-15 07:05:01.735196,Malware,South America,Router,5,307,76,0,482,1,-0.15033667673367873,18.594116279697996,Low,Normal
EVT000642,2026-08-15 07:13:01.735196,Phishing,North America,Laptop,6,233,73,0,27,1,-0.12239988138726376,26.02829419932296,Low,Normal
EVT000643,2026-08-15 07:21:01.735196,Ransomware,Europe,Firewall,2,414,64,0,101,1,-0.20129887101945637,5.032717601106051,Low,Normal
EVT000644,2026-08-15 07:29:01.735196,Unauthorized Access,Oceania,Desktop,4,580,72,0,491,1,-0.1636999915165666,15.038044136846024,Low,Normal
EVT000645,2026-08-15 07:37:01.735196,Phishing,Oceania,Firewall,0,617,84,1,496,1,-0.0007421541269077014,58.402271906352865,Medium,Normal
EVT000646,2026-08-15 07:45:01.735196,Ransomware,Asia,Server,2,217,86,0,75,1,-0.16770185988509378,13.973118790411537,Low,Normal
EVT000647,2026-08-15 07:53:01.735196,Unauthorized Access,Oceania,Laptop,2,687,81,0,258,1,-0.19641848502537063,6.3314226725571,Low,Normal
EVT000648,2026-08-15 08:01:01.735196,DDoS,Africa,Router,6,804,55,0,223,1,-0.1648467951610707,14.73287161342659,Low,Normal
EVT000649,2026-08-15 08:09:01.735196,Ransomware,Oceania,Router,62,7962,839,1,1590,-1,0.0834609738224954,80.80931705246473,High,Suspicious
EVT000650,2026-08-15 08:17:01.735196,Ransomware,Oceania,Router,1,136,30,0,136,1,-0.15282096930912675,17.933028535693246,Low,Normal
EVT000651,2026-08-15 08:25:01.735196,Ransomware,South America,Laptop,3,409,26,0,428,1,-0.18196946681661463,10.17640814049758,Low,Normal
EVT000652,2026-08-15 08:33:01.735196,DDoS,Europe,Laptop,2,313,89,0,94,1,-0.17608782280861063,11.741555018412802,Low,Normal
EVT000653,2026-08-15 08:41:01.735196,Brute Force,Europe,Router,3,974,27,0,86,1,-0.16865885124114627,13.718456653247324,Low,Normal
EVT000654,2026-08-15 08:49:01.735196,Unauthorized Access,South America,Router,3,958,49,0,97,1,-0.17808025641305153,11.21135440933134,Low,Normal
EVT000655,2026-08-15 08:57:01.735196,Phishing,South America,Laptop,1,781,11,0,349,1,-0.15391103139638151,17.642955340124324,Low,Normal
EVT000656,2026-08-15 09:05:01.735196,Ransomware,Oceania,Server,4,395,49,0,352,1,-0.20093332887180537,5.129990940050709,Low,Normal
EVT000657,2026-08-15 09:13:01.735196,Ransomware,North America,Firewall,2,127,45,0,67,1,-0.16120953490500511,15.700772174256025,Low,Normal
EVT000658,2026-08-15 09:21:01.735196,Phishing,North America,Desktop,0,233,79,0,47,1,-0.10169845054078219,31.537090687797274,Low,Normal
EVT000659,2026-08-15 09:29:01.735196,Unauthorized Access,Africa,Server,1,933,44,0,382,1,-0.1546433177134755,17.4480887957738,Low,Normal
EVT000660,2026-08-15 09:37:01.735196,Phishing,Africa,Firewall,1,245,68,0,390,1,-0.16947349093785052,13.501675294806153,Low,Normal
EVT000661,2026-08-15 09:45:01.735196,Phishing,Asia,Desktop,1,100,29,0,135,1,-0.13218204959725233,23.425190371163715,Low,Normal
EVT000662,2026-08-15 09:53:01.735196,Malware,Europe,Laptop,7,580,38,0,369,1,-0.13731291608968288,22.05983067569436,Low,Normal
EVT000663,2026-08-15 10:01:01.735196,Malware,Oceania,Router,2,745,25,0,361,1,-0.18768266881885032,8.656084866166545,Low,Normal
EVT000664,2026-08-15 10:09:01.735196,Brute Force,Africa,Laptop,5,699,77,0,13,1,-0.14096218477206895,21.08873458808047,Low,Normal
EVT000665,2026-08-15 10:17:01.735196,Phishing,Africa,Desktop,4,710,56,0,270,1,-0.2057650742273769,3.844229484943449,Low,Normal
EVT000666,2026-08-15 10:25:01.735196,DDoS,South America,Firewall,6,107,71,0,375,1,-0.12248209077116945,26.006417703503047,Low,Normal
EVT000667,2026-08-15 10:33:01.735196,Ransomware,Asia,Desktop,1,366,46,0,385,1,-0.17754135786235326,11.354759107573981,Low,Normal
EVT000668,2026-08-15 10:41:01.735196,DDoS,South America,Server,3,298,6,0,69,1,-0.14432793579563485,20.19308454547243,Low,Normal
EVT000669,2026-08-15 10:49:01.735196,Brute Force,South America,Desktop,4,278,73,0,98,1,-0.18902277279028484,8.299473764896522,Low,Normal
EVT000670,2026-08-15 10:57:01.735196,Ransomware,Asia,Router,2,592,6,1,131,1,-0.03596975537594416,49.02795920800872,Medium,Normal
EVT000671,2026-08-15 11:05:01.735196,Phishing,Oceania,Laptop,98,10074,766,1,1593,-1,0.08362559314589113,80.85312341335748,High,Suspicious
EVT000672,2026-08-15 11:13:01.735196,Unauthorized Access,Africa,Firewall,131,10731,818,1,1166,-1,0.10245364378760657,85.86340024055211,High,Suspicious
EVT000673,2026-08-15 11:21:01.735196,Ransomware,Europe,Laptop,4,691,87,0,200,1,-0.18785552403807265,8.610086875412765,Low,Normal
EVT000674,2026-08-15 11:29:01.735196,DDoS,Africa,Laptop,5,233,33,0,448,1,-0.15951358088986844,16.152077477376494,Low,Normal
EVT000675,2026-08-15 11:37:01.735196,Brute Force,Oceania,Desktop,3,581,32,0,175,1,-0.2130839497032207,1.8966251951770878,Low,Normal
EVT000676,2026-08-15 11:45:01.735196,DDoS,Oceania,Router,0,701,52,0,193,1,-0.15515137317115374,17.312891661722375,Low,Normal
EVT000677,2026-08-15 11:53:01.735196,Brute Force,Asia,Laptop,4,426,13,1,166,1,-0.05107978509435618,45.00707392375901,Medium,Normal
EVT000678,2026-08-15 12:01:01.735196,Unauthorized Access,South America,Laptop,4,715,11,0,228,1,-0.18347026030749614,9.777036426831796,Low,Normal
EVT000679,2026-08-15 12:09:01.735196,Unauthorized Access,Oceania,Server,1,186,45,0,307,1,-0.17337528392023105,12.463380713166416,Low,Normal
EVT000680,2026-08-15 12:17:01.735196,Malware,Oceania,Server,3,482,85,0,398,1,-0.18519471428924966,9.318147081951851,Low,Normal
EVT000681,2026-08-15 12:25:01.735196,DDoS,Europe,Laptop,7,991,28,0,347,1,-0.09293926753815862,33.867970950354476,Low,Normal
EVT000682,2026-08-15 12:33:01.735196,Phishing,North America,Laptop,2,681,31,0,301,1,-0.2037702178460748,4.375074812004272,Low,Normal
EVT000683,2026-08-15 12:41:01.735196,Ransomware,North America,Firewall,4,587,65,0,231,1,-0.21064035799388886,2.5468821521699936,Low,Normal
EVT000684,2026-08-15 12:49:01.735196,Unauthorized Access,South America,Router,2,178,82,0,107,1,-0.16804210229983402,13.882577888507186,Low,Normal
EVT000685,2026-08-15 12:57:01.735196,Unauthorized Access,Africa,Router,120,9435,896,1,1456,-1,0.10211352560391629,85.77289239740476,High,Suspicious
EVT000686,2026-08-15 13:05:01.735196,Unauthorized Access,Oceania,Desktop,127,14053,689,1,1292,-1,0.115802763860274,89.4156950710822,High,Suspicious
EVT000687,2026-08-15 13:13:01.735196,Ransomware,North America,Firewall,4,587,77,0,194,1,-0.20479234829571036,4.10307870345161,Low,Normal
EVT000688,2026-08-15 13:21:01.735196,Brute Force,South America,Laptop,2,825,26,0,166,1,-0.19372979659021905,7.046901593797071,Low,Normal
EVT000689,2026-08-15 13:29:01.735196,Malware,Africa,Laptop,1,629,75,0,106,1,-0.18529481350433807,9.291509976107942,Low,Normal
EVT000690,2026-08-15 13:37:01.735196,Unauthorized Access,Africa,Desktop,3,158,36,0,115,1,-0.18328770553392093,9.825615537284744,Low,Normal
EVT000691,2026-08-15 13:45:01.735196,Ransomware,South America,Server,1,681,66,0,96,1,-0.17894985944546338,10.979946920310784,Low,Normal
EVT000692,2026-08-15 13:53:01.735196,DDoS,South America,Firewall,3,793,81,0,180,1,-0.1925353011859932,7.364765230233409,Low,Normal
EVT000693,2026-08-15 14:01:01.735196,Brute Force,Europe,Desktop,4,861,62,0,80,1,-0.18121459132792167,10.377285822440708,Low,Normal
EVT000694,2026-08-15 14:09:01.735196,Malware,Oceania,Server,4,593,53,0,372,1,-0.204612935732779,4.150821649530742,Low,Normal
EVT000695,2026-08-15 14:17:01.735196,DDoS,South America,Firewall,3,397,55,0,207,1,-0.2088994380917733,3.010153194380065,Low,Normal
EVT000696,2026-08-15 14:25:01.735196,Brute Force,North America,Laptop,2,164,58,0,33,1,-0.15827580462007473,16.481458456842237,Low,Normal
EVT000697,2026-08-15 14:33:01.735196,DDoS,Oceania,Desktop,2,796,59,0,71,1,-0.18854083286863677,8.427721370954234,Low,Normal
EVT000698,2026-08-15 14:41:01.735196,Malware,Africa,Server,4,709,69,1,121,1,-0.04649028736901517,46.22837157901343,Medium,Normal
EVT000699,2026-08-15 14:49:01.735196,Brute Force,Africa,Router,7,668,48,0,123,1,-0.13061085144530943,23.84329726079407,Low,Normal
EVT000700,2026-08-15 14:57:01.735196,Malware,Oceania,Desktop,3,278,5,0,446,1,-0.139890789969135,21.373840287872007,Low,Normal
EVT000701,2026-08-15 15:05:01.735196,Unauthorized Access,Oceania,Server,2,637,84,0,109,1,-0.18963049950430755,8.137753407835827,Low,Normal
EVT000702,2026-08-15 15:13:01.735196,Ransomware,North America,Laptop,5,946,38,0,461,1,-0.1343321485150653,22.853033912213743,Low,Normal
EVT000703,2026-08-15 15:21:01.735196,Brute Force,South America,Server,4,180,16,0,297,1,-0.1725705542909854,12.677524932888948,Low,Normal
EVT000704,2026-08-15 15:29:01.735196,Unauthorized Access,Europe,Firewall,2,157,74,0,399,1,-0.17432487109500472,12.2106888807667,Low,Normal
EVT000705,2026-08-15 15:37:01.735196,DDoS,Oceania,Firewall,1,509,81,1,53,1,-0.03284761184827867,49.85878358093556,Medium,Normal
EVT000706,2026-08-15 15:45:01.735196,Brute Force,Europe,Server,4,168,65,0,387,1,-0.18148510167033033,10.305301115904825,Low,Normal
EVT000707,2026-08-15 15:53:01.735196,Ransomware,North America,Server,2,433,33,0,88,1,-0.19810346391788392,5.883037926832716,Low,Normal
EVT000708,2026-08-15 16:01:01.735196,Malware,Asia,Firewall,6,142,11,0,70,1,-0.10688140981869099,30.15786873537354,Low,Normal
EVT000709,2026-08-15 16:09:01.735196,Unauthorized Access,South America,Desktop,3,325,34,0,135,1,-0.20340171915790856,4.473134907194389,Low,Normal
EVT000710,2026-08-15 16:17:01.735196,Ransomware,South America,Router,44,5666,583,1,886,-1,0.08622109523560129,81.54380479203394,High,Suspicious
EVT000711,2026-08-15 16:25:01.735196,Unauthorized Access,South America,Router,2,298,17,0,224,1,-0.18356652595115858,9.751419461333079,Low,Normal
EVT000712,2026-08-15 16:33:01.735196,Unauthorized Access,Oceania,Router,1,814,78,0,185,1,-0.1718806819882544,12.861104809418404,Low,Normal
EVT000713,2026-08-15 16:41:01.735196,Unauthorized Access,Asia,Laptop,2,523,21,0,322,1,-0.19777566200850677,5.9702683226775,Low,Normal
EVT000714,2026-08-15 16:49:01.735196,Malware,Asia,Laptop,0,988,66,0,333,1,-0.11167975586794304,28.880995070812475,Low,Normal
EVT000715,2026-08-15 16:57:01.735196,Brute Force,Europe,Router,3,814,89,0,192,1,-0.18188034666565084,10.200123640084175,Low,Normal
EVT000716,2026-08-15 17:05:01.735196,Malware,North America,Server,1,373,46,0,110,1,-0.18722900815250493,8.776807163299313,Low,Normal
EVT000717,2026-08-15 17:13:01.735196,DDoS,Asia,Desktop,3,231,86,0,385,1,-0.17528360160986867,11.955563941198895,Low,Normal
EVT000718,2026-08-15 17:21:01.735196,Malware,Europe,Router,2,178,31,0,494,1,-0.14438004529722404,20.17921784024324,Low,Normal
EVT000719,2026-08-15 17:29:01.735196,Unauthorized Access,Africa,Router,2,253,30,0,442,1,-0.17511780688666845,11.999683084254563,Low,Normal
EVT000720,2026-08-15 17:37:01.735196,Malware,Asia,Firewall,4,687,53,0,140,1,-0.20172709927923715,4.918763046406911,Low,Normal
EVT000721,2026-08-15 17:45:01.735196,Unauthorized Access,Asia,Router,6,507,65,0,138,1,-0.164768052739591,14.753825526137174,Low,Normal
EVT000722,2026-08-15 17:53:01.735196,DDoS,South America,Server,132,11031,447,1,1794,-1,0.12364785285659508,91.50332848324545,High,Suspicious
EVT000723,2026-08-15 18:01:01.735196,Unauthorized Access,Europe,Firewall,3,637,49,0,460,1,-0.18942146538224963,8.193378859337393,Low,Normal
EVT000724,2026-08-15 18:09:01.735196,Brute Force,South America,Laptop,7,827,30,0,313,1,-0.11853198697336609,27.05756813323997,Low,Normal
EVT000725,2026-08-15 18:17:01.735196,Ransomware,Asia,Router,0,677,77,0,214,1,-0.14128537276741182,21.002731987242644,Low,Normal
EVT000726,2026-08-15 18:25:01.735196,Phishing,South America,Desktop,3,798,50,0,277,1,-0.21005862748055254,2.701684737212087,Low,Normal
EVT000727,2026-08-15 18:33:01.735196,DDoS,North America,Desktop,5,291,26,0,189,1,-0.1822983091535028,10.088900879567394,Low,Normal
EVT000728,2026-08-15 18:41:01.735196,Phishing,Oceania,Router,5,254,57,0,313,1,-0.1829231825664585,9.922617665206086,Low,Normal
EVT000729,2026-08-15 18:49:01.735196,Phishing,South America,Server,4,792,41,0,396,1,-0.1906175151270612,7.875101601928469,Low,Normal
EVT000730,2026-08-15 18:57:01.735196,Malware,South America,Desktop,1,504,76,0,276,1,-0.18903735772889074,8.295592610054008,Low,Normal
EVT000731,2026-08-15 19:05:01.735196,DDoS,Asia,Router,4,877,16,0,128,1,-0.17035680926484537,13.266618069339964,Low,Normal
EVT000732,2026-08-15 19:13:01.735196,Brute Force,Africa,Laptop,1,733,21,0,455,1,-0.14243521589221908,20.69675063671628,Low,Normal
EVT000733,2026-08-15 19:21:01.735196,Unauthorized Access,Oceania,Laptop,2,496,89,0,141,1,-0.18918375663133058,8.256634831451274,Low,Normal
EVT000734,2026-08-15 19:29:01.735196,Phishing,South America,Desktop,2,429,10,0,316,1,-0.1811563385865737,10.392787287018756,Low,Normal
EVT000735,2026-08-15 19:37:01.735196,Brute Force,Oceania,Router,1,751,77,0,259,1,-0.18291042386530976,9.926012845404351,Low,Normal
EVT000736,2026-08-15 19:45:01.735196,Phishing,Asia,Router,2,311,12,0,371,1,-0.16757401310288655,14.00713971921152,Low,Normal
EVT000737,2026-08-15 19:53:01.735196,DDoS,Asia,Server,3,760,54,0,29,1,-0.17451297662029708,12.160632676203946,Low,Normal
EVT000738,2026-08-15 20:01:01.735196,Phishing,Africa,Firewall,4,655,90,0,384,1,-0.17523243117146176,11.96918075510418,Low,Normal
EVT000739,2026-08-15 20:09:01.735196,Unauthorized Access,North America,Router,0,489,21,0,303,1,-0.14382149040011694,20.327853230647992,Low,Normal
EVT000740,2026-08-15 20:17:01.735196,Phishing,South America,Desktop,1,811,25,0,350,1,-0.16779191249083114,13.949155158045121,Low,Normal
EVT000741,2026-08-15 20:25:01.735196,Malware,South America,Router,3,831,61,0,469,1,-0.1716045170267373,12.934594249908148,Low,Normal
EVT000742,2026-08-15 20:33:01.735196,Ransomware,Europe,Desktop,1,209,56,0,243,1,-0.17888169014123062,10.998087252086112,Low,Normal
EVT000743,2026-08-15 20:41:01.735196,Brute Force,South America,Router,2,279,91,0,73,1,-0.168015794857109,13.889578484223447,Low,Normal
EVT000744,2026-08-15 20:49:01.735196,Unauthorized Access,South America,Firewall,3,328,88,0,379,1,-0.1802583829538495,10.631739602587688,Low,Normal
EVT000745,2026-08-15 20:57:01.735196,Unauthorized Access,Oceania,Router,3,641,48,0,352,1,-0.21177373676960948,2.2452820808463145,Low,Normal
EVT000746,2026-08-15 21:05:01.735196,Ransomware,Oceania,Firewall,7,840,98,0,288,1,-0.09286971606803673,33.886479086203494,Low,Normal
EVT000747,2026-08-15 21:13:01.735196,Malware,North America,Laptop,1,239,28,0,401,1,-0.16115385955570305,15.715587776665554,Low,Normal
EVT000748,2026-08-15 21:21:01.735196,Ransomware,Europe,Firewall,2,281,17,0,268,1,-0.1807949192325709,10.488963521548731,Low,Normal
EVT000749,2026-08-15 21:29:01.735196,Brute Force,Oceania,Router,115,10092,581,1,1685,-1,0.09690912330603152,84.38796430640431,High,Suspicious
EVT000750,2026-08-15 21:37:01.735196,Ransomware,South America,Server,2,287,77,0,494,1,-0.14797426975341194,19.22276940873776,Low,Normal
EVT000751,2026-08-15 21:45:01.735196,Ransomware,Europe,Firewall,36,10159,715,1,954,-1,0.09223223382371093,83.14341108937057,High,Suspicious
EVT000752,2026-08-15 21:53:01.735196,Unauthorized Access,Africa,Firewall,2,999,15,0,454,1,-0.12698270522399485,24.808772512812514,Low,Normal
EVT000753,2026-08-15 22:01:01.735196,Ransomware,South America,Router,0,320,89,0,246,1,-0.12375531495610526,25.667603784260983,Low,Normal
EVT000754,2026-08-15 22:09:01.735196,Unauthorized Access,Oceania,Firewall,4,354,72,0,168,1,-0.20295681687564693,4.591526536662533,Low,Normal
EVT000755,2026-08-15 22:17:01.735196,Malware,South America,Server,0,508,48,0,366,1,-0.15330907951901246,17.80313897249603,Low,Normal
EVT000756,2026-08-15 22:25:01.735196,Malware,North America,Laptop,1,620,16,0,253,1,-0.1788766751714193,10.99942177085881,Low,Normal
EVT000757,2026-08-15 22:33:01.735196,Ransomware,South America,Laptop,2,977,81,0,374,1,-0.14840078383259442,19.109271009563837,Low,Normal
EVT000758,2026-08-15 22:41:01.735196,Ransomware,South America,Server,4,667,76,0,316,1,-0.19752077323120104,6.038096020762048,Low,Normal
EVT000759,2026-08-15 22:49:01.735196,Brute Force,South America,Desktop,3,694,58,0,405,1,-0.19522983959173296,6.6477295906355245,Low,Normal
EVT000760,2026-08-15 22:57:01.735196,Malware,Oceania,Server,2,903,29,0,107,1,-0.1842784952683138,9.561959413700054,Low,Normal
EVT000761,2026-08-15 23:05:01.735196,Ransomware,Oceania,Server,74,13625,506,1,1751,-1,0.11630735746968335,89.54997098293748,High,Suspicious
EVT000762,2026-08-15 23:13:01.735196,Phishing,Oceania,Laptop,1,168,5,0,227,1,-0.11874486762440484,27.000919093296638,Low,Normal
EVT000763,2026-08-15 23:21:01.735196,Unauthorized Access,Europe,Desktop,4,189,53,0,416,1,-0.1815797481713754,10.280115015655525,Low,Normal
EVT000764,2026-08-15 23:29:01.735196,DDoS,Europe,Router,4,571,99,0,376,1,-0.16643019553667576,14.311517626174805,Low,Normal
EVT000765,2026-08-15 23:37:01.735196,Phishing,Oceania,Router,8,577,34,1,223,1,-0.002336236734295505,57.97807530201967,Medium,Normal
EVT000766,2026-08-15 23:45:01.735196,Brute Force,Africa,Laptop,4,568,60,0,53,1,-0.19167931477947125,7.592549239242204,Low,Normal
EVT000767,2026-08-15 23:53:01.735196,DDoS,South America,Server,3,767,20,0,472,1,-0.16069402940095717,15.83795181809553,Low,Normal
EVT000768,2026-08-16 00:01:01.735196,Phishing,Asia,Server,4,519,88,0,374,1,-0.1790007588602298,10.966402227704265,Low,Normal
EVT000769,2026-08-16 00:09:01.735196,Unauthorized Access,Europe,Desktop,1,216,72,0,203,1,-0.17488981254091274,12.060353984764058,Low,Normal
EVT000770,2026-08-16 00:17:01.735196,DDoS,North America,Desktop,3,552,14,0,484,1,-0.15872162557312886,16.36282236260867,Low,Normal
EVT000771,2026-08-16 00:25:01.735196,DDoS,Africa,Desktop,1,491,69,0,240,1,-0.1919743454918436,7.514039489633029,Low,Normal
EVT000772,2026-08-16 00:33:01.735196,Unauthorized Access,South America,Firewall,2,244,73,0,71,1,-0.18244583107145956,10.049644258629462,Low,Normal
EVT000773,2026-08-16 00:41:01.735196,Ransomware,South America,Firewall,3,583,54,0,343,1,-0.21220055078924738,2.1317038654055933,Low,Normal
EVT000774,2026-08-16 00:49:01.735196,Brute Force,Oceania,Desktop,5,924,5,0,228,1,-0.12899694034324316,24.272770367155868,Low,Normal
EVT000775,2026-08-16 00:57:01.735196,Unauthorized Access,North America,Laptop,5,255,9,0,27,1,-0.11343730086480652,28.413299973847582,Low,Normal
EVT000776,2026-08-16 01:05:01.735196,Phishing,Asia,Server,6,651,71,0,246,1,-0.16823275295583412,13.831844406745116,Low,Normal
EVT000777,2026-08-16 01:13:01.735196,Brute Force,Europe,Firewall,2,208,89,0,377,1,-0.17069390346889468,13.176914928464194,Low,Normal
EVT000778,2026-08-16 01:21:01.735196,Unauthorized Access,Europe,Firewall,4,421,23,0,400,1,-0.17885905437752636,11.004110788165944,Low,Normal
EVT000779,2026-08-16 01:29:01.735196,Phishing,South America,Firewall,4,357,67,0,28,1,-0.16553006480646032,14.551048750499065,Low,Normal
EVT000780,2026-08-16 01:37:01.735196,Brute Force,Europe,Firewall,5,528,8,1,206,1,-0.03338197213359517,49.71658654706087,Medium,Normal
EVT000781,2026-08-16 01:45:01.735196,Ransomware,Europe,Laptop,1,384,77,0,161,1,-0.18226673231913654,10.097303697496457,Low,Normal
EVT000782,2026-08-16 01:53:01.735196,DDoS,Africa,Server,6,308,5,0,261,1,-0.12207788844190232,26.113978788947456,Low,Normal
EVT000783,2026-08-16 02:01:01.735196,Malware,South America,Laptop,1,799,39,0,220,1,-0.1901678449009659,7.99476201481758,Low,Normal
EVT000784,2026-08-16 02:09:01.735196,DDoS,Africa,Firewall,2,208,5,0,388,1,-0.13702664351495075,22.136009823219272,Low,Normal
EVT000785,2026-08-16 02:17:01.735196,DDoS,Oceania,Router,0,202,90,0,439,1,-0.0995686820589945,32.10383707459253,Low,Normal
EVT000786,2026-08-16 02:25:01.735196,DDoS,South America,Laptop,2,181,48,0,488,1,-0.15760217520108588,16.66071598765632,Low,Normal
EVT000787,2026-08-16 02:33:01.735196,Malware,Europe,Desktop,2,137,63,0,210,1,-0.18497501149941753,9.376611541056665,Low,Normal
EVT000788,2026-08-16 02:41:01.735196,Phishing,Africa,Desktop,57,12371,493,1,934,-1,0.1029789376736322,86.00318464174711,High,Suspicious
EVT000789,2026-08-16 02:49:01.735196,DDoS,Africa,Router,1,915,24,0,320,1,-0.15714452461451167,16.78250003065143,Low,Normal
EVT000790,2026-08-16 02:57:01.735196,Malware,Africa,Server,0,187,93,0,194,1,-0.10705292966308111,30.11222609726379,Low,Normal
EVT000791,2026-08-16 03:05:01.735196,Unauthorized Access,Asia,Firewall,0,717,9,0,307,1,-0.12454867686924492,25.456484593824165,Low,Normal
EVT000792,2026-08-16 03:13:01.735196,Malware,Oceania,Router,4,221,21,0,327,1,-0.1797565230428793,10.765288058042806,Low,Normal
EVT000793,2026-08-16 03:21:01.735196,DDoS,North America,Laptop,0,351,38,0,495,1,-0.10399865656887808,30.924989670031362,Low,Normal
EVT000794,2026-08-16 03:29:01.735196,Malware,South America,Desktop,5,515,71,0,351,1,-0.1915227178195409,7.634220792738554,Low,Normal
EVT000795,2026-08-16 03:37:01.735196,Malware,South America,Server,2,787,21,0,385,1,-0.17509441532738418,12.005907742859117,Low,Normal
EVT000796,2026-08-16 03:45:01.735196,Phishing,Europe,Firewall,3,822,73,0,402,1,-0.18105107591723718,10.420798424389343,Low,Normal
EVT000797,2026-08-16 03:53:01.735196,Brute Force,Africa,Router,2,615,28,1,268,1,-0.05374206352862121,44.2986228896841,Medium,Normal
EVT000798,2026-08-16 04:01:01.735196,Phishing,Europe,Laptop,3,155,93,0,333,1,-0.16382564762259683,15.00460616239933,Low,Normal
EVT000799,2026-08-16 04:09:01.735196,Unauthorized Access,Asia,Firewall,1,361,21,0,250,1,-0.17190263455465443,12.855263076951005,Low,Normal
EVT000800,2026-08-16 04:17:01.735196,Unauthorized Access,Europe,Desktop,1,860,81,0,317,1,-0.1652927239819731,14.6142068147992,Low,Normal
EVT000801,2026-08-16 04:25:01.735196,Ransomware,Asia,Firewall,3,934,64,0,225,1,-0.1888521950752684,8.344865695747247,Low,Normal
EVT000802,2026-08-16 04:33:01.735196,Unauthorized Access,Oceania,Server,2,924,57,0,22,1,-0.1398975138058915,21.372051027574596,Low,Normal
EVT000803,2026-08-16 04:41:01.735196,DDoS,North America,Desktop,4,358,9,0,391,1,-0.16176096761807562,15.554032047164329,Low,Normal
EVT000804,2026-08-16 04:49:01.735196,Phishing,Oceania,Laptop,4,686,75,0,79,1,-0.1893960323574988,8.200146766274727,Low,Normal
EVT000805,2026-08-16 04:57:01.735196,Brute Force,Asia,Laptop,2,563,29,0,48,1,-0.1849098663473709,9.39394712464492,Low,Normal
EVT000806,2026-08-16 05:05:01.735196,Brute Force,South America,Router,4,741,90,0,344,1,-0.17323999902758003,12.499380975520562,Low,Normal
EVT000807,2026-08-16 05:13:01.735196,Brute Force,Asia,Router,5,885,42,0,302,1,-0.17733070128092582,11.410816306936058,Low,Normal
EVT000808,2026-08-16 05:21:01.735196,Malware,Oceania,Server,3,787,48,0,234,1,-0.20789217629609075,3.2781926494389637,Low,Normal
EVT000809,2026-08-16 05:29:01.735196,Brute Force,Asia,Desktop,2,613,98,0,473,1,-0.14842169229924662,19.10370711938991,Low,Normal
EVT000810,2026-08-16 05:37:01.735196,DDoS,Asia,Firewall,4,958,98,0,420,1,-0.12782751778096674,24.583961943834055,Low,Normal
EVT000811,2026-08-16 05:45:01.735196,Brute Force,North America,Router,44,5223,453,1,1259,-1,0.09690912330603152,84.38796430640431,High,Suspicious
EVT000812,2026-08-16 05:53:01.735196,Brute Force,Asia,Server,2,736,55,0,391,1,-0.19351341309202802,7.104482766028029,Low,Normal
EVT000813,2026-08-16 06:01:01.735196,DDoS,Europe,Router,3,541,79,0,30,1,-0.1705166348687297,13.224087350957472,Low,Normal
EVT000814,2026-08-16 06:09:01.735196,DDoS,Asia,Desktop,2,263,79,0,132,1,-0.18964266472254193,8.134516157619256,Low,Normal
EVT000815,2026-08-16 06:17:01.735196,Ransomware,Africa,Firewall,4,585,88,0,60,1,-0.17289443623973338,12.59133766616451,Low,Normal
EVT000816,2026-08-16 06:25:01.735196,DDoS,Asia,Server,1,608,68,0,274,1,-0.19517803555293517,6.661515010065434,Low,Normal
EVT000817,2026-08-16 06:33:01.735196,Brute Force,South America,Server,141,13880,686,1,1669,-1,0.13557893504353713,94.67827344924984,High,Suspicious
EVT000818,2026-08-16 06:41:01.735196,Phishing,South America,Router,5,360,19,0,266,1,-0.1750329196996518,12.02227216233432,Low,Normal
EVT000819,2026-08-16 06:49:01.735196,DDoS,Europe,Laptop,149,13399,610,1,1446,-1,0.13186543244127946,93.69008426334466,High,Suspicious
EVT000820,2026-08-16 06:57:01.735196,Ransomware,Europe,Desktop,2,797,66,0,183,1,-0.19552302139735633,6.569711848128749,Low,Normal
EVT000821,2026-08-16 07:05:01.735196,Ransomware,Asia,Server,4,299,67,0,257,1,-0.20145158924185647,4.992078206973222,Low,Normal
EVT000822,2026-08-16 07:13:01.735196,Brute Force,Europe,Server,0,157,50,0,258,1,-0.12978701456713004,24.062526053974885,Low,Normal
EVT000823,2026-08-16 07:21:01.735196,Ransomware,Oceania,Laptop,6,648,90,0,434,1,-0.1347937445323445,22.730199962331795,Low,Normal
EVT000824,2026-08-16 07:29:01.735196,Malware,Oceania,Server,1,511,52,0,23,1,-0.15996486362895668,16.031987963427714,Low,Normal
EVT000825,2026-08-16 07:37:01.735196,DDoS,North America,Laptop,71,14257,975,1,1572,-1,0.12542014058863626,91.9749467258315,High,Suspicious
EVT000826,2026-08-16 07:45:01.735196,Unauthorized Access,Oceania,Router,1,636,77,0,138,1,-0.18344920582743313,9.78263917220229,Low,Normal
EVT000827,2026-08-16 07:53:01.735196,Brute Force,Asia,Server,87,5564,877,1,1525,-1,0.0938143330648753,83.56441883558757,High,Suspicious
EVT000828,2026-08-16 08:01:01.735196,DDoS,Oceania,Laptop,2,904,24,0,377,1,-0.17169280606052395,12.911099916453542,Low,Normal
EVT000829,2026-08-16 08:09:01.735196,Phishing,South America,Server,1,862,5,0,246,1,-0.1395276531353809,21.470473555855037,Low,Normal
EVT000830,2026-08-16 08:17:01.735196,Malware,North America,Desktop,3,591,49,0,458,1,-0.19191648915964038,7.529435466946903,Low,Normal
EVT000831,2026-08-16 08:25:01.735196,Ransomware,Europe,Router,0,557,39,1,493,1,-0.01141114399759724,55.56317859096439,Medium,Normal
EVT000832,2026-08-16 08:33:01.735196,Phishing,Oceania,Laptop,3,370,15,0,227,1,-0.18871902877532792,8.380302185666007,Low,Normal
EVT000833,2026-08-16 08:41:01.735196,Unauthorized Access,North America,Firewall,4,202,45,0,224,1,-0.19673838813183003,6.24629420377712,Low,Normal
EVT000834,2026-08-16 08:49:01.735196,DDoS,Asia,Laptop,4,275,83,0,392,1,-0.17851285099929592,11.096237944420842,Low,Normal
EVT000835,2026-08-16 08:57:01.735196,Phishing,South America,Firewall,4,100,64,0,121,1,-0.1536532057119775,17.711564569863857,Low,Normal
EVT000836,2026-08-16 09:05:01.735196,Phishing,North America,Server,4,424,55,0,116,1,-0.20274489892690273,4.647919394747758,Low,Normal
EVT000837,2026-08-16 09:13:01.735196,Malware,Africa,Router,3,791,57,0,473,1,-0.17571074777263684,11.841897340132885,Low,Normal
EVT000838,2026-08-16 09:21:01.735196,DDoS,Asia,Laptop,5,921,94,0,345,1,-0.14344625419556079,20.427706226382274,Low,Normal
EVT000839,2026-08-16 09:29:01.735196,Brute Force,North America,Laptop,2,660,6,0,247,1,-0.17139488601300645,12.990378538486059,Low,Normal
EVT000840,2026-08-16 09:37:01.735196,Unauthorized Access,Oceania,Firewall,3,613,45,0,238,1,-0.2173205294920868,0.7692414873976103,Low,Normal
EVT000841,2026-08-16 09:45:01.735196,Brute Force,North America,Desktop,3,111,9,0,115,1,-0.1307482694903937,23.80672935155982,Low,Normal
EVT000842,2026-08-16 09:53:01.735196,Unauthorized Access,Africa,Laptop,5,757,13,0,38,1,-0.14152115752882782,20.93998800228061,Low,Normal
EVT000843,2026-08-16 10:01:01.735196,Ransomware,Oceania,Server,4,960,8,0,450,1,-0.12266185184382872,25.95858201653177,Low,Normal
EVT000844,2026-08-16 10:09:01.735196,Phishing,South America,Router,5,201,49,0,451,1,-0.16266795969590792,15.312675069934626,Low,Normal
EVT000845,2026-08-16 10:17:01.735196,DDoS,Oceania,Firewall,3,807,82,0,61,1,-0.17835453372217253,11.138367286433471,Low,Normal
EVT000846,2026-08-16 10:25:01.735196,Malware,Asia,Desktop,3,656,13,0,298,1,-0.19304354566093906,7.229517797356371,Low,Normal
EVT000847,2026-08-16 10:33:01.735196,Unauthorized Access,South America,Desktop,1,303,33,0,194,1,-0.18275326423309046,9.967834129958057,Low,Normal
EVT000848,2026-08-16 10:41:01.735196,Phishing,South America,Server,1,485,66,0,77,1,-0.18056636694377004,10.54978289463052,Low,Normal
EVT000849,2026-08-16 10:49:01.735196,Malware,North America,Desktop,137,10073,921,1,757,-1,0.1291160397946306,92.95845152406129,High,Suspicious
EVT000850,2026-08-16 10:57:01.735196,Malware,South America,Firewall,1,923,47,0,171,1,-0.16695032580727381,14.173107299397481,Low,Normal
EVT000851,2026-08-16 11:05:01.735196,Brute Force,Africa,Router,1,553,59,0,12,1,-0.15191382173612306,18.174426891282764,Low,Normal
EVT000852,2026-08-16 11:13:01.735196,DDoS,North America,Firewall,6,549,15,0,483,1,-0.11933951444452712,26.84267938808666,Low,Normal
EVT000853,2026-08-16 11:21:01.735196,Phishing,Asia,Server,2,655,26,0,487,1,-0.16033397100083296,15.933765893217156,Low,Normal
EVT000854,2026-08-16 11:29:01.735196,Unauthorized Access,Europe,Laptop,3,924,77,0,497,1,-0.13478626375452762,22.732190649974317,Low,Normal
EVT000855,2026-08-16 11:37:01.735196,DDoS,Africa,Server,3,826,31,0,35,1,-0.17400208881468437,12.296583517980757,Low,Normal
EVT000856,2026-08-16 11:45:01.735196,DDoS,Oceania,Laptop,2,512,43,0,298,1,-0.2146242276637656,1.4867463861590986,Low,Normal
EVT000857,2026-08-16 11:53:01.735196,Malware,South America,Server,4,623,76,0,229,1,-0.2048222286844531,4.095127321646122,Low,Normal
EVT000858,2026-08-16 12:01:01.735196,Unauthorized Access,North America,Desktop,1,232,26,0,421,1,-0.15768200135259597,16.63947368675508,Low,Normal
EVT000859,2026-08-16 12:09:01.735196,Brute Force,Oceania,Laptop,3,897,30,0,48,1,-0.17223087919560426,12.767914867117854,Low,Normal
EVT000860,2026-08-16 12:17:01.735196,Brute Force,Europe,Server,2,997,10,0,175,1,-0.1451801282762903,19.96631012684635,Low,Normal
EVT000861,2026-08-16 12:25:01.735196,Ransomware,Africa,Firewall,0,757,31,0,485,1,-0.10898901325366334,29.59702062358008,Low,Normal
EVT000862,2026-08-16 12:33:01.735196,Brute Force,Asia,Laptop,2,169,82,0,271,1,-0.17575141950086487,11.831074306918211,Low,Normal
EVT000863,2026-08-16 12:41:01.735196,Brute Force,Asia,Server,5,700,17,0,403,1,-0.16024452276387025,15.957568698797825,Low,Normal
EVT000864,2026-08-16 12:49:01.735196,Malware,Asia,Router,2,997,29,0,60,1,-0.1510777240430018,18.39691837363702,Low,Normal
EVT000865,2026-08-16 12:57:01.735196,Malware,Asia,Firewall,2,731,63,0,441,1,-0.1848555515671071,9.408400670054817,Low,Normal
EVT000866,2026-08-16 13:05:01.735196,DDoS,South America,Firewall,6,551,73,1,101,1,-0.02905359587055567,50.86839794287461,Medium,Normal
EVT000867,2026-08-16 13:13:01.735196,DDoS,Africa,Laptop,2,229,41,0,441,1,-0.1810080466058377,10.432248827083573,Low,Normal
EVT000868,2026-08-16 13:21:01.735196,Ransomware,North America,Firewall,6,450,46,0,217,1,-0.17527251018957296,11.958515446224334,Low,Normal
EVT000869,2026-08-16 13:29:01.735196,Malware,Europe,Firewall,4,265,35,0,291,1,-0.19537921652760265,6.607979336371439,Low,Normal
EVT000870,2026-08-16 13:37:01.735196,Malware,Europe,Server,38,12766,448,1,1460,-1,0.1122241389963744,88.46339780090739,High,Suspicious
EVT000871,2026-08-16 13:45:01.735196,DDoS,Europe,Laptop,2,655,32,0,136,1,-0.20781427559477927,3.2989225744869835,Low,Normal
EVT000872,2026-08-16 13:53:01.735196,Malware,Africa,Router,3,347,50,0,167,1,-0.20806093397454756,3.233285043130004,Low,Normal
EVT000873,2026-08-16 14:01:01.735196,Phishing,South America,Desktop,2,446,70,0,170,1,-0.204215993857098,4.256450677161535,Low,Normal
EVT000874,2026-08-16 14:09:01.735196,Malware,Africa,Desktop,4,476,6,0,36,1,-0.13540845442911142,22.566621331180528,Low,Normal
EVT000875,2026-08-16 14:17:01.735196,Brute Force,North America,Laptop,3,440,97,0,326,1,-0.17956700321783764,10.815720617725669,Low,Normal
EVT000876,2026-08-16 14:25:01.735196,Unauthorized Access,North America,Router,1,485,36,0,178,1,-0.19839059743065696,5.806629677634025,Low,Normal
EVT000877,2026-08-16 14:33:01.735196,DDoS,Asia,Desktop,2,112,23,0,418,1,-0.14493766552339077,20.0308311723559,Low,Normal
EVT000878,2026-08-16 14:41:01.735196,Unauthorized Access,South America,Server,2,889,81,0,447,1,-0.15748279772723028,16.692483173879126,Low,Normal
EVT000879,2026-08-16 14:49:01.735196,Ransomware,Africa,Desktop,5,311,20,0,341,1,-0.1705794702544799,13.207366412441699,Low,Normal
EVT000880,2026-08-16 14:57:01.735196,Phishing,South America,Desktop,1,700,50,0,263,1,-0.19614995452588946,6.402880528951675,Low,Normal
EVT000881,2026-08-16 15:05:01.735196,DDoS,Europe,Firewall,2,597,91,0,86,1,-0.1780750527005111,11.212739153873025,Low,Normal
EVT000882,2026-08-16 15:13:01.735196,Phishing,Europe,Server,4,307,45,0,475,1,-0.17640357255431832,11.657531788168946,Low,Normal
EVT000883,2026-08-16 15:21:01.735196,Malware,Europe,Firewall,3,627,94,0,160,1,-0.18456067131592568,9.486870380881818,Low,Normal
EVT000884,2026-08-16 15:29:01.735196,Brute Force,North America,Desktop,2,888,21,0,474,1,-0.14174792632356664,20.87964322952472,Low,Normal
EVT000885,2026-08-16 15:37:01.735196,Brute Force,South America,Desktop,132,10649,372,1,1628,-1,0.112345037246114,88.49556967629934,High,Suspicious
EVT000886,2026-08-16 15:45:01.735196,Unauthorized Access,Europe,Router,9,499,94,0,231,1,-0.07771527521619848,37.91918248571692,Low,Normal
EVT000887,2026-08-16 15:53:01.735196,Malware,Europe,Desktop,1,371,20,0,21,1,-0.13152254868790342,23.600688206096432,Low,Normal
EVT000888,2026-08-16 16:01:01.735196,Phishing,Africa,Router,3,387,45,0,292,1,-0.20882564354641941,3.0297904424200066,Low,Normal
EVT000889,2026-08-16 16:09:01.735196,Ransomware,South America,Server,3,358,88,0,490,1,-0.14520872824660847,19.958699473397918,Low,Normal
EVT000890,2026-08-16 16:17:01.735196,Unauthorized Access,Europe,Router,7,866,35,0,488,1,-0.08653100640203715,35.573254353501085,Low,Normal
EVT000891,2026-08-16 16:25:01.735196,Unauthorized Access,North America,Router,2,519,62,0,118,1,-0.20910332936344378,2.9558962915727993,Low,Normal
EVT000892,2026-08-16 16:33:01.735196,Phishing,Europe,Desktop,3,977,22,0,146,1,-0.16884459613455782,13.669028629447148,Low,Normal
EVT000893,2026-08-16 16:41:01.735196,Ransomware,South America,Desktop,4,152,96,0,456,1,-0.14057987593584964,21.19046966089239,Low,Normal
EVT000894,2026-08-16 16:49:01.735196,Ransomware,Europe,Server,4,626,35,0,174,1,-0.20882721487814992,3.0293722999841792,Low,Normal
EVT000895,2026-08-16 16:57:01.735196,Phishing,Africa,Server,2,229,88,0,397,1,-0.1674891485450814,14.029722775498781,Low,Normal
EVT000896,2026-08-16 17:05:01.735196,Phishing,South America,Router,3,603,70,0,422,1,-0.19226448467234525,7.436831411091546,Low,Normal
EVT000897,2026-08-16 17:13:01.735196,Malware,Africa,Desktop,2,217,78,0,492,1,-0.1471868495272754,19.432307474432957,Low,Normal
EVT000898,2026-08-16 17:21:01.735196,Phishing,South America,Desktop,2,177,60,0,304,1,-0.19219521966182196,7.455263318024668,Low,Normal
EVT000899,2026-08-16 17:29:01.735196,Malware,North America,Laptop,4,471,54,0,78,1,-0.19722339029891656,6.117231712649712,Low,Normal
EVT000900,2026-08-16 17:37:01.735196,Ransomware,Oceania,Firewall,4,757,76,0,346,1,-0.1896526490220678,8.131859265224916,Low,Normal
EVT000901,2026-08-16 17:45:01.735196,Ransomware,Europe,Server,58,6872,779,1,1346,-1,0.07229080492607243,77.83685646997614,High,Suspicious
EVT000902,2026-08-16 17:53:01.735196,Ransomware,South America,Firewall,1,257,85,0,335,1,-0.16525468560763562,14.624329094004512,Low,Normal
EVT000903,2026-08-16 18:01:01.735196,Ransomware,Asia,Laptop,131,6313,979,1,1770,-1,0.13362038039919755,94.15708826996276,High,Suspicious
EVT000904,2026-08-16 18:09:01.735196,DDoS,South America,Firewall,105,10432,662,1,1367,-1,0.08085678239584848,80.11632338005558,High,Suspicious
EVT000905,2026-08-16 18:17:01.735196,Phishing,North America,Router,1,773,15,0,172,1,-0.16757894716658261,14.005826730125678,Low,Normal
EVT000906,2026-08-16 18:25:01.735196,Phishing,North America,Server,7,999,95,0,490,1,-0.04711431356768414,46.06231381433829,Medium,Normal
EVT000907,2026-08-16 18:33:01.735196,Phishing,Europe,Laptop,2,786,30,0,235,1,-0.1978826819605924,5.941789559995926,Low,Normal
EVT000908,2026-08-16 18:41:01.735196,Ransomware,Oceania,Server,3,610,82,0,495,1,-0.15547908417487177,17.225685456513464,Low,Normal
EVT000909,2026-08-16 18:49:01.735196,Ransomware,North America,Server,6,349,24,0,389,1,-0.14220319029653666,20.75849428121169,Low,Normal
EVT000910,2026-08-16 18:57:01.735196,Phishing,Oceania,Router,4,973,23,0,313,1,-0.16147491630826188,15.630152314536726,Low,Normal
EVT000911,2026-08-16 19:05:01.735196,Malware,Asia,Server,2,892,82,0,412,1,-0.1612082593667799,15.701111603957676,Low,Normal
EVT000912,2026-08-16 19:13:01.735196,DDoS,North America,Laptop,140,10024,693,1,1038,-1,0.10506783187768554,86.55905409547809,High,Suspicious
EVT000913,2026-08-16 19:21:01.735196,DDoS,Oceania,Router,6,320,98,0,376,1,-0.13281142219489672,23.257709892082016,Low,Normal
EVT000914,2026-08-16 19:29:01.735196,DDoS,Oceania,Router,1,837,59,0,255,1,-0.1816398250748032,10.264128128705742,Low,Normal
EVT000915,2026-08-16 19:37:01.735196,Phishing,Europe,Desktop,3,579,31,0,298,1,-0.2109878685458646,2.4544071477788316,Low,Normal
EVT000916,2026-08-16 19:45:01.735196,Phishing,North America,Firewall,2,875,61,0,146,1,-0.19134030109526617,7.682763167300761,Low,Normal
EVT000917,2026-08-16 19:53:01.735196,Phishing,Oceania,Desktop,3,695,29,0,199,1,-0.20823249722874732,3.1876308533643005,Low,Normal
EVT000918,2026-08-16 20:01:01.735196,Unauthorized Access,South America,Server,2,750,52,0,244,1,-0.20775053274614447,3.3158849952649874,Low,Normal
EVT000919,2026-08-16 20:09:01.735196,DDoS,Europe,Router,3,447,44,0,88,1,-0.20113480681703638,5.076376240399053,Low,Normal
EVT000920,2026-08-16 20:17:01.735196,Unauthorized Access,Europe,Firewall,4,108,37,0,486,1,-0.12965044536828824,24.09886807924805,Low,Normal
EVT000921,2026-08-16 20:25:01.735196,DDoS,Oceania,Desktop,2,873,17,0,322,1,-0.18001139404610517,10.697465089766043,Low,Normal
EVT000922,2026-08-16 20:33:01.735196,DDoS,Asia,Firewall,3,111,14,0,186,1,-0.152916143049739,17.907702133283298,Low,Normal
EVT000923,2026-08-16 20:41:01.735196,DDoS,Asia,Laptop,3,817,60,0,65,1,-0.1919417473607951,7.5227140817992675,Low,Normal
EVT000924,2026-08-16 20:49:01.735196,Unauthorized Access,Europe,Server,97,8718,321,1,1542,-1,0.0947157985271575,83.80430514151145,High,Suspicious
EVT000925,2026-08-16 20:57:01.735196,Ransomware,North America,Router,3,106,59,0,71,1,-0.15157015316534123,18.265879517430278,Low,Normal
EVT000926,2026-08-16 21:05:01.735196,Unauthorized Access,Europe,Laptop,5,763,48,0,150,1,-0.18404468148490155,9.624178907539399,Low,Normal
EVT000927,2026-08-16 21:13:01.735196,Brute Force,Europe,Desktop,4,644,24,0,366,1,-0.18933389066291823,8.21668310868661,Low,Normal
EVT000928,2026-08-16 21:21:01.735196,Brute Force,North America,Laptop,4,184,35,0,387,1,-0.18284960936042505,9.94219601329461,Low,Normal
EVT000929,2026-08-16 21:29:01.735196,DDoS,Asia,Laptop,3,198,51,0,431,1,-0.18555938790561877,9.221104865295857,Low,Normal
EVT000930,2026-08-16 21:37:01.735196,Unauthorized Access,Asia,Desktop,4,491,85,0,298,1,-0.19551793840821385,6.571064467324335,Low,Normal
EVT000931,2026-08-16 21:45:01.735196,Malware,Oceania,Desktop,4,506,68,0,486,1,-0.16403306874509044,14.949409941437514,Low,Normal
EVT000932,2026-08-16 21:53:01.735196,Unauthorized Access,Europe,Firewall,4,649,57,0,109,1,-0.20198385517427891,4.850438495148102,Low,Normal
EVT000933,2026-08-16 22:01:01.735196,DDoS,Africa,Desktop,0,911,64,0,410,1,-0.11684745684866604,27.50583345868987,Low,Normal
EVT000934,2026-08-16 22:09:01.735196,Malware,North America,Server,1,787,16,0,112,1,-0.16296602571160235,15.233357604742595,Low,Normal
EVT000935,2026-08-16 22:17:01.735196,Phishing,North America,Firewall,4,329,58,0,462,1,-0.1808939799196843,10.462602775310318,Low,Normal
EVT000936,2026-08-16 22:25:01.735196,Ransomware,Africa,Laptop,7,703,74,0,142,1,-0.12026088966945697,26.597494954155444,Low,Normal
EVT000937,2026-08-16 22:33:01.735196,Ransomware,Oceania,Laptop,5,887,55,0,302,1,-0.17971328999596708,10.776792676191295,Low,Normal
EVT000938,2026-08-16 22:41:01.735196,Ransomware,North America,Server,3,153,48,0,464,1,-0.164725999550425,14.76501617583307,Low,Normal
EVT000939,2026-08-16 22:49:01.735196,Brute Force,Europe,Server,1,122,50,0,127,1,-0.15763235190303143,16.65268575482149,Low,Normal
EVT000940,2026-08-16 22:57:01.735196,Ransomware,North America,Desktop,2,517,48,0,167,1,-0.21750826345342905,0.7192841586178299,Low,Normal
EVT000941,2026-08-16 23:05:01.735196,Brute Force,South America,Firewall,3,207,95,0,324,1,-0.17544692322342753,11.91210291002974,Low,Normal
EVT000942,2026-08-16 23:13:01.735196,Ransomware,Asia,Laptop,5,786,38,0,154,1,-0.18272989388191074,9.974053144936683,Low,Normal
EVT000943,2026-08-16 23:21:01.735196,Brute Force,South America,Router,2,886,71,0,329,1,-0.18294319269236775,9.91729282982827,Low,Normal
EVT000944,2026-08-16 23:29:01.735196,Phishing,Oceania,Firewall,0,361,20,0,411,1,-0.11186814734321465,28.830862772947125,Low,Normal
EVT000945,2026-08-16 23:37:01.735196,Unauthorized Access,Asia,Laptop,3,848,14,0,320,1,-0.18373442775257304,9.706739609930551,Low,Normal
EVT000946,2026-08-16 23:45:01.735196,Phishing,South America,Desktop,2,635,59,0,136,1,-0.21017229609667848,2.6714367182220986,Low,Normal
EVT000947,2026-08-16 23:53:01.735196,Ransomware,Europe,Laptop,5,134,67,0,229,1,-0.16206123072447043,15.474129920669183,Low,Normal
EVT000948,2026-08-17 00:01:01.735196,Brute Force,Africa,Router,3,179,16,0,340,1,-0.17302623835642772,12.556264195011543,Low,Normal
EVT000949,2026-08-17 00:09:01.735196,Unauthorized Access,North America,Laptop,5,970,72,0,203,1,-0.1580134072112535,16.551284254634606,Low,Normal
EVT000950,2026-08-17 00:17:01.735196,Unauthorized Access,Europe,Firewall,5,176,70,0,212,1,-0.17336120225030544,12.467127944670043,Low,Normal
EVT000951,2026-08-17 00:25:01.735196,DDoS,Europe,Desktop,1,682,87,0,166,1,-0.17334756876249935,12.470755911756413,Low,Normal
EVT000952,2026-08-17 00:33:01.735196,Phishing,Asia,Desktop,1,423,62,1,322,1,-0.051473302612219385,44.90235614185137,Medium,Normal
EVT000953,2026-08-17 00:41:01.735196,Malware,Oceania,Desktop,3,226,69,0,27,1,-0.16177539434644927,15.550192993178433,Low,Normal
EVT000954,2026-08-17 00:49:01.735196,Ransomware,Europe,Laptop,4,806,86,0,296,1,-0.18225367844691315,10.10077742479572,Low,Normal
EVT000955,2026-08-17 00:57:01.735196,Ransomware,Asia,Server,1,704,40,1,318,1,-0.04995700180436635,45.3058544617364,Medium,Normal
EVT000956,2026-08-17 01:05:01.735196,Malware,South America,Router,4,105,25,0,494,1,-0.11155385704433446,28.914497634115527,Low,Normal
EVT000957,2026-08-17 01:13:01.735196,Phishing,South America,Router,4,948,25,1,247,1,-0.04188124561094697,47.45487003896857,Medium,Normal
EVT000958,2026-08-17 01:21:01.735196,Ransomware,Africa,Router,4,452,70,0,133,1,-0.1996439201196029,5.473111686583463,Low,Normal
EVT000959,2026-08-17 01:29:01.735196,DDoS,Africa,Laptop,4,688,31,0,343,1,-0.20005465189724547,5.3638130689583585,Low,Normal
EVT000960,2026-08-17 01:37:01.735196,Malware,North America,Desktop,4,561,16,0,486,1,-0.15016616361734564,18.639491020384302,Low,Normal
EVT000961,2026-08-17 01:45:01.735196,Ransomware,North America,Server,99,9311,854,1,1586,-1,0.08474840903343794,81.15191262577429,High,Suspicious
EVT000962,2026-08-17 01:53:01.735196,DDoS,Europe,Server,3,489,54,0,97,1,-0.20832234939859728,3.1637205583986057,Low,Normal
EVT000963,2026-08-17 02:01:01.735196,Malware,Asia,Firewall,3,969,74,0,115,1,-0.16979051037314058,13.417314191225685,Low,Normal
EVT000964,2026-08-17 02:09:01.735196,DDoS,Oceania,Server,3,367,46,0,464,1,-0.17959021159952798,10.809544703968449,Low,Normal
EVT000965,2026-08-17 02:17:01.735196,Brute Force,Europe,Firewall,2,245,45,0,161,1,-0.2022007398730028,4.792723949926846,Low,Normal
EVT000966,2026-08-17 02:25:01.735196,Phishing,North America,Server,3,485,19,0,424,1,-0.18205700622406096,10.153113287889584,Low,Normal
EVT000967,2026-08-17 02:33:01.735196,Phishing,South America,Firewall,2,720,96,0,312,1,-0.17314440308032447,12.524819730090675,Low,Normal
EVT000968,2026-08-17 02:41:01.735196,Brute Force,Africa,Desktop,3,716,92,0,93,1,-0.17035030651661237,13.268348496424787,Low,Normal
EVT000969,2026-08-17 02:49:01.735196,Ransomware,Europe,Server,2,909,9,0,299,1,-0.15945173486101055,16.168535141058054,Low,Normal
EVT000970,2026-08-17 02:57:01.735196,Unauthorized Access,Africa,Router,30,6309,681,1,1564,-1,0.08894686768012472,82.26915202924305,High,Suspicious
EVT000971,2026-08-17 03:05:01.735196,Ransomware,North America,Router,2,962,59,0,289,1,-0.17716789381728143,11.4541405191933,Low,Normal
EVT000972,2026-08-17 03:13:01.735196,Brute Force,Oceania,Firewall,2,521,69,0,444,1,-0.18283852583875188,9.945145416440985,Low,Normal
EVT000973,2026-08-17 03:21:01.735196,Malware,North America,Laptop,0,640,41,0,63,1,-0.13719649677755563,22.090810674255483,Low,Normal
EVT000974,2026-08-17 03:29:01.735196,Ransomware,North America,Router,3,286,18,0,51,1,-0.1662719339234096,14.353632155643142,Low,Normal
EVT000975,2026-08-17 03:37:01.735196,Ransomware,South America,Router,6,769,75,0,402,1,-0.14143945598418772,20.96172935849671,Low,Normal
EVT000976,2026-08-17 03:45:01.735196,Brute Force,Asia,Server,4,991,44,0,402,1,-0.15408093361126657,17.597743164614148,Low,Normal
EVT000977,2026-08-17 03:53:01.735196,DDoS,Europe,Desktop,4,822,52,0,16,1,-0.15202583279815318,18.144619959107025,Low,Normal
EVT000978,2026-08-17 04:01:01.735196,Ransomware,Europe,Router,5,291,94,0,337,1,-0.1637483447996495,15.025176987805525,Low,Normal
EVT000979,2026-08-17 04:09:01.735196,DDoS,South America,Desktop,66,7691,888,1,1464,-1,0.08321316361469555,80.74337301155956,High,Suspicious
EVT000980,2026-08-17 04:17:01.735196,Ransomware,Africa,Server,2,566,77,0,496,1,-0.15474140422684302,17.421987284027452,Low,Normal
EVT000981,2026-08-17 04:25:01.735196,Brute Force,Oceania,Server,3,882,61,0,415,1,-0.18043130603448815,10.585723553433274,Low,Normal
EVT000982,2026-08-17 04:33:01.735196,Ransomware,Africa,Router,4,986,38,1,69,1,-0.024091104203757707,52.18895191186685,Medium,Normal
EVT000983,2026-08-17 04:41:01.735196,Unauthorized Access,Europe,Firewall,1,799,74,0,491,1,-0.13113092879775695,23.70490101590915,Low,Normal
EVT000984,2026-08-17 04:49:01.735196,DDoS,Africa,Router,5,659,89,0,455,1,-0.15412835462598656,17.585124098748288,Low,Normal
EVT000985,2026-08-17 04:57:01.735196,Brute Force,South America,Firewall,1,918,46,0,136,1,-0.16608878797740628,14.402368581241129,Low,Normal
EVT000986,2026-08-17 05:05:01.735196,DDoS,Asia,Server,2,906,25,0,397,1,-0.16989735578562964,13.388881874759532,Low,Normal
EVT000987,2026-08-17 05:13:01.735196,Brute Force,North America,Firewall,5,842,65,0,349,1,-0.17980554175416497,10.75224383387287,Low,Normal
EVT000988,2026-08-17 05:21:01.735196,Unauthorized Access,Africa,Firewall,3,834,27,0,116,1,-0.1952905146795369,6.63158352261197,Low,Normal
EVT000989,2026-08-17 05:29:01.735196,DDoS,Europe,Laptop,1,750,32,0,108,1,-0.1775184473350851,11.360855760172532,Low,Normal
EVT000990,2026-08-17 05:37:01.735196,Phishing,Europe,Server,6,809,34,0,468,1,-0.1297258379828674,24.078805573736688,Low,Normal
EVT000991,2026-08-17 05:45:01.735196,Brute Force,South America,Laptop,2,231,58,0,396,1,-0.19320343112206845,7.18697115053957,Low,Normal
EVT000992,2026-08-17 05:53:01.735196,Brute Force,Europe,Firewall,5,229,98,0,115,1,-0.13900802274586715,21.60875086075662,Low,Normal
EVT000993,2026-08-17 06:01:01.735196,Brute Force,North America,Server,2,405,17,0,437,1,-0.16429386468389845,14.880010306090174,Low,Normal
EVT000994,2026-08-17 06:09:01.735196,DDoS,Africa,Desktop,3,478,15,0,285,1,-0.19656223543619972,6.29316967621764,Low,Normal
EVT000995,2026-08-17 06:17:01.735196,Unauthorized Access,South America,Server,5,770,46,0,454,1,-0.1630543244509629,15.209860688566442,Low,Normal
EVT000996,2026-08-17 06:25:01.735196,Unauthorized Access,Africa,Firewall,1,701,21,0,188,1,-0.17669215887519446,11.580736936506101,Low,Normal
EVT000997,2026-08-17 06:33:01.735196,Malware,South America,Laptop,0,930,97,0,423,1,-0.09145764748079543,34.262240478378075,Low,Normal
EVT000998,2026-08-17 06:41:01.735196,Unauthorized Access,Africa,Server,4,258,30,0,493,1,-0.15063008078762524,18.516039395347786,Low,Normal
EVT000999,2026-08-17 06:49:01.735196,Unauthorized Access,North America,Desktop,2,243,77,1,428,1,-0.04375483500112198,46.95629471197889,Medium,Normal
EVT001000,2026-08-17 06:57:01.735196,Ransomware,South America,Desktop,3,926,45,0,239,1,-0.19008602261872154,8.016535500160176,Low,Normal
EVT001001,2026-08-17 07:05:01.735196,DDoS,Africa,Firewall,2,204,69,0,448,1,-0.17202944483820254,12.821517967741272,Low,Normal
EVT001002,2026-08-17 07:13:01.735196,Phishing,Asia,Router,2,369,42,0,410,1,-0.18741431756780452,8.72749502329054,Low,Normal
EVT001003,2026-08-17 07:21:01.735196,Unauthorized Access,Oceania,Router,2,384,22,0,279,1,-0.19382564079473974,7.021396776220951,Low,Normal
EVT001004,2026-08-17 07:29:01.735196,Ransomware,Oceania,Laptop,48,7759,435,1,922,-1,0.08596673791802156,81.47611851912401,High,Suspicious
EVT001005,2026-08-17 07:37:01.735196,DDoS,Asia,Desktop,66,11111,438,1,1999,-1,0.12767231492353903,92.57426617189063,High,Suspicious
EVT001006,2026-08-17 07:45:01.735196,Ransomware,Asia,Desktop,131,10166,393,1,1639,-1,0.10991109141625255,87.84787955574149,High,Suspicious
EVT001007,2026-08-17 07:53:01.735196,Brute Force,Oceania,Server,5,615,80,0,313,1,-0.18507950114370653,9.348806111093404,Low,Normal
EVT001008,2026-08-17 08:01:01.735196,Phishing,Europe,Desktop,2,575,62,0,220,1,-0.21728196464164667,0.7795038656002846,Low,Normal
EVT001009,2026-08-17 08:09:01.735196,DDoS,Asia,Desktop,1,639,70,0,479,1,-0.156926195351193,16.840598984681243,Low,Normal
EVT001010,2026-08-17 08:17:01.735196,Unauthorized Access,Oceania,Server,3,242,37,0,167,1,-0.20450723776689078,4.178948622378266,Low,Normal
EVT001011,2026-08-17 08:25:01.735196,Phishing,South America,Router,4,142,12,0,134,1,-0.15700635793570444,16.81926715658982,Low,Normal
EVT001012,2026-08-17 08:33:01.735196,Ransomware,North America,Firewall,6,388,34,1,24,1,-0.012454767195092864,55.28546311089498,Medium,Normal
EVT001013,2026-08-17 08:41:01.735196,Malware,Asia,Firewall,6,845,50,0,439,1,-0.13885298343434588,21.650007913045304,Low,Normal
EVT001014,2026-08-17 08:49:01.735196,Unauthorized Access,Africa,Server,5,412,87,0,29,1,-0.1380776446926566,21.856331010674175,Low,Normal
EVT001015,2026-08-17 08:57:01.735196,Phishing,North America,Laptop,3,232,59,0,17,1,-0.15888710801518735,16.31878631976331,Low,Normal
EVT001016,2026-08-17 09:05:01.735196,Malware,Asia,Laptop,32,10221,609,1,1194,-1,0.08359097020154238,80.84391000411716,High,Suspicious
EVT001017,2026-08-17 09:13:01.735196,DDoS,Africa,Router,4,894,79,0,80,1,-0.17214882427950173,12.789750257967878,Low,Normal
EVT001018,2026-08-17 09:21:01.735196,Malware,Oceania,Server,4,257,24,0,338,1,-0.18338658720130085,9.799302429457727,Low,Normal
EVT001019,2026-08-17 09:29:01.735196,DDoS,Africa,Router,2,378,89,0,22,1,-0.1444376495552766,20.163888941635484,Low,Normal
EVT001020,2026-08-17 09:37:01.735196,DDoS,Africa,Firewall,1,151,85,0,202,1,-0.15049876102458232,18.550984508798294,Low,Normal
EVT001021,2026-08-17 09:45:01.735196,Phishing,Asia,Server,4,399,72,0,429,1,-0.18234332519311586,10.076921794508763,Low,Normal
EVT001022,2026-08-17 09:53:01.735196,DDoS,North America,Laptop,0,716,14,0,498,1,-0.08636516852357501,35.61738498047578,Low,Normal
EVT001023,2026-08-17 10:01:01.735196,Phishing,Europe,Laptop,5,636,16,0,20,1,-0.13842188399471955,21.764726508914748,Low,Normal
EVT001024,2026-08-17 10:09:01.735196,Ransomware,Oceania,Router,3,727,53,0,218,1,-0.21309192438979124,1.8945030749380434,Low,Normal
EVT001025,2026-08-17 10:17:01.735196,Brute Force,North America,Router,5,533,20,0,23,1,-0.139609266106059,21.4487557697938,Low,Normal
EVT001026,2026-08-17 10:25:01.735196,Brute Force,Europe,Firewall,3,271,84,0,161,1,-0.18569363606770095,9.185380484244767,Low,Normal
EVT001027,2026-08-17 10:33:01.735196,Phishing,Asia,Firewall,3,173,91,0,485,1,-0.13598859128328966,22.412242830059927,Low,Normal
EVT001028,2026-08-17 10:41:01.735196,Ransomware,Oceania,Desktop,0,546,97,0,393,1,-0.11422794142324866,28.202904955054397,Low,Normal
EVT001029,2026-08-17 10:49:01.735196,DDoS,Asia,Router,3,291,36,0,278,1,-0.20756276572905846,3.365851120410897,Low,Normal
EVT001030,2026-08-17 10:57:01.735196,DDoS,Asia,Firewall,2,699,15,0,24,1,-0.14288938138754975,20.57589400103648,Low,Normal
EVT001031,2026-08-17 11:05:01.735196,DDoS,Africa,Server,0,510,64,0,137,1,-0.1501186265871327,18.652140958789598,Low,Normal
EVT001032,2026-08-17 11:13:01.735196,Brute Force,Asia,Firewall,132,10872,881,1,1827,-1,0.12817046666962284,92.70682785856361,High,Suspicious
EVT001033,2026-08-17 11:21:01.735196,Unauthorized Access,Asia,Desktop,4,234,62,0,19,1,-0.15717507727082558,16.774369753712424,Low,Normal
EVT001034,2026-08-17 11:29:01.735196,DDoS,North America,Desktop,5,919,60,0,248,1,-0.17661582525167713,11.601049851120708,Low,Normal
EVT001035,2026-08-17 11:37:01.735196,Brute Force,Asia,Desktop,1,191,27,0,326,1,-0.1638629484560432,14.994680148017503,Low,Normal
EVT001036,2026-08-17 11:45:01.735196,Brute Force,Oceania,Desktop,3,772,20,0,66,1,-0.17936885580323286,10.8684490397304,Low,Normal
EVT001037,2026-08-17 11:53:01.735196,Unauthorized Access,Europe,Server,3,937,34,0,297,1,-0.18547044052917283,9.2447743883669,Low,Normal
EVT001038,2026-08-17 12:01:01.735196,Unauthorized Access,South America,Desktop,0,846,61,0,296,1,-0.1458427748796461,19.789975200592387,Low,Normal
EVT001039,2026-08-17 12:09:01.735196,Brute Force,North America,Router,3,931,99,0,489,1,-0.11327366093269947,28.45684571182341,Low,Normal
EVT001040,2026-08-17 12:17:01.735196,Ransomware,South America,Router,4,899,56,0,421,1,-0.1755982919290925,11.87182263180087,Low,Normal
EVT001041,2026-08-17 12:25:01.735196,Malware,Africa,Firewall,5,343,77,0,363,1,-0.17878970419589713,11.022565359729972,Low,Normal
EVT001042,2026-08-17 12:33:01.735196,Ransomware,Oceania,Laptop,2,172,57,0,207,1,-0.19202936659797598,7.499397985936898,Low,Normal
EVT001043,2026-08-17 12:41:01.735196,Brute Force,South America,Desktop,5,221,87,0,182,1,-0.1660409867197537,14.415088832428305,Low,Normal
EVT001044,2026-08-17 12:49:01.735196,Phishing,Oceania,Firewall,4,143,65,0,205,1,-0.18370613000359365,9.714269840153062,Low,Normal
EVT001045,2026-08-17 12:57:01.735196,Malware,South America,Laptop,3,532,74,0,108,1,-0.20238906970174297,4.74260805663751,Low,Normal
EVT001046,2026-08-17 13:05:01.735196,Brute Force,Africa,Laptop,4,807,45,0,280,1,-0.19930986188071875,5.5620069357552735,Low,Normal
EVT001047,2026-08-17 13:13:01.735196,Ransomware,Oceania,Server,3,749,82,0,348,1,-0.19460091545153696,6.815090732033018,Low,Normal
EVT001048,2026-08-17 13:21:01.735196,Phishing,Oceania,Desktop,1,298,87,0,259,1,-0.16662130667803976,14.26066160601554,Low,Normal
EVT001049,2026-08-17 13:29:01.735196,Ransomware,Asia,Desktop,4,780,31,0,322,1,-0.1965340998341364,6.300656758004256,Low,Normal
EVT001050,2026-08-17 13:37:01.735196,DDoS,North America,Router,1,146,83,0,404,1,-0.14192043919294567,20.833736340474424,Low,Normal
EVT001051,2026-08-17 13:45:01.735196,Brute Force,Africa,Firewall,5,603,22,0,426,1,-0.16718516063961825,14.11061609724899,Low,Normal
EVT001052,2026-08-17 13:53:01.735196,Malware,South America,Laptop,1,428,63,0,69,1,-0.17836804727508676,11.134771234866175,Low,Normal
EVT001053,2026-08-17 14:01:01.735196,Brute Force,South America,Firewall,2,316,19,1,215,1,-0.0454980050086502,46.49242490087753,Medium,Normal
EVT001054,2026-08-17 14:09:01.735196,Malware,Europe,Laptop,3,833,95,0,216,1,-0.17456515237345577,12.146748340965692,Low,Normal
EVT001055,2026-08-17 14:17:01.735196,Ransomware,South America,Firewall,4,494,78,0,346,1,-0.19666488787355918,6.265853139952454,Low,Normal
EVT001056,2026-08-17 14:25:01.735196,DDoS,Europe,Desktop,1,339,25,0,148,1,-0.1738251307251748,12.343673311402604,Low,Normal
EVT001057,2026-08-17 14:33:01.735196,Phishing,North America,Router,3,898,90,0,356,1,-0.1672064804586723,14.10494274330496,Low,Normal
EVT001058,2026-08-17 14:41:01.735196,Phishing,Asia,Server,3,903,36,0,464,1,-0.16418706933866667,14.908429299306686,Low,Normal
EVT001059,2026-08-17 14:49:01.735196,Ransomware,Europe,Laptop,42,5256,876,1,938,-1,0.10063205459312552,85.37866253172338,High,Suspicious
EVT001060,2026-08-17 14:57:01.735196,Phishing,South America,Server,1,560,63,0,366,1,-0.1857151161360721,9.179664486829289,Low,Normal
EVT001061,2026-08-17 15:05:01.735196,DDoS,Oceania,Router,3,530,60,0,78,1,-0.2055275398071913,3.907439066421851,Low,Normal
EVT001062,2026-08-17 15:13:01.735196,DDoS,South America,Server,2,356,36,0,140,1,-0.20449994876103195,4.18088827815266,Low,Normal
EVT001063,2026-08-17 15:21:01.735196,Phishing,Oceania,Desktop,139,9515,872,1,1543,-1,0.11321966635911385,88.72831464074848,High,Suspicious
EVT001064,2026-08-17 15:29:01.735196,Ransomware,Africa,Laptop,1,654,61,0,474,1,-0.16007998611815877,16.001353058576743,Low,Normal
EVT001065,2026-08-17 15:37:01.735196,Malware,Oceania,Laptop,40,5246,447,1,929,-1,0.09129048173349019,82.8928042281302,High,Suspicious
EVT001066,2026-08-17 15:45:01.735196,Ransomware,Asia,Laptop,3,187,92,0,213,1,-0.16743981436483613,14.042850948179808,Low,Normal
EVT001067,2026-08-17 15:53:01.735196,Unauthorized Access,Africa,Desktop,3,638,90,0,195,1,-0.19246147122980728,7.384411901345053,Low,Normal
EVT001068,2026-08-17 16:01:01.735196,Malware,Asia,Desktop,1,514,36,0,246,1,-0.20009557264729216,5.352923769284598,Low,Normal
EVT001069,2026-08-17 16:09:01.735196,Unauthorized Access,Africa,Firewall,1,440,78,0,269,1,-0.18691796258438154,8.859578578770089,Low,Normal
EVT001070,2026-08-17 16:17:01.735196,Brute Force,Europe,Desktop,4,921,21,0,423,1,-0.1595600310679911,16.139716757963974,Low,Normal
EVT001071,2026-08-17 16:25:01.735196,DDoS,Asia,Laptop,3,894,41,0,44,1,-0.1761666179812149,11.720587068256593,Low,Normal
EVT001072,2026-08-17 16:33:01.735196,DDoS,North America,Laptop,2,839,23,1,182,1,-0.043906524902324606,46.915928961356194,Medium,Normal
EVT001073,2026-08-17 16:41:01.735196,Phishing,Europe,Server,3,527,47,0,410,1,-0.19770737979064845,5.988438701563511,Low,Normal
EVT001074,2026-08-17 16:49:01.735196,Phishing,North America,Desktop,3,563,20,0,115,1,-0.20192514031924474,4.866062931431379,Low,Normal
EVT001075,2026-08-17 16:57:01.735196,Malware,South America,Desktop,2,924,85,0,204,1,-0.16832501189081805,13.807293654633398,Low,Normal
EVT001076,2026-08-17 17:05:01.735196,Unauthorized Access,North America,Firewall,3,665,90,1,96,1,-0.03439285496942579,49.44758350772607,Medium,Normal
EVT001077,2026-08-17 17:13:01.735196,Brute Force,North America,Server,4,865,11,0,185,1,-0.1747731251021069,12.09140533372199,Low,Normal
EVT001078,2026-08-17 17:21:01.735196,Malware,South America,Router,136,8888,861,1,1548,-1,0.1076270967812889,87.24009250381796,High,Suspicious
EVT001079,2026-08-17 17:29:01.735196,Unauthorized Access,Asia,Router,4,263,7,1,192,1,-0.038195265425641556,48.43573531596209,Medium,Normal
EVT001080,2026-08-17 17:37:01.735196,Phishing,Oceania,Server,1,410,49,0,30,1,-0.16031501860070213,15.93880926031884,Low,Normal
EVT001081,2026-08-17 17:45:01.735196,Brute Force,North America,Firewall,4,771,14,0,472,1,-0.15023750527511653,18.620506502998776,Low,Normal
EVT001082,2026-08-17 17:53:01.735196,Unauthorized Access,Oceania,Laptop,4,884,71,0,499,1,-0.13793200639649417,21.895086386591746,Low,Normal
EVT001083,2026-08-17 18:01:01.735196,Malware,Africa,Firewall,3,578,63,0,140,1,-0.2117404446066804,2.2541413597820306,Low,Normal
EVT001084,2026-08-17 18:09:01.735196,Malware,North America,Router,2,199,65,0,355,1,-0.1950376728691131,6.698866508398374,Low,Normal
EVT001085,2026-08-17 18:17:01.735196,Phishing,Asia,Firewall,1,830,37,0,396,1,-0.1668248538593799,14.206496268067612,Low,Normal
EVT001086,2026-08-17 18:25:01.735196,Ransomware,Oceania,Router,4,381,45,0,303,1,-0.20361117408949858,4.417397475313786,Low,Normal
EVT001087,2026-08-17 18:33:01.735196,Malware,Africa,Router,5,246,50,0,343,1,-0.18385592668365774,9.674407889003803,Low,Normal
EVT001088,2026-08-17 18:41:01.735196,Brute Force,South America,Desktop,1,143,20,0,495,1,-0.10259945644267632,31.29732667412802,Low,Normal
EVT001089,2026-08-17 18:49:01.735196,Malware,Oceania,Server,5,179,35,0,55,1,-0.1539451410913948,17.63387851014549,Low,Normal
EVT001090,2026-08-17 18:57:01.735196,Unauthorized Access,Oceania,Router,3,688,7,0,61,1,-0.16207226954510345,15.47119241278429,Low,Normal
EVT001091,2026-08-17 19:05:01.735196,Malware,Africa,Server,2,836,73,1,70,1,-0.04014599771692673,47.91663171989295,Medium,Normal
EVT001092,2026-08-17 19:13:01.735196,Malware,Asia,Laptop,2,800,27,0,411,1,-0.1723588222301921,12.733868324881762,Low,Normal
EVT001093,2026-08-17 19:21:01.735196,Ransomware,Asia,Router,5,231,38,1,130,1,-0.03833025548103941,48.3998135118767,Medium,Normal
EVT001094,2026-08-17 19:29:01.735196,Phishing,North America,Desktop,3,665,94,0,209,1,-0.18492265500943933,9.390543971634997,Low,Normal
EVT001095,2026-08-17 19:37:01.735196,Brute Force,Asia,Router,2,482,94,0,71,1,-0.17196485438530856,12.838705941979864,Low,Normal
EVT001096,2026-08-17 19:45:01.735196,Malware,North America,Server,4,317,13,0,25,1,-0.14195854282994624,20.823596694415002,Low,Normal
EVT001097,2026-08-17 19:53:01.735196,Brute Force,Oceania,Laptop,5,810,25,0,312,1,-0.17727647504688748,11.425246289571984,Low,Normal
EVT001098,2026-08-17 20:01:01.735196,DDoS,Africa,Desktop,2,184,43,0,81,1,-0.18288021718278796,9.934051056281586,Low,Normal
EVT001099,2026-08-17 20:09:01.735196,Malware,Asia,Desktop,2,357,23,0,499,1,-0.1395109292314431,21.474923904430913,Low,Normal
EVT001100,2026-08-17 20:17:01.735196,DDoS,South America,Router,5,186,55,0,449,1,-0.16110195929126592,15.729398802415531,Low,Normal
EVT001101,2026-08-17 20:25:01.735196,DDoS,Oceania,Router,4,272,8,0,483,1,-0.1313869280216738,23.636777820163726,Low,Normal
EVT001102,2026-08-17 20:33:01.735196,Brute Force,Europe,Server,1,136,75,0,448,1,-0.13604222429767537,22.39797070734989,Low,Normal
EVT001103,2026-08-17 20:41:01.735196,Brute Force,North America,Laptop,3,799,90,0,125,1,-0.1761129986688061,11.734855544774117,Low,Normal
EVT001104,2026-08-17 20:49:01.735196,Unauthorized Access,South America,Firewall,3,801,72,0,134,1,-0.19429118211390017,6.8975129537330675,Low,Normal
EVT001105,2026-08-17 20:57:01.735196,Phishing,Africa,Router,5,894,21,0,310,1,-0.16247171902130186,15.364896095002049,Low,Normal
EVT001106,2026-08-17 21:05:01.735196,Unauthorized Access,North America,Laptop,3,617,45,0,452,1,-0.19241329748521868,7.3972312739282495,Low,Normal
EVT001107,2026-08-17 21:13:01.735196,DDoS,North America,Router,6,794,44,0,187,1,-0.16474185040531153,14.760798151756097,Low,Normal
EVT001108,2026-08-17 21:21:01.735196,Malware,Asia,Desktop,4,947,42,0,343,1,-0.17698014457910488,11.504101913246238,Low,Normal
EVT001109,2026-08-17 21:29:01.735196,Brute Force,Africa,Firewall,130,12743,644,1,1992,-1,0.1417487597783207,96.32010724738339,High,Suspicious
EVT001110,2026-08-17 21:37:01.735196,Phishing,Oceania,Desktop,4,661,60,0,498,1,-0.16065986090675077,15.847044294953605,Low,Normal
EVT001111,2026-08-17 21:45:01.735196,Brute Force,Oceania,Firewall,1,958,49,0,235,1,-0.15857741529273522,16.401197733476785,Low,Normal
EVT001112,2026-08-17 21:53:01.735196,Brute Force,Oceania,Laptop,5,665,14,0,281,1,-0.1754180945612927,11.919774419980596,Low,Normal
EVT001113,2026-08-17 22:01:01.735196,Brute Force,Oceania,Router,0,794,65,0,218,1,-0.1449535377586823,20.026607458802637,Low,Normal
EVT001114,2026-08-17 22:09:01.735196,Unauthorized Access,Africa,Server,2,357,54,0,351,1,-0.20247225306505562,4.720472378040489,Low,Normal
EVT001115,2026-08-17 22:17:01.735196,Phishing,Africa,Router,116,7775,810,1,768,-1,0.1071647461770241,87.11705775302677,High,Suspicious
EVT001116,2026-08-17 22:25:01.735196,Phishing,North America,Router,2,307,89,0,409,1,-0.1696630119604941,13.451242416432994,Low,Normal
EVT001117,2026-08-17 22:33:01.735196,Ransomware,Asia,Server,3,299,47,1,429,1,-0.05581098219965064,43.74806906592061,Medium,Normal
EVT001118,2026-08-17 22:41:01.735196,Unauthorized Access,Oceania,Router,3,587,7,0,237,1,-0.1829970146475265,9.902970428648368,Low,Normal
EVT001119,2026-08-17 22:49:01.735196,Phishing,North America,Router,2,458,86,0,325,1,-0.19351252010399095,7.104720396431423,Low,Normal
EVT001120,2026-08-17 22:57:01.735196,Unauthorized Access,South America,Server,2,988,99,0,301,1,-0.1287937167827321,24.326849587322858,Low,Normal
EVT001121,2026-08-17 23:05:01.735196,DDoS,Asia,Server,2,464,94,0,490,1,-0.14159873673005224,20.91934363066915,Low,Normal
EVT001122,2026-08-17 23:13:01.735196,Brute Force,Oceania,Server,4,551,87,0,397,1,-0.17841949225874132,11.121081362537662,Low,Normal
EVT001123,2026-08-17 23:21:01.735196,DDoS,North America,Firewall,1,108,57,0,325,1,-0.14942160913082486,18.83762221098848,Low,Normal
EVT001124,2026-08-17 23:29:01.735196,Malware,Africa,Firewall,2,378,31,0,459,1,-0.17320811958846732,12.50786431870302,Low,Normal
EVT001125,2026-08-17 23:37:01.735196,Unauthorized Access,Africa,Laptop,4,121,97,0,47,1,-0.1155236494315976,27.858107932113647,Low,Normal
EVT001126,2026-08-17 23:45:01.735196,DDoS,Asia,Desktop,1,282,55,0,273,1,-0.19051570420432884,7.902194205227035,Low,Normal
EVT001127,2026-08-17 23:53:01.735196,Phishing,South America,Desktop,3,706,74,0,99,1,-0.1957716290681621,6.503555596703486,Low,Normal
EVT001128,2026-08-18 00:01:01.735196,Unauthorized Access,Africa,Router,2,723,48,0,483,1,-0.17363689172528407,12.393765034495658,Low,Normal
EVT001129,2026-08-18 00:09:01.735196,Ransomware,Oceania,Router,4,288,70,0,429,1,-0.18205645378866786,10.15326029483689,Low,Normal
EVT001130,2026-08-18 00:17:01.735196,Brute Force,Europe,Server,2,575,42,0,326,1,-0.214419285403869,1.5412829643323995,Low,Normal
EVT001131,2026-08-18 00:25:01.735196,Brute Force,Asia,Firewall,4,787,76,0,308,1,-0.1916635785392115,7.59673676356009,Low,Normal
EVT001132,2026-08-18 00:33:01.735196,Brute Force,North America,Server,4,540,17,0,327,1,-0.19094492334845964,7.7879759692264265,Low,Normal
EVT001133,2026-08-18 00:41:01.735196,DDoS,Europe,Router,4,813,87,0,439,1,-0.16571005160266078,14.503152996904364,Low,Normal
EVT001134,2026-08-18 00:49:01.735196,Unauthorized Access,Europe,Laptop,3,380,48,0,49,1,-0.18370183496363496,9.715412780523597,Low,Normal
EVT001135,2026-08-18 00:57:01.735196,DDoS,Europe,Router,4,990,23,0,42,1,-0.13573020582978296,22.481001018298517,Low,Normal
EVT001136,2026-08-18 01:05:01.735196,Phishing,Oceania,Desktop,3,169,74,0,373,1,-0.18230603413773233,10.086845206879227,Low,Normal
EVT001137,2026-08-18 01:13:01.735196,DDoS,North America,Firewall,2,524,81,0,334,1,-0.1972618835583791,6.106988385310183,Low,Normal
EVT001138,2026-08-18 01:21:01.735196,DDoS,South America,Firewall,3,966,30,0,380,1,-0.16992101933453574,13.382584837801776,Low,Normal
EVT001139,2026-08-18 01:29:01.735196,Phishing,South America,Server,1,667,35,0,389,1,-0.1782410183201255,11.168574534078415,Low,Normal
EVT001140,2026-08-18 01:37:01.735196,Malware,Africa,Router,2,290,22,0,176,1,-0.19206935928737295,7.488755649735672,Low,Normal
EVT001141,2026-08-18 01:45:01.735196,DDoS,Africa,Laptop,5,935,29,0,93,1,-0.1539984444364299,17.619694114770553,Low,Normal
EVT001142,2026-08-18 01:53:01.735196,Phishing,Oceania,Laptop,3,100,7,0,71,1,-0.11291692468802111,28.551775737992575,Low,Normal
EVT001143,2026-08-18 02:01:01.735196,Brute Force,Africa,Firewall,3,624,39,0,449,1,-0.19035522507940744,7.944898830158344,Low,Normal
EVT001144,2026-08-18 02:09:01.735196,Unauthorized Access,South America,Router,4,775,45,0,242,1,-0.20075774139775976,5.17671600304832,Low,Normal
EVT001145,2026-08-18 02:17:01.735196,Brute Force,Europe,Desktop,3,333,59,0,370,1,-0.2023745519825308,4.746471323926125,Low,Normal
EVT001146,2026-08-18 02:25:01.735196,Ransomware,Asia,Router,3,795,48,0,229,1,-0.20836944371353344,3.15118842964522,Low,Normal
EVT001147,2026-08-18 02:33:01.735196,Phishing,South America,Firewall,3,234,12,0,144,1,-0.17702104878205271,11.493217016871979,Low,Normal
EVT001148,2026-08-18 02:41:01.735196,Brute Force,Africa,Desktop,6,343,10,0,404,1,-0.12410413674097254,25.574779851566166,Low,Normal
EVT001149,2026-08-18 02:49:01.735196,Unauthorized Access,Asia,Firewall,1,582,35,0,428,1,-0.17412562406583937,12.2637099179474,Low,Normal
EVT001150,2026-08-18 02:57:01.735196,Phishing,Europe,Firewall,2,979,66,0,498,1,-0.12166836632928951,26.222955506191976,Low,Normal
EVT001151,2026-08-18 03:05:01.735196,Brute Force,Asia,Laptop,1,272,39,0,390,1,-0.17411224137745712,12.267271145541434,Low,Normal
EVT001152,2026-08-18 03:13:01.735196,Brute Force,Europe,Firewall,4,438,59,0,136,1,-0.20556344782866737,3.897883689110863,Low,Normal
EVT001153,2026-08-18 03:21:01.735196,Brute Force,Asia,Server,0,342,97,0,418,1,-0.09668048933270779,32.87240549223452,Low,Normal
EVT001154,2026-08-18 03:29:01.735196,Unauthorized Access,South America,Firewall,3,238,71,0,144,1,-0.1921266911207315,7.473499245256895,Low,Normal
EVT001155,2026-08-18 03:37:01.735196,Brute Force,Oceania,Router,0,195,77,0,352,1,-0.12648865538383935,24.940242653440134,Low,Normal
EVT001156,2026-08-18 03:45:01.735196,Unauthorized Access,Asia,Router,2,938,16,1,383,1,-0.04041252275917162,47.84570752978758,Medium,Normal
EVT001157,2026-08-18 03:53:01.735196,Unauthorized Access,North America,Server,2,740,31,0,177,1,-0.20193477971866475,4.863497819383341,Low,Normal
EVT001158,2026-08-18 04:01:01.735196,Malware,Oceania,Server,4,772,59,0,214,1,-0.20219947724972048,4.79305994287127,Low,Normal
EVT001159,2026-08-18 04:09:01.735196,Phishing,Asia,Desktop,3,365,58,0,442,1,-0.1904223716588459,7.92703065265087,Low,Normal
EVT001160,2026-08-18 04:17:01.735196,Malware,Oceania,Desktop,6,758,11,0,376,1,-0.13143433456717457,23.62416260465896,Low,Normal
EVT001161,2026-08-18 04:25:01.735196,Unauthorized Access,North America,Desktop,2,549,99,0,487,1,-0.13785455880065822,21.915695737082817,Low,Normal
EVT001162,2026-08-18 04:33:01.735196,Malware,Africa,Firewall,3,522,72,0,309,1,-0.20875080466410395,3.0497055958776644,Low,Normal
EVT001163,2026-08-18 04:41:01.735196,Brute Force,Oceania,Firewall,0,609,34,0,220,1,-0.15318175328032768,17.83702138100001,Low,Normal
EVT001164,2026-08-18 04:49:01.735196,Unauthorized Access,Oceania,Desktop,5,480,53,0,306,1,-0.2008914521901441,5.141134619856968,Low,Normal
EVT001165,2026-08-18 04:57:01.735196,Malware,South America,Router,3,190,31,0,477,1,-0.1670289123012399,14.152194880096017,Low,Normal
EVT001166,2026-08-18 05:05:01.735196,Brute Force,Asia,Firewall,3,363,33,0,423,1,-0.1863334415748199,9.015123734503122,Low,Normal
EVT001167,2026-08-18 05:13:01.735196,Brute Force,Asia,Laptop,2,293,7,0,205,1,-0.16074591524586385,15.824144629484122,Low,Normal
EVT001168,2026-08-18 05:21:01.735196,DDoS,Europe,Desktop,3,750,97,1,258,1,-0.0362859166588676,48.943826464814485,Medium,Normal
EVT001169,2026-08-18 05:29:01.735196,Unauthorized Access,Oceania,Firewall,1,375,6,0,420,1,-0.13601779756667243,22.404470832436502,Low,Normal
EVT001170,2026-08-18 05:37:01.735196,Brute Force,Europe,Desktop,1,340,17,0,245,1,-0.16686152199314896,14.196738619524188,Low,Normal
EVT001171,2026-08-18 05:45:01.735196,Brute Force,North America,Laptop,6,742,36,0,38,1,-0.13458215261142736,22.786506062116967,Low,Normal
EVT001172,2026-08-18 05:53:01.735196,Brute Force,Africa,Server,3,224,76,0,404,1,-0.18204787292782781,10.15554372231658,Low,Normal
EVT001173,2026-08-18 06:01:01.735196,DDoS,Asia,Firewall,3,632,7,0,376,1,-0.1742410802829708,12.232986205744952,Low,Normal
EVT001174,2026-08-18 06:09:01.735196,Phishing,Africa,Desktop,2,548,68,0,35,1,-0.17812314147751873,11.199942391761306,Low,Normal
EVT001175,2026-08-18 06:17:01.735196,DDoS,Oceania,Laptop,105,6525,894,1,1748,-1,0.10307555738801277,86.0288958279566,High,Suspicious
EVT001176,2026-08-18 06:25:01.735196,Ransomware,Africa,Server,52,8395,479,1,1215,-1,0.08483182384780497,81.17410989512632,High,Suspicious
EVT001177,2026-08-18 06:33:01.735196,Brute Force,Africa,Desktop,3,542,11,0,154,1,-0.19232132216016157,7.4217065554418,Low,Normal
EVT001178,2026-08-18 06:41:01.735196,Unauthorized Access,Africa,Desktop,2,893,70,0,96,1,-0.17779027164014766,11.288521398924015,Low,Normal
EVT001179,2026-08-18 06:49:01.735196,Brute Force,Asia,Firewall,6,364,40,0,301,1,-0.16900587042725684,13.626112404772147,Low,Normal
EVT001180,2026-08-18 06:57:01.735196,Phishing,Africa,Server,3,167,26,0,381,1,-0.1774133387481584,11.388825895129106,Low,Normal
EVT001181,2026-08-18 07:05:01.735196,Phishing,South America,Firewall,4,736,64,0,330,1,-0.20000743478697192,5.3763778744155175,Low,Normal
EVT001182,2026-08-18 07:13:01.735196,Malware,Asia,Laptop,6,412,70,0,315,1,-0.16608757930182183,14.402690218323356,Low,Normal
EVT001183,2026-08-18 07:21:01.735196,Brute Force,Asia,Desktop,4,118,70,0,412,1,-0.1604313623306175,15.907849374716404,Low,Normal
EVT001184,2026-08-18 07:29:01.735196,Phishing,Africa,Firewall,2,472,89,0,114,1,-0.18114065761566567,10.39696010377305,Low,Normal
EVT001185,2026-08-18 07:37:01.735196,Unauthorized Access,Oceania,Server,0,513,49,0,386,1,-0.14906311639431313,18.93301965200039,Low,Normal
EVT001186,2026-08-18 07:45:01.735196,Ransomware,South America,Laptop,5,441,9,0,262,1,-0.16238478989312038,15.38802854800124,Low,Normal
EVT001187,2026-08-18 07:53:01.735196,Unauthorized Access,Africa,Laptop,3,845,65,0,143,1,-0.19515995953755644,6.666325165014743,Low,Normal
EVT001188,2026-08-18 08:01:01.735196,Brute Force,Asia,Router,2,990,60,0,376,1,-0.1601981080504985,15.969919980790454,Low,Normal
EVT001189,2026-08-18 08:09:01.735196,Malware,South America,Desktop,3,659,36,0,189,1,-0.2155922617897702,1.2291456901683766,Low,Normal
EVT001190,2026-08-18 08:17:01.735196,Ransomware,North America,Firewall,3,158,57,0,482,1,-0.15865604419815593,16.380274028188666,Low,Normal
EVT001191,2026-08-18 08:25:01.735196,Ransomware,Africa,Firewall,3,794,99,0,364,1,-0.164806817930646,14.743509835886462,Low,Normal
EVT001192,2026-08-18 08:33:01.735196,Malware,Asia,Laptop,4,730,61,0,17,1,-0.15918939459743126,16.238345732099237,Low,Normal
EVT001193,2026-08-18 08:41:01.735196,Malware,North America,Laptop,1,571,29,0,201,1,-0.1864413725802751,8.986402534105993,Low,Normal
EVT001194,2026-08-18 08:49:01.735196,Unauthorized Access,Africa,Server,1,984,14,0,426,1,-0.12104312430461583,26.389336810726505,Low,Normal
EVT001195,2026-08-18 08:57:01.735196,Phishing,Oceania,Laptop,2,991,14,0,335,1,-0.15098185048801716,18.422431001578232,Low,Normal
EVT001196,2026-08-18 09:05:01.735196,DDoS,North America,Laptop,2,852,84,0,214,1,-0.18011091315712957,10.67098235369756,Low,Normal
EVT001197,2026-08-18 09:13:01.735196,Brute Force,Oceania,Router,2,990,39,0,174,1,-0.16911937216438466,13.595908793458406,Low,Normal
EVT001198,2026-08-18 09:21:01.735196,Malware,Oceania,Laptop,3,418,93,0,275,1,-0.18099547419346307,10.43559443452755,Low,Normal
EVT001199,2026-08-18 09:29:01.735196,Brute Force,Asia,Server,87,6973,845,1,1474,-1,0.07452872597177729,78.43238301543505,High,Suspicious
EVT001200,2026-08-18 09:37:01.735196,Malware,Europe,Desktop,2,636,63,0,95,1,-0.20506343366692775,4.030940977701461,Low,Normal
EVT001201,2026-08-18 09:45:01.735196,Unauthorized Access,Europe,Desktop,1,955,25,0,262,1,-0.15600599277081562,17.085471369641507,Low,Normal
EVT001202,2026-08-18 09:53:01.735196,DDoS,Oceania,Router,2,158,73,0,95,1,-0.17356175851724132,12.413758510101431,Low,Normal
EVT001203,2026-08-18 10:01:01.735196,Malware,South America,Server,3,417,58,0,396,1,-0.19989187406712383,5.407129395526575,Low,Normal
EVT001204,2026-08-18 10:09:01.735196,Brute Force,Oceania,Firewall,6,343,40,0,163,1,-0.1668646465462782,14.195907153939318,Low,Normal
EVT001205,2026-08-18 10:17:01.735196,Brute Force,Africa,Server,1,746,61,0,382,1,-0.1775632233771765,11.348940540144016,Low,Normal
EVT001206,2026-08-18 10:25:01.735196,Malware,Asia,Firewall,1,669,16,0,117,1,-0.168814904434896,13.67692979975981,Low,Normal
EVT001207,2026-08-18 10:33:01.735196,Brute Force,Asia,Firewall,4,983,58,0,212,1,-0.17428671959049136,12.220841264708264,Low,Normal
EVT001208,2026-08-18 10:41:01.735196,DDoS,South America,Router,1,940,52,0,193,1,-0.1614335959314352,15.64114795771006,Low,Normal
EVT001209,2026-08-18 10:49:01.735196,Malware,South America,Laptop,2,364,11,0,240,1,-0.17564518141619462,11.859345009176128,Low,Normal
EVT001210,2026-08-18 10:57:01.735196,Phishing,Oceania,Router,5,184,78,0,173,1,-0.17204781329695384,12.81662999155169,Low,Normal
EVT001211,2026-08-18 11:05:01.735196,Unauthorized Access,Asia,Laptop,1,864,16,0,390,1,-0.1482748638392793,19.14277920627484,Low,Normal
EVT001212,2026-08-18 11:13:01.735196,Brute Force,Oceania,Desktop,1,908,49,0,146,1,-0.1688755604029878,13.660788819626262,Low,Normal
EVT001213,2026-08-18 11:21:01.735196,Malware,Africa,Firewall,2,356,48,0,252,1,-0.20870992339648858,3.060584388998488,Low,Normal
EVT001214,2026-08-18 11:29:01.735196,Malware,North America,Firewall,3,693,30,0,155,1,-0.20508921413245895,4.024080614326452,Low,Normal
EVT001215,2026-08-18 11:37:01.735196,Unauthorized Access,Africa,Server,3,669,67,0,496,1,-0.16273172061630053,15.29570784013464,Low,Normal
EVT001216,2026-08-18 11:45:01.735196,Brute Force,Oceania,Desktop,2,193,87,0,161,1,-0.17260750220228177,12.667692833575842,Low,Normal
EVT001217,2026-08-18 11:53:01.735196,Brute Force,Africa,Laptop,7,610,8,0,468,1,-0.09176998307225026,34.17912577861691,Low,Normal
EVT001218,2026-08-18 12:01:01.735196,Phishing,Africa,Desktop,3,784,95,0,227,1,-0.1778960127632931,11.260382941626514,Low,Normal
EVT001219,2026-08-18 12:09:01.735196,Phishing,Oceania,Firewall,3,938,38,0,407,1,-0.1683684893984967,13.795723983753938,Low,Normal
EVT001220,2026-08-18 12:17:01.735196,Unauthorized Access,South America,Firewall,7,670,93,1,33,-1,0.009984388679479927,61.25668046310925,Medium,Suspicious
EVT001221,2026-08-18 12:25:01.735196,Brute Force,North America,Desktop,1,233,41,0,491,1,-0.1381928917627795,21.825662953963118,Low,Normal
EVT001222,2026-08-18 12:33:01.735196,Brute Force,Africa,Router,4,320,56,0,194,1,-0.20635185558007973,3.6880828359874878,Low,Normal
EVT001223,2026-08-18 12:41:01.735196,Ransomware,Europe,Laptop,3,894,28,0,81,1,-0.18419641694171768,9.583801034247236,Low,Normal
EVT001224,2026-08-18 12:49:01.735196,Unauthorized Access,North America,Laptop,3,788,98,0,31,1,-0.13266692685602605,23.29616111901771,Low,Normal
EVT001225,2026-08-18 12:57:01.735196,DDoS,Asia,Firewall,3,234,10,1,92,1,-0.02700874708323031,51.41254660112996,Medium,Normal
EVT001226,2026-08-18 13:05:01.735196,Brute Force,Africa,Laptop,7,269,49,0,23,1,-0.09424777871700452,33.519766913608834,Low,Normal
EVT001227,2026-08-18 13:13:01.735196,Ransomware,Asia,Router,2,664,22,0,47,1,-0.1772532612619548,11.431423641170033,Low,Normal
EVT001228,2026-08-18 13:21:01.735196,Ransomware,Europe,Laptop,7,974,84,0,233,1,-0.08520838710822043,35.92521265896306,Low,Normal
EVT001229,2026-08-18 13:29:01.735196,Brute Force,South America,Desktop,2,722,74,0,493,1,-0.1547485841988197,17.420076642936706,Low,Normal
EVT001230,2026-08-18 13:37:01.735196,Phishing,Oceania,Desktop,2,307,5,0,447,1,-0.13414805521806172,22.90202243458235,Low,Normal
EVT001231,2026-08-18 13:45:01.735196,DDoS,South America,Desktop,1,131,92,0,396,1,-0.1264550909466477,24.94917438647396,Low,Normal
EVT001232,2026-08-18 13:53:01.735196,DDoS,Africa,Server,3,894,49,0,290,1,-0.2000299640921253,5.370382667705548,Low,Normal
EVT001233,2026-08-18 14:01:01.735196,Unauthorized Access,North America,Desktop,2,241,12,0,458,1,-0.14759947093352477,19.3225060133324,Low,Normal
EVT001234,2026-08-18 14:09:01.735196,Phishing,Africa,Laptop,3,666,17,0,65,1,-0.18276513469611727,9.96467531617733,Low,Normal
EVT001235,2026-08-18 14:17:01.735196,Brute Force,North America,Server,3,576,91,0,49,1,-0.16647589150613834,14.299357606996438,Low,Normal
EVT001236,2026-08-18 14:25:01.735196,Unauthorized Access,Oceania,Server,4,254,51,0,399,1,-0.19048590184412312,7.910124823089493,Low,Normal
EVT001237,2026-08-18 14:33:01.735196,Unauthorized Access,South America,Firewall,1,883,16,0,201,1,-0.1615595069353289,15.607642153147388,Low,Normal
EVT001238,2026-08-18 14:41:01.735196,Malware,Africa,Desktop,3,402,33,0,86,1,-0.19332526839674963,7.154549393999828,Low,Normal
EVT001239,2026-08-18 14:49:01.735196,Unauthorized Access,South America,Laptop,1,775,17,0,366,1,-0.15757998297871567,16.666621494264586,Low,Normal
EVT001240,2026-08-18 14:57:01.735196,Phishing,Africa,Desktop,1,561,80,0,70,1,-0.17414257604549255,12.25919887681799,Low,Normal
EVT001241,2026-08-18 15:05:01.735196,Unauthorized Access,Africa,Server,3,855,38,1,286,1,-0.046737431473043434,46.16260479301131,Medium,Normal
EVT001242,2026-08-18 15:13:01.735196,Unauthorized Access,North America,Laptop,1,358,55,0,447,1,-0.16556833341625227,14.540865204018438,Low,Normal
EVT001243,2026-08-18 15:21:01.735196,Unauthorized Access,Oceania,Laptop,4,671,26,1,346,1,-0.054079753466644176,44.20876121980391,Medium,Normal
EVT001244,2026-08-18 15:29:01.735196,Phishing,South America,Laptop,4,659,61,0,108,1,-0.20206169788631817,4.82972400145367,Low,Normal
EVT001245,2026-08-18 15:37:01.735196,Unauthorized Access,Oceania,Laptop,4,745,75,0,17,1,-0.1522430700291691,18.086811602561,Low,Normal
EVT001246,2026-08-18 15:45:01.735196,DDoS,Asia,Server,5,654,45,0,51,1,-0.17672225824989868,11.57272728099458,Low,Normal
EVT001247,2026-08-18 15:53:01.735196,DDoS,Europe,Server,1,423,57,0,85,1,-0.18294609817787555,9.916519659679725,Low,Normal
EVT001248,2026-08-18 16:01:01.735196,Phishing,North America,Laptop,4,903,42,0,152,1,-0.18343126162259682,9.7874142514383,Low,Normal
EVT001249,2026-08-18 16:09:01.735196,Ransomware,South America,Router,2,242,97,0,391,1,-0.1607710560138813,15.817454494121055,Low,Normal
EVT001250,2026-08-18 16:17:01.735196,Malware,North America,Desktop,1,397,84,0,72,1,-0.16146166696373937,15.633678058390931,Low,Normal
EVT001251,2026-08-18 16:25:01.735196,Unauthorized Access,Oceania,Desktop,2,151,67,1,66,1,-0.029648231859569996,50.710161119898714,Medium,Normal
EVT001252,2026-08-18 16:33:01.735196,Ransomware,Africa,Firewall,6,435,45,0,397,1,-0.16411778629790885,14.926866004212153,Low,Normal
EVT001253,2026-08-18 16:41:01.735196,DDoS,Oceania,Router,3,856,86,0,402,1,-0.16861352446493733,13.730518427501739,Low,Normal
EVT001254,2026-08-18 16:49:01.735196,Brute Force,North America,Firewall,1,694,7,0,265,1,-0.15847194543695314,16.42926400461915,Low,Normal
EVT001255,2026-08-18 16:57:01.735196,Phishing,Africa,Router,0,162,59,0,114,1,-0.11798202606978248,27.20391660146551,Low,Normal
EVT001256,2026-08-18 17:05:01.735196,Ransomware,South America,Router,3,713,8,0,54,1,-0.15635482620477448,16.992644337041412,Low,Normal
EVT001257,2026-08-18 17:13:01.735196,Malware,Africa,Laptop,4,486,30,0,291,1,-0.2042599480402872,4.244754159572869,Low,Normal
EVT001258,2026-08-18 17:21:01.735196,Phishing,North America,Firewall,3,498,60,0,157,1,-0.21299753131337795,1.9196217371086923,Low,Normal
EVT001259,2026-08-18 17:29:01.735196,Phishing,Europe,Laptop,3,246,66,0,495,1,-0.15399407699538037,17.620856321581073,Low,Normal
EVT001260,2026-08-18 17:37:01.735196,Unauthorized Access,Oceania,Server,2,600,5,0,229,1,-0.16593756257057168,14.442610726642405,Low,Normal
EVT001261,2026-08-18 17:45:01.735196,DDoS,Asia,Server,2,645,97,0,419,1,-0.16593315953185794,14.443782406241981,Low,Normal
EVT001262,2026-08-18 17:53:01.735196,DDoS,South America,Laptop,3,516,42,0,300,1,-0.21617847975894866,1.073148961534534,Low,Normal
EVT001263,2026-08-18 18:01:01.735196,Brute Force,South America,Server,6,200,8,0,450,1,-0.11118935818934822,29.011493345537204,Low,Normal
EVT001264,2026-08-18 18:09:01.735196,Phishing,Africa,Firewall,4,248,15,0,195,1,-0.18119416102549252,10.382722469748558,Low,Normal
EVT001265,2026-08-18 18:17:01.735196,Brute Force,Africa,Server,2,352,8,0,384,1,-0.16018749450582648,15.972744319748136,Low,Normal
EVT001266,2026-08-18 18:25:01.735196,Phishing,North America,Laptop,4,342,12,1,460,1,-0.038902596764683994,48.24750946695673,Medium,Normal
EVT001267,2026-08-18 18:33:01.735196,Phishing,Africa,Router,2,145,87,0,275,1,-0.16446773906974,14.833741107923986,Low,Normal
EVT001268,2026-08-18 18:41:01.735196,Unauthorized Access,Oceania,Server,2,154,84,0,28,1,-0.13525388868751254,22.607752363178886,Low,Normal
EVT001269,2026-08-18 18:49:01.735196,Brute Force,Oceania,Desktop,3,432,47,0,408,1,-0.1923777708016669,7.4066851745329245,Low,Normal
EVT001270,2026-08-18 18:57:01.735196,Phishing,South America,Firewall,4,650,38,0,179,1,-0.21148907484997448,2.321032621710699,Low,Normal
EVT001271,2026-08-18 19:05:01.735196,DDoS,Europe,Laptop,2,173,90,0,76,1,-0.15914012957453733,16.251455501522198,Low,Normal
EVT001272,2026-08-18 19:13:01.735196,Unauthorized Access,Europe,Firewall,2,447,14,0,111,1,-0.18446306287187192,9.51284467501812,Low,Normal
EVT001273,2026-08-18 19:21:01.735196,Phishing,Africa,Firewall,2,702,68,0,231,1,-0.2041215912393134,4.2815718783582595,Low,Normal
EVT001274,2026-08-18 19:29:01.735196,Brute Force,Oceania,Desktop,3,659,23,0,42,1,-0.1828582786413661,9.939889056603553,Low,Normal
EVT001275,2026-08-18 19:37:01.735196,Unauthorized Access,Africa,Server,0,264,93,0,353,1,-0.11431898585507272,28.178677390783747,Low,Normal
EVT001276,2026-08-18 19:45:01.735196,DDoS,Europe,Server,4,220,53,0,161,1,-0.1996190376473042,5.4797330876373405,Low,Normal
EVT001277,2026-08-18 19:53:01.735196,Unauthorized Access,Africa,Router,102,12963,429,1,1588,-1,0.11020452730341435,87.9259649111344,High,Suspicious
EVT001278,2026-08-18 20:01:01.735196,Unauthorized Access,North America,Laptop,2,902,27,0,24,1,-0.13761789002340064,21.97867496488386,Low,Normal
EVT001279,2026-08-18 20:09:01.735196,Unauthorized Access,Africa,Server,1,931,56,0,334,1,-0.16380773526983916,15.009372765572973,Low,Normal
EVT001280,2026-08-18 20:17:01.735196,Unauthorized Access,Africa,Server,1,613,48,0,474,1,-0.1624348750138201,15.374700544778591,Low,Normal
EVT001281,2026-08-18 20:25:01.735196,Brute Force,Europe,Firewall,3,731,67,0,313,1,-0.20397209417237389,4.321354100345758,Low,Normal
EVT001282,2026-08-18 20:33:01.735196,Malware,Oceania,Router,3,983,30,0,414,1,-0.1587885115482378,16.34502353374796,Low,Normal
EVT001283,2026-08-18 20:41:01.735196,Ransomware,North America,Firewall,2,146,89,0,68,1,-0.15082646600912586,18.463779905334093,Low,Normal
EVT001284,2026-08-18 20:49:01.735196,DDoS,South America,Desktop,3,957,9,0,241,1,-0.1550712932230784,17.334201499676386,Low,Normal
EVT001285,2026-08-18 20:57:01.735196,Brute Force,Oceania,Firewall,4,640,23,0,288,1,-0.1974138287022637,6.066554712812875,Low,Normal
EVT001286,2026-08-18 21:05:01.735196,Phishing,Asia,Router,2,963,62,0,282,1,-0.17541113931622165,11.921625259659653,Low,Normal
EVT001287,2026-08-18 21:13:01.735196,Malware,Asia,Firewall,3,731,70,0,219,1,-0.2052908802675676,3.9704158360234847,Low,Normal
EVT001288,2026-08-18 21:21:01.735196,DDoS,Asia,Laptop,2,331,10,0,59,1,-0.1545433910447157,17.47467998582492,Low,Normal
EVT001289,2026-08-18 21:29:01.735196,Brute Force,North America,Firewall,100,9687,882,1,1878,-1,0.11161398874576534,88.3010325236991,High,Suspicious
EVT001290,2026-08-18 21:37:01.735196,Unauthorized Access,North America,Router,0,271,37,0,285,1,-0.14218217604216338,20.76408632224296,Low,Normal
EVT001291,2026-08-18 21:45:01.735196,Brute Force,Asia,Router,3,635,90,0,225,1,-0.1915890870700206,7.616559467939481,Low,Normal
EVT001292,2026-08-18 21:53:01.735196,Phishing,South America,Firewall,2,302,36,0,207,1,-0.20580931198481306,3.832457506251272,Low,Normal
EVT001293,2026-08-18 22:01:01.735196,Unauthorized Access,South America,Firewall,2,795,31,0,283,1,-0.2048873063752319,4.077809689976177,Low,Normal
EVT001294,2026-08-18 22:09:01.735196,Ransomware,Oceania,Router,1,602,81,0,423,1,-0.1673746274230491,14.060197652312187,Low,Normal
EVT001295,2026-08-18 22:17:01.735196,DDoS,Africa,Firewall,3,224,29,0,109,1,-0.18934570380821097,8.213539547558439,Low,Normal
EVT001296,2026-08-18 22:25:01.735196,Ransomware,Africa,Firewall,4,136,53,0,192,1,-0.18112447151733074,10.401267338491788,Low,Normal
EVT001297,2026-08-18 22:33:01.735196,Ransomware,Africa,Desktop,4,546,96,0,103,1,-0.169200016760021,13.574448698813239,Low,Normal
EVT001298,2026-08-18 22:41:01.735196,DDoS,Oceania,Laptop,4,625,89,0,12,1,-0.14034302258978232,21.253498003753084,Low,Normal
EVT001299,2026-08-18 22:49:01.735196,Brute Force,North America,Laptop,4,213,9,0,259,1,-0.16110169072565467,15.729470269615414,Low,Normal
EVT001300,2026-08-18 22:57:01.735196,Brute Force,Europe,Server,1,333,51,0,150,1,-0.19049064582352737,7.908862416771911,Low,Normal
EVT001301,2026-08-18 23:05:01.735196,DDoS,Asia,Firewall,6,489,93,0,321,1,-0.1484126305690705,19.106118509585297,Low,Normal
EVT001302,2026-08-18 23:13:01.735196,Brute Force,Oceania,Server,2,667,36,0,381,1,-0.2015494035897315,4.966049120380496,Low,Normal
EVT001303,2026-08-18 23:21:01.735196,Brute Force,North America,Server,1,945,37,0,320,1,-0.16121190030986388,15.700142723370414,Low,Normal
EVT001304,2026-08-18 23:29:01.735196,DDoS,Africa,Router,2,999,88,0,57,1,-0.12530998489748985,25.253895167820513,Low,Normal
EVT001305,2026-08-18 23:37:01.735196,Ransomware,Europe,Desktop,8,203,99,0,70,1,-0.06341464746402004,41.724680208477864,Medium,Normal
EVT001306,2026-08-18 23:45:01.735196,Malware,Oceania,Router,4,392,29,0,175,1,-0.20013948840672718,5.341237476527427,Low,Normal
EVT001307,2026-08-18 23:53:01.735196,DDoS,Africa,Firewall,1,753,10,0,135,1,-0.1576139456393067,16.657583791180652,Low,Normal
EVT001308,2026-08-19 00:01:01.735196,Unauthorized Access,North America,Laptop,3,674,42,0,263,1,-0.21718150922697,0.8062357586623137,Low,Normal
EVT001309,2026-08-19 00:09:01.735196,DDoS,North America,Laptop,2,836,38,0,237,1,-0.1999918469806562,5.3805258994159075,Low,Normal
EVT001310,2026-08-19 00:17:01.735196,Unauthorized Access,Asia,Laptop,7,183,84,0,352,1,-0.10535078821654764,30.565177919439108,Low,Normal
EVT001311,2026-08-19 00:25:01.735196,Unauthorized Access,Africa,Firewall,127,10289,897,1,1344,-1,0.1064529387895774,86.9276407960292,High,Suspicious
EVT001312,2026-08-19 00:33:01.735196,Unauthorized Access,Europe,Server,3,478,77,0,446,1,-0.18319662081716903,9.8498538216583,Low,Normal
EVT001313,2026-08-19 00:41:01.735196,Brute Force,North America,Laptop,5,679,97,0,319,1,-0.16033305879486515,15.934008637647217,Low,Normal
EVT001314,2026-08-19 00:49:01.735196,Ransomware,South America,Desktop,1,588,90,0,401,1,-0.16167095160024664,15.577985943230747,Low,Normal
EVT001315,2026-08-19 00:57:01.735196,DDoS,Africa,Laptop,5,991,99,0,181,1,-0.11549954032039439,27.86452353633547,Low,Normal
EVT001316,2026-08-19 01:05:01.735196,Brute Force,Oceania,Server,5,883,67,0,350,1,-0.17442475092202686,12.18411015563174,Low,Normal
EVT001317,2026-08-19 01:13:01.735196,Unauthorized Access,Asia,Firewall,3,690,80,0,130,1,-0.19518735729404696,6.6590344291295605,Low,Normal
EVT001318,2026-08-19 01:21:01.735196,Ransomware,Asia,Desktop,4,168,91,0,385,1,-0.160822117533315,15.803866664321346,Low,Normal
EVT001319,2026-08-19 01:29:01.735196,Phishing,South America,Router,1,484,17,0,463,1,-0.14289897138861307,20.573342034238927,Low,Normal
EVT001320,2026-08-19 01:37:01.735196,Ransomware,Europe,Router,2,506,14,0,60,1,-0.1732063934935742,12.508323644705968,Low,Normal
EVT001321,2026-08-19 01:45:01.735196,Unauthorized Access,North America,Firewall,2,830,61,0,257,1,-0.2016355631988757,4.943121441814615,Low,Normal
EVT001322,2026-08-19 01:53:01.735196,Malware,Africa,Desktop,2,277,56,0,255,1,-0.20638756178292367,3.6785811640353367,Low,Normal
EVT001323,2026-08-19 02:01:01.735196,Unauthorized Access,Asia,Router,1,205,54,0,90,1,-0.17043798484054123,13.245016677162798,Low,Normal
EVT001324,2026-08-19 02:09:01.735196,Unauthorized Access,South America,Laptop,4,373,70,0,274,1,-0.2034103149898845,4.470847495790042,Low,Normal
EVT001325,2026-08-19 02:17:01.735196,DDoS,Oceania,Router,0,125,89,0,365,1,-0.09762541614535025,32.62095381500735,Low,Normal
EVT001326,2026-08-19 02:25:01.735196,Malware,South America,Server,3,665,82,1,152,1,-0.04718162193581976,46.04440258371949,Medium,Normal
EVT001327,2026-08-19 02:33:01.735196,DDoS,Oceania,Laptop,3,698,43,0,481,1,-0.18188416880622482,10.199106541569172,Low,Normal
EVT001328,2026-08-19 02:41:01.735196,Phishing,Asia,Router,4,240,51,0,456,1,-0.1820547207415354,10.153721470879672,Low,Normal
EVT001329,2026-08-19 02:49:01.735196,Unauthorized Access,Africa,Server,5,531,16,0,264,1,-0.18024270700781753,10.635911082187084,Low,Normal
EVT001330,2026-08-19 02:57:01.735196,Ransomware,Europe,Desktop,9,854,25,0,133,1,-0.06211220226000025,42.07127004661719,Medium,Normal
EVT001331,2026-08-19 03:05:01.735196,Brute Force,Oceania,Desktop,1,763,89,0,197,1,-0.1658537800396911,14.46490584794746,Low,Normal
EVT001332,2026-08-19 03:13:01.735196,Phishing,South America,Desktop,5,266,46,0,473,1,-0.1592527596801006,16.221483837504152,Low,Normal
EVT001333,2026-08-19 03:21:01.735196,Unauthorized Access,Asia,Laptop,1,676,74,0,118,1,-0.18158513321182712,10.278682018480078,Low,Normal
EVT001334,2026-08-19 03:29:01.735196,Brute Force,Europe,Router,3,723,69,0,353,1,-0.19945083582603246,5.524492776436063,Low,Normal
EVT001335,2026-08-19 03:37:01.735196,Phishing,Oceania,Laptop,8,304,15,0,452,1,-0.07491509713858602,38.664329585714405,Low,Normal
EVT001336,2026-08-19 03:45:01.735196,Phishing,Europe,Laptop,5,749,50,0,180,1,-0.19133307095419855,7.684687158739802,Low,Normal
EVT001337,2026-08-19 03:53:01.735196,Unauthorized Access,Asia,Laptop,4,861,73,0,30,1,-0.15261660467269478,17.98741140419608,Low,Normal
EVT001338,2026-08-19 04:01:01.735196,Malware,North America,Router,3,224,6,0,378,1,-0.14928670749924827,18.87352048487252,Low,Normal
EVT001339,2026-08-19 04:09:01.735196,Unauthorized Access,North America,Router,4,736,46,0,226,1,-0.20526402906820773,3.9775611292083775,Low,Normal
EVT001340,2026-08-19 04:17:01.735196,Ransomware,South America,Firewall,5,799,97,0,388,1,-0.14918114415447098,18.901611634094685,Low,Normal
EVT001341,2026-08-19 04:25:01.735196,DDoS,Europe,Firewall,1,920,11,0,33,1,-0.11126748937541275,28.990702086873753,Low,Normal
EVT001342,2026-08-19 04:33:01.735196,Phishing,Africa,Laptop,0,590,21,0,12,1,-0.09383411211411052,33.629846508894815,Low,Normal
EVT001343,2026-08-19 04:41:01.735196,DDoS,South America,Firewall,3,614,69,0,370,1,-0.20192804123841418,4.8652909764176195,Low,Normal
EVT001344,2026-08-19 04:49:01.735196,Ransomware,South America,Laptop,30,11655,346,1,1471,-1,0.10789806846036498,87.3121999752889,High,Suspicious
EVT001345,2026-08-19 04:57:01.735196,Malware,Oceania,Firewall,0,791,14,0,135,1,-0.13078833084657782,23.79606874264312,Low,Normal
EVT001346,2026-08-19 05:05:01.735196,Brute Force,North America,Server,3,785,78,0,464,1,-0.1698852394601416,13.392106114272087,Low,Normal
EVT001347,2026-08-19 05:13:01.735196,DDoS,Africa,Server,3,721,71,0,284,1,-0.20342711899727572,4.466375831121275,Low,Normal
EVT001348,2026-08-19 05:21:01.735196,Unauthorized Access,Asia,Laptop,3,995,55,0,121,1,-0.1727801453518037,12.621751276062335,Low,Normal
EVT001349,2026-08-19 05:29:01.735196,Phishing,Asia,Router,2,720,48,0,364,1,-0.20063767407402522,5.208666763180523,Low,Normal
EVT001350,2026-08-19 05:37:01.735196,Ransomware,Asia,Laptop,3,879,15,0,405,1,-0.17043991838129946,13.244502148354705,Low,Normal
EVT001351,2026-08-19 05:45:01.735196,Phishing,South America,Desktop,1,358,7,0,160,1,-0.14744355288456112,19.3639969038409,Low,Normal
EVT001352,2026-08-19 05:53:01.735196,DDoS,Asia,Router,3,963,31,0,249,1,-0.18198515687260974,10.172232906137657,Low,Normal
EVT001353,2026-08-19 06:01:01.735196,Phishing,Africa,Laptop,0,441,39,0,421,1,-0.1381201106178102,21.84503052902627,Low,Normal
EVT001354,2026-08-19 06:09:01.735196,Brute Force,Asia,Laptop,4,446,64,0,488,1,-0.1680874426961423,13.870512489848451,Low,Normal
EVT001355,2026-08-19 06:17:01.735196,DDoS,Europe,Laptop,4,638,93,0,381,1,-0.17404403301272198,12.285421871591435,Low,Normal
EVT001356,2026-08-19 06:25:01.735196,Brute Force,Europe,Router,5,622,52,0,329,1,-0.1984122509618078,5.800867520551671,Low,Normal
EVT001357,2026-08-19 06:33:01.735196,Phishing,South America,Router,2,490,20,0,366,1,-0.18650742227616457,8.968826245033078,Low,Normal
EVT001358,2026-08-19 06:41:01.735196,Brute Force,Africa,Firewall,8,147,14,0,422,1,-0.061738344647062515,42.17075618941639,Medium,Normal
EVT001359,2026-08-19 06:49:01.735196,DDoS,Asia,Desktop,3,848,17,0,475,1,-0.1508740491330714,18.451117701062046,Low,Normal
EVT001360,2026-08-19 06:57:01.735196,Unauthorized Access,North America,Router,4,166,52,0,426,1,-0.1773067410451804,11.417192294350462,Low,Normal
EVT001361,2026-08-19 07:05:01.735196,Phishing,North America,Laptop,4,195,30,0,287,1,-0.18851240521969548,8.435286168471116,Low,Normal
EVT001362,2026-08-19 07:13:01.735196,DDoS,Oceania,Server,2,393,15,0,307,1,-0.18156730417461986,10.283426450799205,Low,Normal
EVT001363,2026-08-19 07:21:01.735196,Ransomware,Asia,Desktop,2,436,12,0,36,1,-0.1536782943092393,17.70488831750616,Low,Normal
EVT001364,2026-08-19 07:29:01.735196,Unauthorized Access,Asia,Desktop,4,217,85,1,124,1,-0.03798305640269173,48.49220563094263,Medium,Normal
EVT001365,2026-08-19 07:37:01.735196,Malware,Asia,Firewall,86,9996,520,1,1840,-1,0.10097674747423091,85.47038773405924,High,Suspicious
EVT001366,2026-08-19 07:45:01.735196,Unauthorized Access,Oceania,Firewall,5,230,94,0,484,1,-0.1291279087387654,24.237918755076283,Low,Normal
EVT001367,2026-08-19 07:53:01.735196,Ransomware,Asia,Desktop,4,317,59,0,165,1,-0.20530792279238436,3.9658807001885954,Low,Normal
EVT001368,2026-08-19 08:01:01.735196,DDoS,Oceania,Router,3,861,53,0,432,1,-0.18063607098311713,10.531234159036575,Low,Normal
EVT001369,2026-08-19 08:09:01.735196,DDoS,Africa,Desktop,3,566,54,0,407,1,-0.1979492940453494,5.9240636152860855,Low,Normal
EVT001370,2026-08-19 08:17:01.735196,Phishing,Europe,Desktop,3,141,81,0,472,1,-0.14664375300300697,19.576829282996787,Low,Normal
EVT001371,2026-08-19 08:25:01.735196,Unauthorized Access,Africa,Router,4,148,31,1,176,1,-0.047013117303437824,46.08924285268646,Medium,Normal
EVT001372,2026-08-19 08:33:01.735196,Malware,North America,Laptop,4,749,75,0,263,1,-0.19712216128030535,6.14416946716497,Low,Normal
EVT001373,2026-08-19 08:41:01.735196,Ransomware,Asia,Desktop,4,980,8,0,185,1,-0.1408720791772044,21.112712321226688,Low,Normal
EVT001374,2026-08-19 08:49:01.735196,Unauthorized Access,Oceania,Router,3,237,53,0,135,1,-0.1984441606127058,5.792376137800455,Low,Normal
EVT001375,2026-08-19 08:57:01.735196,DDoS,Asia,Firewall,1,954,80,0,450,1,-0.12579825612733297,25.12396275607903,Low,Normal
EVT001376,2026-08-19 09:05:01.735196,DDoS,South America,Laptop,1,746,33,0,278,1,-0.18803132420756996,8.563305212658062,Low,Normal
EVT001377,2026-08-19 09:13:01.735196,Malware,Europe,Laptop,3,232,60,0,392,1,-0.1943250340023036,6.8885047279081,Low,Normal
EVT001378,2026-08-19 09:21:01.735196,Brute Force,Oceania,Server,2,415,63,0,323,1,-0.20533368605577823,3.959024914423433,Low,Normal
EVT001379,2026-08-19 09:29:01.735196,DDoS,North America,Server,1,543,47,0,468,1,-0.16465584471963157,14.783684870204503,Low,Normal
EVT001380,2026-08-19 09:37:01.735196,DDoS,Africa,Server,4,915,10,0,343,1,-0.1593243145183567,16.2024425912907,Low,Normal
EVT001381,2026-08-19 09:45:01.735196,DDoS,Africa,Server,43,14395,676,1,1475,-1,0.10921852127592024,87.66358176563327,High,Suspicious
EVT001382,2026-08-19 09:53:01.735196,Unauthorized Access,Europe,Server,2,352,64,0,40,1,-0.18036186811067773,10.60420147380943,Low,Normal
EVT001383,2026-08-19 10:01:01.735196,DDoS,Asia,Laptop,4,231,72,0,18,1,-0.1535048831079786,17.751034258994515,Low,Normal
EVT001384,2026-08-19 10:09:01.735196,Ransomware,South America,Laptop,4,683,52,0,453,1,-0.1893388710227168,8.215357799881959,Low,Normal
EVT001385,2026-08-19 10:17:01.735196,Phishing,North America,Server,5,274,71,0,275,1,-0.18585099666834903,9.143505720577323,Low,Normal
EVT001386,2026-08-19 10:25:01.735196,Ransomware,South America,Router,0,915,39,0,376,1,-0.13220351319804963,23.41947875588557,Low,Normal
EVT001387,2026-08-19 10:33:01.735196,Unauthorized Access,Asia,Firewall,0,298,20,0,365,1,-0.12100394851500174,26.399761764144447,Low,Normal
EVT001388,2026-08-19 10:41:01.735196,Brute Force,Africa,Laptop,1,680,49,0,263,1,-0.19996404604785112,5.387923923356796,Low,Normal
EVT001389,2026-08-19 10:49:01.735196,DDoS,Oceania,Firewall,4,862,86,1,375,1,-0.03704658594949184,48.741407011388475,Medium,Normal
EVT001390,2026-08-19 10:57:01.735196,Brute Force,Oceania,Firewall,3,533,69,0,366,1,-0.20290468840893533,4.605398288644315,Low,Normal
EVT001391,2026-08-19 11:05:01.735196,Ransomware,South America,Firewall,2,181,85,0,468,1,-0.1503078892301702,18.60177683704864,Low,Normal
EVT001392,2026-08-19 11:13:01.735196,Malware,South America,Desktop,2,601,66,0,278,1,-0.2119430222182504,2.2002340311758055,Low,Normal
EVT001393,2026-08-19 11:21:01.735196,Ransomware,Europe,Desktop,3,959,81,0,165,1,-0.1673208560874873,14.07450658326097,Low,Normal
EVT001394,2026-08-19 11:29:01.735196,Unauthorized Access,Europe,Desktop,104,8360,670,1,1286,-1,0.07755221619043562,79.23695504830553,High,Suspicious
EVT001395,2026-08-19 11:37:01.735196,Unauthorized Access,North America,Router,2,678,97,0,489,1,-0.14146412421236504,20.955164969311834,Low,Normal
EVT001396,2026-08-19 11:45:01.735196,DDoS,Asia,Server,2,287,67,0,384,1,-0.19227374248013157,7.434367843263676,Low,Normal
EVT001397,2026-08-19 11:53:01.735196,Ransomware,Africa,Laptop,0,717,80,1,56,1,-0.005908572687862934,57.027451555158834,Medium,Normal
EVT001398,2026-08-19 12:01:01.735196,Unauthorized Access,Asia,Laptop,4,964,46,0,115,1,-0.1688381075699742,13.67075528216302,Low,Normal
EVT001399,2026-08-19 12:09:01.735196,Unauthorized Access,South America,Router,3,258,16,0,455,1,-0.1607814011529139,15.81470157979363,Low,Normal
EVT001400,2026-08-19 12:17:01.735196,Brute Force,Oceania,Router,1,509,94,0,202,1,-0.16763414505113505,13.991138184447427,Low,Normal
EVT001401,2026-08-19 12:25:01.735196,Phishing,Asia,Server,2,869,69,0,281,1,-0.19002245740401452,8.033450651299434,Low,Normal
EVT001402,2026-08-19 12:33:01.735196,Phishing,Africa,Firewall,2,385,14,0,71,1,-0.1727562052054621,12.628121917544957,Low,Normal
EVT001403,2026-08-19 12:41:01.735196,Brute Force,Asia,Desktop,2,312,81,0,69,1,-0.1802863911204653,10.624286432270818,Low,Normal
EVT001404,2026-08-19 12:49:01.735196,Unauthorized Access,Asia,Router,2,651,78,0,271,1,-0.20436073122742682,4.217935043950898,Low,Normal
EVT001405,2026-08-19 12:57:01.735196,Malware,Europe,Laptop,3,477,25,0,385,1,-0.1918852714340109,7.53774272351294,Low,Normal
EVT001406,2026-08-19 13:05:01.735196,Brute Force,South America,Firewall,4,160,45,0,315,1,-0.18552455388028494,9.230374444672348,Low,Normal
EVT001407,2026-08-19 13:13:01.735196,Brute Force,Africa,Router,0,663,43,0,378,1,-0.1539634531040287,17.629005554665135,Low,Normal
EVT001408,2026-08-19 13:21:01.735196,Malware,Europe,Server,5,161,42,0,289,1,-0.174306342938352,12.215619353692134,Low,Normal
EVT001409,2026-08-19 13:29:01.735196,Malware,Europe,Server,2,787,17,0,425,1,-0.16728279027706755,14.084636163400932,Low,Normal
EVT001410,2026-08-19 13:37:01.735196,Phishing,Oceania,Router,3,272,23,0,331,1,-0.18953636479811736,8.162803315871155,Low,Normal
EVT001411,2026-08-19 13:45:01.735196,Phishing,North America,Laptop,2,678,73,0,214,1,-0.2075021019869886,3.3819941692547393,Low,Normal
EVT001412,2026-08-19 13:53:01.735196,Phishing,Asia,Router,148,11007,334,1,728,-1,0.13186543244127946,93.69008426334466,High,Suspicious
EVT001413,2026-08-19 14:01:01.735196,DDoS,Asia,Router,2,491,80,0,19,1,-0.15645812252059565,16.965156460184595,Low,Normal
EVT001414,2026-08-19 14:09:01.735196,Malware,Asia,Server,7,135,7,0,479,1,-0.06365025370034971,41.66198373029814,Medium,Normal
EVT001415,2026-08-19 14:17:01.735196,Phishing,North America,Desktop,1,143,95,0,479,1,-0.11072079530698176,29.136181227266327,Low,Normal
EVT001416,2026-08-19 14:25:01.735196,Malware,Africa,Router,4,120,6,0,423,1,-0.12774285500061816,24.606491305719587,Low,Normal
EVT001417,2026-08-19 14:33:01.735196,Ransomware,South America,Server,4,375,17,1,483,1,-0.03644800937877568,48.900692450897346,Medium,Normal
EVT001418,2026-08-19 14:41:01.735196,Brute Force,Europe,Router,2,701,28,1,23,1,-0.0268515788734065,51.45437016824461,Medium,Normal
EVT001419,2026-08-19 14:49:01.735196,DDoS,Europe,Server,3,790,44,0,316,1,-0.20664764463106922,3.6093712871335137,Low,Normal
EVT001420,2026-08-19 14:57:01.735196,Brute Force,North America,Firewall,5,241,90,1,341,1,-0.03028328222426746,50.54116974703212,Medium,Normal
EVT001421,2026-08-19 15:05:01.735196,Phishing,South America,Router,3,748,21,0,113,1,-0.19409296194242787,6.950260736852466,Low,Normal
EVT001422,2026-08-19 15:13:01.735196,Ransomware,Asia,Laptop,2,406,40,0,290,1,-0.20755475765660847,3.367982124867503,Low,Normal
EVT001423,2026-08-19 15:21:01.735196,Malware,Oceania,Firewall,5,477,92,0,35,1,-0.1390702767151757,21.5921846412492,Low,Normal
EVT001424,2026-08-19 15:29:01.735196,Ransomware,South America,Desktop,1,879,79,0,245,1,-0.16427180889704673,14.88587950624645,Low,Normal
EVT001425,2026-08-19 15:37:01.735196,Malware,Oceania,Laptop,4,428,7,0,81,1,-0.15457408226110714,17.466512837073804,Low,Normal
EVT001426,2026-08-19 15:45:01.735196,Phishing,Oceania,Router,5,433,81,0,341,1,-0.1830318708482399,9.89369494824725,Low,Normal
EVT001427,2026-08-19 15:53:01.735196,Phishing,Asia,Firewall,1,326,48,0,367,1,-0.18413214383011522,9.600904561734037,Low,Normal
EVT001428,2026-08-19 16:01:01.735196,Phishing,North America,Server,3,860,57,0,384,1,-0.18851438018921346,8.434760615178389,Low,Normal
EVT001429,2026-08-19 16:09:01.735196,Brute Force,South America,Firewall,5,792,24,0,81,1,-0.1665434193362934,14.28138797598923,Low,Normal
EVT001430,2026-08-19 16:17:01.735196,Malware,Europe,Laptop,2,731,23,0,219,1,-0.19857302345654332,5.758084827847474,Low,Normal
EVT001431,2026-08-19 16:25:01.735196,Brute Force,Africa,Desktop,4,527,13,0,118,1,-0.18442872589988657,9.521981984999274,Low,Normal
EVT001432,2026-08-19 16:33:01.735196,Brute Force,North America,Server,1,204,40,0,465,1,-0.1517693466526695,18.212872728109364,Low,Normal
EVT001433,2026-08-19 16:41:01.735196,Phishing,Oceania,Firewall,1,748,88,0,331,1,-0.1703780136392956,13.260975436017752,Low,Normal
EVT001434,2026-08-19 16:49:01.735196,Phishing,South America,Laptop,0,364,34,0,325,1,-0.1445927468781602,20.12261645211488,Low,Normal
EVT001435,2026-08-19 16:57:01.735196,Unauthorized Access,Oceania,Desktop,5,743,82,0,290,1,-0.1822039298342979,10.114015880848044,Low,Normal
EVT001436,2026-08-19 17:05:01.735196,DDoS,Oceania,Laptop,5,241,86,0,36,1,-0.13330411133159353,23.126601844224243,Low,Normal
EVT001437,2026-08-19 17:13:01.735196,DDoS,Asia,Laptop,125,5348,545,1,971,-1,0.10802011286724156,87.34467685116407,High,Suspicious
EVT001438,2026-08-19 17:21:01.735196,Malware,South America,Router,6,690,32,0,115,1,-0.1622087813018861,15.434865673247467,Low,Normal
EVT001439,2026-08-19 17:29:01.735196,Unauthorized Access,Oceania,Router,1,368,69,0,498,1,-0.1293247209707194,24.185545634574744,Low,Normal
EVT001440,2026-08-19 17:37:01.735196,Phishing,Africa,Desktop,6,932,85,0,192,1,-0.1256940395276222,25.151695526957763,Low,Normal
EVT001441,2026-08-19 17:45:01.735196,DDoS,Asia,Firewall,4,170,50,0,431,1,-0.17735842358145115,11.403439207598389,Low,Normal
EVT001442,2026-08-19 17:53:01.735196,Unauthorized Access,Europe,Server,3,968,37,0,271,1,-0.18361243129406668,9.739203726406846,Low,Normal
EVT001443,2026-08-19 18:01:01.735196,DDoS,Asia,Desktop,2,753,41,0,342,1,-0.20103321985970796,5.1034092449268895,Low,Normal
EVT001444,2026-08-19 18:09:01.735196,DDoS,North America,Firewall,2,924,87,0,479,1,-0.13511720987301096,22.64412355795082,Low,Normal
EVT001445,2026-08-19 18:17:01.735196,Phishing,North America,Firewall,2,558,37,0,167,1,-0.21520970239353626,1.3309474387641536,Low,Normal
EVT001446,2026-08-19 18:25:01.735196,Unauthorized Access,Europe,Desktop,4,691,17,0,381,1,-0.1817344433041339,10.238949551758667,Low,Normal
EVT001447,2026-08-19 18:33:01.735196,Brute Force,Africa,Router,2,495,82,1,420,1,-0.055023844874397376,43.957531849699116,Medium,Normal
EVT001448,2026-08-19 18:41:01.735196,Brute Force,South America,Firewall,3,893,32,0,173,1,-0.1956663380302064,6.531574283163353,Low,Normal
EVT001449,2026-08-19 18:49:01.735196,Ransomware,Asia,Router,4,861,61,0,153,1,-0.18999303404853557,8.041280413335866,Low,Normal
EVT001450,2026-08-19 18:57:01.735196,Malware,North America,Firewall,2,563,42,0,167,1,-0.21659820069902436,0.9614582645013331,Low,Normal
EVT001451,2026-08-19 19:05:01.735196,Malware,Europe,Laptop,3,114,52,0,478,1,-0.1488814318522207,18.981367187729255,Low,Normal
EVT001452,2026-08-19 19:13:01.735196,Phishing,North America,Router,0,964,61,0,236,1,-0.12195205255067604,26.147464605500524,Low,Normal
EVT001453,2026-08-19 19:21:01.735196,Malware,Africa,Router,5,970,86,0,264,1,-0.14133621444987604,20.989202657608185,Low,Normal
EVT001454,2026-08-19 19:29:01.735196,Unauthorized Access,Africa,Firewall,3,339,49,0,405,1,-0.19223035189760124,7.445914382749211,Low,Normal
EVT001455,2026-08-19 19:37:01.735196,Ransomware,Europe,Firewall,1,215,17,0,344,1,-0.14705936681089082,19.46623152275447,Low,Normal
EVT001456,2026-08-19 19:45:01.735196,Malware,Europe,Router,3,348,98,0,56,1,-0.14563061422476603,19.846432644489038,Low,Normal
EVT001457,2026-08-19 19:53:01.735196,Malware,South America,Server,3,301,65,0,306,1,-0.20408953010515224,4.290103571872262,Low,Normal
EVT001458,2026-08-19 20:01:01.735196,Brute Force,South America,Desktop,3,165,28,0,421,1,-0.17356630048456284,12.412549860621253,Low,Normal
EVT001459,2026-08-19 20:09:01.735196,Malware,Africa,Desktop,3,725,79,0,68,1,-0.18766393458568392,8.661070177503074,Low,Normal
EVT001460,2026-08-19 20:17:01.735196,Brute Force,North America,Desktop,2,453,39,0,479,1,-0.17835969872693758,11.13699284230332,Low,Normal
EVT001461,2026-08-19 20:25:01.735196,Phishing,Africa,Server,4,246,52,0,184,1,-0.20351384324443023,4.443297898405745,Low,Normal
EVT001462,2026-08-19 20:33:01.735196,Phishing,Africa,Router,1,785,39,0,51,1,-0.16510688791112177,14.663659101557997,Low,Normal
EVT001463,2026-08-19 20:41:01.735196,Unauthorized Access,Oceania,Laptop,4,924,65,0,192,1,-0.18209010622772226,10.144305143887845,Low,Normal
EVT001464,2026-08-19 20:49:01.735196,Phishing,Africa,Firewall,5,713,85,0,77,1,-0.1653533973452141,14.598061205693982,Low,Normal
EVT001465,2026-08-19 20:57:01.735196,Malware,Oceania,Firewall,6,345,60,0,30,1,-0.13382499308089157,22.98799154367436,Low,Normal
EVT001466,2026-08-19 21:05:01.735196,DDoS,Oceania,Router,5,862,20,0,96,1,-0.16129744829083914,15.677377803366216,Low,Normal
EVT001467,2026-08-19 21:13:01.735196,Phishing,Europe,Firewall,2,852,31,0,118,1,-0.19203246623487297,7.498573150736844,Low,Normal
EVT001468,2026-08-19 21:21:01.735196,Ransomware,Oceania,Laptop,4,848,12,0,90,1,-0.16566077616963876,14.516265536535697,Low,Normal
EVT001469,2026-08-19 21:29:01.735196,Unauthorized Access,South America,Desktop,1,445,99,0,196,1,-0.1510068871655592,18.415768565423477,Low,Normal
EVT001470,2026-08-19 21:37:01.735196,Unauthorized Access,Asia,Desktop,1,138,96,0,130,1,-0.13329322084140283,23.129499880334173,Low,Normal
EVT001471,2026-08-19 21:45:01.735196,Brute Force,South America,Desktop,5,720,58,0,410,1,-0.1710471148617398,13.08292289018318,Low,Normal
EVT001472,2026-08-19 21:53:01.735196,Unauthorized Access,Africa,Laptop,2,405,76,0,182,1,-0.19832910259351155,5.822993886728465,Low,Normal
EVT001473,2026-08-19 22:01:01.735196,Unauthorized Access,Oceania,Desktop,8,953,59,0,171,1,-0.07629678299575626,38.296653251909305,Low,Normal
EVT001474,2026-08-19 22:09:01.735196,DDoS,South America,Router,1,324,6,0,418,1,-0.13160690284614684,23.578240970725812,Low,Normal
EVT001475,2026-08-19 22:17:01.735196,Malware,Asia,Firewall,110,10327,595,1,1762,-1,0.09738645405485225,84.5149853791236,High,Suspicious
EVT001476,2026-08-19 22:25:01.735196,Phishing,Asia,Server,142,11627,415,1,1234,-1,0.1187119659753002,90.18985423497602,High,Suspicious
EVT001477,2026-08-19 22:33:01.735196,Phishing,Europe,Desktop,4,122,39,0,298,1,-0.17409555215272432,12.27171226573671,Low,Normal
EVT001478,2026-08-19 22:41:01.735196,Brute Force,Asia,Firewall,47,13645,742,1,1627,-1,0.11629288211317301,89.54611898866209,High,Suspicious
EVT001479,2026-08-19 22:49:01.735196,Unauthorized Access,Africa,Laptop,1,613,84,0,321,1,-0.18112429578508332,10.401314102080002,Low,Normal
EVT001480,2026-08-19 22:57:01.735196,DDoS,Asia,Laptop,0,850,17,0,203,1,-0.12884299279360484,24.313736893921384,Low,Normal
EVT001481,2026-08-19 23:05:01.735196,Ransomware,Africa,Laptop,6,583,8,0,353,1,-0.13794546747057085,21.89150430001258,Low,Normal
EVT001482,2026-08-19 23:13:01.735196,Ransomware,North America,Firewall,3,537,12,0,181,1,-0.1971139746365682,6.1463479906982466,Low,Normal
EVT001483,2026-08-19 23:21:01.735196,Phishing,Oceania,Server,1,789,31,0,317,1,-0.17982607454204907,10.746779914463946,Low,Normal
EVT001484,2026-08-19 23:29:01.735196,DDoS,Europe,Router,3,151,92,0,478,1,-0.1347299114502573,22.74718639486673,Low,Normal
EVT001485,2026-08-19 23:37:01.735196,Brute Force,Oceania,Firewall,2,300,56,0,475,1,-0.1765837177791979,11.609593875587375,Low,Normal
EVT001486,2026-08-19 23:45:01.735196,Malware,Africa,Desktop,3,151,83,0,73,1,-0.1608962544516787,15.784138308413146,Low,Normal
EVT001487,2026-08-19 23:53:01.735196,Unauthorized Access,South America,Server,80,6550,989,1,1286,-1,0.09383554451073428,83.57006335066143,High,Suspicious
EVT001488,2026-08-20 00:01:01.735196,Ransomware,Asia,Router,5,331,43,0,316,1,-0.19096491541420324,7.782655939785833,Low,Normal
EVT001489,2026-08-20 00:09:01.735196,Malware,Europe,Firewall,1,460,17,0,377,1,-0.1660676364688462,14.407997146577786,Low,Normal
EVT001490,2026-08-20 00:17:01.735196,Brute Force,Oceania,Router,2,952,47,0,94,1,-0.17345898686638306,12.441106769917921,Low,Normal
EVT001491,2026-08-20 00:25:01.735196,Unauthorized Access,North America,Desktop,4,662,73,1,81,1,-0.04418994084140826,46.84050998468835,Medium,Normal
EVT001492,2026-08-20 00:33:01.735196,Phishing,Asia,Firewall,2,535,27,0,312,1,-0.2029404920462829,4.595870688684799,Low,Normal
EVT001493,2026-08-20 00:41:01.735196,Phishing,North America,Router,3,905,88,0,123,1,-0.16664574894050027,14.25415734789873,Low,Normal
EVT001494,2026-08-20 00:49:01.735196,Unauthorized Access,Africa,Firewall,2,784,12,0,294,1,-0.18236587602432552,10.070920859563675,Low,Normal
EVT001495,2026-08-20 00:57:01.735196,DDoS,Asia,Router,4,824,41,0,184,1,-0.19933158545242313,5.556226140388534,Low,Normal
EVT001496,2026-08-20 01:05:01.735196,Ransomware,North America,Router,5,894,11,0,422,1,-0.1378452139627191,21.918182464247053,Low,Normal
EVT001497,2026-08-20 01:13:01.735196,Malware,Africa,Router,4,301,41,0,306,1,-0.2019537974227691,4.858437074434562,Low,Normal
EVT001498,2026-08-20 01:21:01.735196,DDoS,Africa,Router,0,597,89,0,254,1,-0.1337869891758221,22.99810465036479,Low,Normal
EVT001499,2026-08-20 01:29:01.735196,Phishing,Europe,Router,5,858,85,0,336,1,-0.1663121510450244,14.34293009644873,Low,Normal
EVT001500,2026-08-20 01:37:01.735196,DDoS,South America,Firewall,3,335,67,0,483,1,-0.16950431246260222,13.493473470082987,Low,Normal
EVT001501,2026-08-20 01:45:01.735196,Unauthorized Access,Oceania,Firewall,3,541,9,0,37,1,-0.15431753029012268,17.53478312270532,Low,Normal
EVT001502,2026-08-20 01:53:01.735196,Malware,Asia,Router,4,669,83,0,35,1,-0.15995180980135504,16.035461678852812,Low,Normal
EVT001503,2026-08-20 02:01:01.735196,Unauthorized Access,North America,Server,2,936,10,0,167,1,-0.16241221736866668,15.38072990366609,Low,Normal
EVT001504,2026-08-20 02:09:01.735196,DDoS,Asia,Desktop,1,514,10,0,277,1,-0.17163581825688612,12.926264772201632,Low,Normal
EVT001505,2026-08-20 02:17:01.735196,Ransomware,Africa,Server,4,713,11,0,148,1,-0.17774836869831118,11.29967206674777,Low,Normal
EVT001506,2026-08-20 02:25:01.735196,Phishing,Asia,Firewall,3,689,45,0,437,1,-0.1942542574624428,6.9073388634392625,Low,Normal
EVT001507,2026-08-20 02:33:01.735196,DDoS,Africa,Laptop,0,624,94,0,91,1,-0.11513725866985669,27.960929234044034,Low,Normal
EVT001508,2026-08-20 02:41:01.735196,Phishing,Europe,Desktop,2,539,44,0,235,1,-0.2162805316620351,1.0459922316672263,Low,Normal
EVT001509,2026-08-20 02:49:01.735196,Brute Force,North America,Server,1,132,27,0,318,1,-0.14809796911159084,19.18985213867001,Low,Normal
EVT001510,2026-08-20 02:57:01.735196,Phishing,Africa,Laptop,2,221,64,0,355,1,-0.19852759352279942,5.770174053048184,Low,Normal
EVT001511,2026-08-20 03:05:01.735196,Ransomware,North America,Desktop,3,927,17,0,395,1,-0.16502887498308033,14.68441889092895,Low,Normal
EVT001512,2026-08-20 03:13:01.735196,Malware,Asia,Router,0,719,29,0,143,1,-0.14407460935581334,20.260496494553408,Low,Normal
EVT001513,2026-08-20 03:21:01.735196,Ransomware,Europe,Firewall,5,263,68,1,25,1,-0.02220456994715203,52.69097195894694,Medium,Normal
EVT001514,2026-08-20 03:29:01.735196,Unauthorized Access,Africa,Desktop,5,478,82,0,34,1,-0.15314466302708918,17.846891358506014,Low,Normal
EVT001515,2026-08-20 03:37:01.735196,Unauthorized Access,Oceania,Laptop,2,905,42,0,487,1,-0.15162960739731984,18.250058327736795,Low,Normal
EVT001516,2026-08-20 03:45:01.735196,Brute Force,North America,Router,1,390,37,0,47,1,-0.16772019267370353,13.968240306297746,Low,Normal
EVT001517,2026-08-20 03:53:01.735196,Brute Force,Africa,Server,3,191,10,0,280,1,-0.16259255158303376,15.332741699651391,Low,Normal
EVT001518,2026-08-20 04:01:01.735196,Malware,Asia,Laptop,2,293,33,0,124,1,-0.19926214947083332,5.574703543926114,Low,Normal
EVT001519,2026-08-20 04:09:01.735196,Unauthorized Access,Asia,Server,6,737,89,1,197,1,-0.026302613401366526,51.60045374512846,Medium,Normal
EVT001520,2026-08-20 04:17:01.735196,Malware,North America,Router,4,591,78,0,258,1,-0.20362161399460255,4.414619343067604,Low,Normal
EVT001521,2026-08-20 04:25:01.735196,Brute Force,Oceania,Desktop,3,143,61,0,452,1,-0.16575901876904486,14.490122489195617,Low,Normal
EVT001522,2026-08-20 04:33:01.735196,Malware,Asia,Router,4,139,51,0,496,1,-0.1375008582234144,22.009817950776238,Low,Normal
EVT001523,2026-08-20 04:41:01.735196,DDoS,Africa,Server,4,997,32,0,216,1,-0.1699103955412941,13.38541190397598,Low,Normal
EVT001524,2026-08-20 04:49:01.735196,DDoS,Africa,Firewall,3,301,98,0,263,1,-0.17255571437856165,12.68147393805943,Low,Normal
EVT001525,2026-08-20 04:57:01.735196,Phishing,Africa,Router,3,616,72,0,182,1,-0.21094148399332652,2.4667504037612877,Low,Normal
EVT001526,2026-08-20 05:05:01.735196,Brute Force,North America,Server,7,800,20,0,68,1,-0.09752379450809912,32.64799604810677,Low,Normal
EVT001527,2026-08-20 05:13:01.735196,Unauthorized Access,Asia,Desktop,5,636,90,0,96,1,-0.16226981519568495,15.418624124422633,Low,Normal
EVT001528,2026-08-20 05:21:01.735196,Brute Force,Europe,Server,3,593,81,0,111,1,-0.19723100006263722,6.115206700950117,Low,Normal
EVT001529,2026-08-20 05:29:01.735196,Ransomware,Asia,Desktop,0,748,67,0,151,1,-0.14337910916753654,20.445573991047507,Low,Normal
EVT001530,2026-08-20 05:37:01.735196,Unauthorized Access,Asia,Server,0,939,43,0,268,1,-0.13548452367394148,22.546378769595858,Low,Normal
EVT001531,2026-08-20 05:45:01.735196,DDoS,North America,Firewall,3,389,82,0,184,1,-0.19515690744010722,6.667137349633063,Low,Normal
EVT001532,2026-08-20 05:53:01.735196,Phishing,Europe,Desktop,5,886,31,1,258,1,-0.03684466612159076,48.79513929912954,Medium,Normal
EVT001533,2026-08-20 06:01:01.735196,Brute Force,Europe,Server,3,705,62,0,213,1,-0.21267042723747137,2.006666434554138,Low,Normal
EVT001534,2026-08-20 06:09:01.735196,Unauthorized Access,Oceania,Firewall,3,823,20,0,263,1,-0.19594642483224112,6.457041213301704,Low,Normal
EVT001535,2026-08-20 06:17:01.735196,Brute Force,Europe,Router,4,545,72,0,66,1,-0.1926264636341944,7.340506260973961,Low,Normal
EVT001536,2026-08-20 06:25:01.735196,Phishing,South America,Desktop,1,428,92,0,64,1,-0.1458982129668035,19.7752227353099,Low,Normal
EVT001537,2026-08-20 06:33:01.735196,Ransomware,South America,Firewall,1,410,29,0,72,1,-0.17179993282457873,12.882592730355007,Low,Normal
EVT001538,2026-08-20 06:41:01.735196,Brute Force,Europe,Firewall,4,809,32,0,37,1,-0.16780517993508443,13.945624597725134,Low,Normal
EVT001539,2026-08-20 06:49:01.735196,Phishing,Europe,Desktop,5,998,66,0,39,1,-0.12246215716962655,26.01172217520824,Low,Normal
EVT001540,2026-08-20 06:57:01.735196,Unauthorized Access,Europe,Router,0,952,64,0,152,1,-0.12218869578865915,26.084492173880218,Low,Normal
EVT001541,2026-08-20 07:05:01.735196,Phishing,Oceania,Firewall,3,598,22,0,430,1,-0.18385963988405674,9.673419780236314,Low,Normal
EVT001542,2026-08-20 07:13:01.735196,Ransomware,North America,Firewall,2,724,88,0,323,1,-0.18360406195018475,9.741430867734877,Low,Normal
EVT001543,2026-08-20 07:21:01.735196,Brute Force,North America,Laptop,4,610,23,0,228,1,-0.20123544291598583,5.049596265980005,Low,Normal
EVT001544,2026-08-20 07:29:01.735196,Phishing,Oceania,Server,1,602,31,0,298,1,-0.18884949999473477,8.345582875650894,Low,Normal
EVT001545,2026-08-20 07:37:01.735196,DDoS,South America,Desktop,2,838,99,0,303,1,-0.1572346157605778,16.758526142432203,Low,Normal
EVT001546,2026-08-20 07:45:01.735196,Brute Force,Oceania,Desktop,5,643,70,0,260,1,-0.19485479308361908,6.747532106811038,Low,Normal
EVT001547,2026-08-20 07:53:01.735196,Phishing,North America,Laptop,6,183,35,0,80,1,-0.142869488846464,20.581187546264957,Low,Normal
EVT001548,2026-08-20 08:01:01.735196,Unauthorized Access,Africa,Desktop,1,151,49,0,309,1,-0.16593082276977106,14.444404235084349,Low,Normal
EVT001549,2026-08-20 08:09:01.735196,Unauthorized Access,Europe,Firewall,3,361,72,0,428,1,-0.1856862543613521,9.187344808272174,Low,Normal
EVT001550,2026-08-20 08:17:01.735196,Brute Force,North America,Desktop,2,825,96,0,365,1,-0.16406872877372808,14.939920556766728,Low,Normal
EVT001551,2026-08-20 08:25:01.735196,DDoS,Europe,Firewall,1,589,13,0,342,1,-0.16591313101401112,14.449112135843869,Low,Normal
EVT001552,2026-08-20 08:33:01.735196,DDoS,Oceania,Desktop,4,369,52,0,440,1,-0.18728467448415304,8.76199396055099,Low,Normal
EVT001553,2026-08-20 08:41:01.735196,DDoS,South America,Router,2,718,96,0,225,1,-0.1754871426767815,11.901400230343114,Low,Normal
EVT001554,2026-08-20 08:49:01.735196,Phishing,Europe,Server,4,189,12,0,221,1,-0.16828965691063025,13.816701863764111,Low,Normal
EVT001555,2026-08-20 08:57:01.735196,Malware,Asia,Router,5,273,51,0,110,1,-0.1799587996379594,10.711460832043732,Low,Normal
EVT001556,2026-08-20 09:05:01.735196,Brute Force,Europe,Laptop,7,917,97,0,450,1,-0.07485005349576701,38.68163815698255,Low,Normal
EVT001557,2026-08-20 09:13:01.735196,DDoS,Africa,Router,2,652,80,0,187,1,-0.20126923326203405,5.040604417009024,Low,Normal
EVT001558,2026-08-20 09:21:01.735196,DDoS,Europe,Router,3,348,11,0,120,1,-0.1776471612420884,11.326604083359664,Low,Normal
EVT001559,2026-08-20 09:29:01.735196,Malware,Africa,Router,5,621,21,0,267,1,-0.18627284254644477,9.031249562577203,Low,Normal
EVT001560,2026-08-20 09:37:01.735196,DDoS,Africa,Firewall,4,697,27,0,82,1,-0.18793496094014672,8.588948156526806,Low,Normal
EVT001561,2026-08-20 09:45:01.735196,Unauthorized Access,Oceania,Server,1,695,75,0,272,1,-0.18650245721736997,8.970147482132854,Low,Normal
EVT001562,2026-08-20 09:53:01.735196,DDoS,South America,Server,5,970,90,0,377,1,-0.1307122290493684,23.816319966645104,Low,Normal
EVT001563,2026-08-20 10:01:01.735196,Phishing,Africa,Firewall,2,757,92,0,325,1,-0.1756417071262238,11.860269542196727,Low,Normal
EVT001564,2026-08-20 10:09:01.735196,Brute Force,North America,Firewall,2,714,60,1,229,1,-0.057339987547052385,43.341189978620385,Medium,Normal
EVT001565,2026-08-20 10:17:01.735196,Brute Force,North America,Laptop,2,135,54,0,26,1,-0.1453287887830655,19.926750519408042,Low,Normal
EVT001566,2026-08-20 10:25:01.735196,DDoS,Asia,Desktop,3,261,53,0,440,1,-0.18834188715064365,8.480662227110743,Low,Normal
EVT001567,2026-08-20 10:33:01.735196,DDoS,Asia,Firewall,2,956,30,0,279,1,-0.17784034407590343,11.275196771254247,Low,Normal
EVT001568,2026-08-20 10:41:01.735196,Brute Force,Africa,Laptop,2,899,86,0,202,1,-0.16927990469623194,13.55318995656813,Low,Normal
EVT001569,2026-08-20 10:49:01.735196,Brute Force,South America,Server,2,315,38,0,420,1,-0.1907637362592462,7.836191129242071,Low,Normal
EVT001570,2026-08-20 10:57:01.735196,Malware,Europe,Firewall,3,488,27,0,354,1,-0.20138366647517525,5.010152933370433,Low,Normal
EVT001571,2026-08-20 11:05:01.735196,Brute Force,Africa,Laptop,3,628,41,0,484,1,-0.18111266616586996,10.404408825626405,Low,Normal
EVT001572,2026-08-20 11:13:01.735196,Ransomware,South America,Server,3,438,74,0,368,1,-0.196445612733411,6.324203798465673,Low,Normal
EVT001573,2026-08-20 11:21:01.735196,Unauthorized Access,Oceania,Laptop,2,141,78,0,166,1,-0.1736037571778688,12.402582370833521,Low,Normal
EVT001574,2026-08-20 11:29:01.735196,Malware,Asia,Desktop,2,992,23,0,282,1,-0.16519998136855318,14.638886277147877,Low,Normal
EVT001575,2026-08-20 11:37:01.735196,Brute Force,Europe,Server,4,479,75,0,46,1,-0.178467405420504,11.108331332878976,Low,Normal
EVT001576,2026-08-20 11:45:01.735196,Brute Force,South America,Desktop,3,473,9,0,213,1,-0.18382029639050784,9.68388936085196,Low,Normal
EVT001577,2026-08-20 11:53:01.735196,Brute Force,South America,Firewall,4,399,46,0,427,1,-0.18886456916430489,8.341572863539765,Low,Normal
EVT001578,2026-08-20 12:01:01.735196,Phishing,South America,Firewall,4,785,77,0,30,1,-0.15577075157768316,17.14807070725651,Low,Normal
EVT001579,2026-08-20 12:09:01.735196,Phishing,Asia,Firewall,5,205,69,0,191,1,-0.18058563185153664,10.544656367046871,Low,Normal
EVT001580,2026-08-20 12:17:01.735196,Phishing,Europe,Laptop,2,169,36,0,147,1,-0.18699368541163214,8.839428201342127,Low,Normal
EVT001581,2026-08-20 12:25:01.735196,Brute Force,North America,Router,2,342,84,0,203,1,-0.1891488873364532,8.265913796301609,Low,Normal
EVT001582,2026-08-20 12:33:01.735196,Brute Force,South America,Desktop,3,538,79,0,232,1,-0.20691055225901223,3.5394097164408422,Low,Normal
EVT001583,2026-08-20 12:41:01.735196,Malware,Europe,Laptop,3,629,55,1,131,1,-0.055780957371267204,43.756058884131356,Medium,Normal
EVT001584,2026-08-20 12:49:01.735196,Ransomware,North America,Router,44,7562,797,1,1641,-1,0.09107495019463152,82.83544976827547,High,Suspicious
EVT001585,2026-08-20 12:57:01.735196,DDoS,Africa,Server,1,362,18,0,24,1,-0.13063175181653808,23.83773552486934,Low,Normal
EVT001586,2026-08-20 13:05:01.735196,DDoS,Europe,Laptop,4,321,90,0,272,1,-0.18087146623364203,10.468593825664858,Low,Normal
EVT001587,2026-08-20 13:13:01.735196,DDoS,South America,Router,6,360,68,0,270,1,-0.16724396000829178,14.094969171291293,Low,Normal
EVT001588,2026-08-20 13:21:01.735196,Unauthorized Access,Africa,Server,3,773,60,0,482,1,-0.1725559872699416,12.681401319742044,Low,Normal
EVT001589,2026-08-20 13:29:01.735196,Unauthorized Access,Asia,Firewall,3,501,49,0,65,1,-0.19948770124535642,5.514682628817573,Low,Normal
EVT001590,2026-08-20 13:37:01.735196,Phishing,North America,Laptop,1,307,85,1,491,1,-0.019883659964039513,53.30858244490078,Medium,Normal
EVT001591,2026-08-20 13:45:01.735196,Brute Force,Asia,Server,4,743,22,0,445,1,-0.17109926685158428,13.06904487853013,Low,Normal
EVT001592,2026-08-20 13:53:01.735196,Malware,Oceania,Firewall,3,219,72,0,150,1,-0.1936997545426784,7.054895994146776,Low,Normal
EVT001593,2026-08-20 14:01:01.735196,Ransomware,Asia,Server,2,769,55,0,441,1,-0.18468717459252476,9.453206968382583,Low,Normal
EVT001594,2026-08-20 14:09:01.735196,DDoS,Europe,Laptop,70,11953,479,1,959,-1,0.09890549394752257,84.91921258876197,High,Suspicious
EVT001595,2026-08-20 14:17:01.735196,Unauthorized Access,Oceania,Firewall,3,456,65,0,340,1,-0.2092922991310346,2.9056101060500734,Low,Normal
EVT001596,2026-08-20 14:25:01.735196,Unauthorized Access,Europe,Router,3,214,48,0,19,1,-0.15601513280766377,17.083039141489404,Low,Normal
EVT001597,2026-08-20 14:33:01.735196,Ransomware,North America,Server,4,181,35,0,342,1,-0.18989177105201527,8.068227209611942,Low,Normal
EVT001598,2026-08-20 14:41:01.735196,Ransomware,Asia,Router,1,634,65,0,204,1,-0.19452344919781545,6.835705047518793,Low,Normal
EVT001599,2026-08-20 14:49:01.735196,DDoS,Africa,Server,3,952,10,0,115,1,-0.1589521160576589,16.301487221998247,Low,Normal
EVT001600,2026-08-20 14:57:01.735196,Phishing,North America,Desktop,1,408,13,0,379,1,-0.15407513987658705,17.599284918200865,Low,Normal
EVT001601,2026-08-20 15:05:01.735196,DDoS,Africa,Laptop,7,323,29,0,418,1,-0.11393723354555951,28.28026436792116,Low,Normal
EVT001602,2026-08-20 15:13:01.735196,Unauthorized Access,North America,Server,6,342,9,0,136,1,-0.1355488189678638,22.529269339237572,Low,Normal
EVT001603,2026-08-20 15:21:01.735196,Brute Force,Africa,Server,4,639,78,0,346,1,-0.1950521806689624,6.695005880722056,Low,Normal
EVT001604,2026-08-20 15:29:01.735196,Brute Force,Africa,Desktop,5,407,40,0,451,1,-0.1716362263737119,12.926156169441105,Low,Normal
EVT001605,2026-08-20 15:37:01.735196,Ransomware,Asia,Firewall,3,349,98,0,193,1,-0.17175334818893478,12.89498922986054,Low,Normal
EVT001606,2026-08-20 15:45:01.735196,Unauthorized Access,Asia,Laptop,0,766,62,0,78,1,-0.13291249843303016,23.23081279352748,Low,Normal
EVT001607,2026-08-20 15:53:01.735196,DDoS,Africa,Router,2,882,11,0,380,1,-0.15823001356935917,16.493643777811407,Low,Normal
EVT001608,2026-08-20 16:01:01.735196,Phishing,Africa,Laptop,4,589,23,0,168,1,-0.19942564309473976,5.531196739592499,Low,Normal
EVT001609,2026-08-20 16:09:01.735196,Phishing,North America,Server,3,245,29,0,195,1,-0.19772292445949557,5.984302155747207,Low,Normal
EVT001610,2026-08-20 16:17:01.735196,Brute Force,North America,Laptop,33,9467,412,1,951,-1,0.08950555300589613,82.4178221276336,High,Suspicious
EVT001611,2026-08-20 16:25:01.735196,DDoS,South America,Server,1,935,69,0,106,1,-0.15132786481327443,18.330354153650443,Low,Normal
EVT001612,2026-08-20 16:33:01.735196,Unauthorized Access,Oceania,Laptop,1,674,69,0,118,1,-0.18390291363163275,9.661904331354656,Low,Normal
EVT001613,2026-08-20 16:41:01.735196,Phishing,Oceania,Desktop,73,14963,465,1,1893,-1,0.1361869034573776,94.84005812433365,High,Suspicious
EVT001614,2026-08-20 16:49:01.735196,Malware,Asia,Desktop,5,420,83,0,362,1,-0.17578622723647924,11.821811723421149,Low,Normal
EVT001615,2026-08-20 16:57:01.735196,Ransomware,North America,Server,0,576,37,0,392,1,-0.14818538193029746,19.16659097221685,Low,Normal
EVT001616,2026-08-20 17:05:01.735196,Ransomware,South America,Firewall,3,133,28,0,80,1,-0.16311534992572518,15.193621380106514,Low,Normal
EVT001617,2026-08-20 17:13:01.735196,Malware,Europe,Laptop,3,853,29,0,367,1,-0.18946059991289904,8.182964885220418,Low,Normal
EVT001618,2026-08-20 17:21:01.735196,Ransomware,Oceania,Router,2,527,87,1,235,1,-0.04931434678829216,45.47686948587188,Medium,Normal
EVT001619,2026-08-20 17:29:01.735196,Malware,Oceania,Laptop,3,769,81,0,428,1,-0.1804971236213309,10.56820903021176,Low,Normal
EVT001620,2026-08-20 17:37:01.735196,Brute Force,South America,Firewall,4,587,7,0,421,1,-0.16444199916074026,14.840590678920451,Low,Normal
EVT001621,2026-08-20 17:45:01.735196,DDoS,South America,Server,5,882,55,1,119,1,-0.0365475502617314,48.874203921164664,Medium,Normal
EVT001622,2026-08-20 17:53:01.735196,Ransomware,Africa,Desktop,6,617,83,0,468,1,-0.1354002921614314,22.568793368073397,Low,Normal
EVT001623,2026-08-20 18:01:01.735196,Malware,Europe,Firewall,4,239,61,0,161,1,-0.20002458960712388,5.371812856001362,Low,Normal
EVT001624,2026-08-20 18:09:01.735196,Ransomware,North America,Laptop,5,406,25,0,30,1,-0.14428499036800618,20.204512626104695,Low,Normal
EVT001625,2026-08-20 18:17:01.735196,Malware,Asia,Router,7,525,66,0,200,1,-0.13293081381926036,23.2259389403094,Low,Normal
EVT001626,2026-08-20 18:25:01.735196,Phishing,Africa,Firewall,2,923,14,0,335,1,-0.16817764495960863,13.846509032506743,Low,Normal
EVT001627,2026-08-20 18:33:01.735196,Unauthorized Access,North America,Desktop,3,579,53,0,181,1,-0.2153025423431587,1.306242074566722,Low,Normal
EVT001628,2026-08-20 18:41:01.735196,Ransomware,Oceania,Server,0,386,11,0,281,1,-0.12322271179074268,25.809333236145626,Low,Normal
EVT001629,2026-08-20 18:49:01.735196,Malware,South America,Laptop,4,494,83,0,310,1,-0.1946989402747985,6.789005636458173,Low,Normal
EVT001630,2026-08-20 18:57:01.735196,Ransomware,Europe,Firewall,2,209,48,0,211,1,-0.1988120103375809,5.694488736310886,Low,Normal
EVT001631,2026-08-20 19:05:01.735196,Malware,Asia,Server,2,824,55,0,451,1,-0.17657562393514858,11.611747704470401,Low,Normal
EVT001632,2026-08-20 19:13:01.735196,Malware,South America,Firewall,9,514,77,0,496,1,-0.06585681533491983,41.0748021449157,Medium,Normal
EVT001633,2026-08-20 19:21:01.735196,DDoS,Africa,Laptop,91,11447,431,1,1603,-1,0.09667057901260578,84.3244859905471,High,Suspicious
EVT001634,2026-08-20 19:29:01.735196,DDoS,Oceania,Firewall,1,839,79,0,33,1,-0.1407753096534079,21.138463372776446,Low,Normal
EVT001635,2026-08-20 19:37:01.735196,Ransomware,Europe,Server,4,529,73,0,100,1,-0.20011978926450413,5.34647955695699,Low,Normal
EVT001636,2026-08-20 19:45:01.735196,Unauthorized Access,Oceania,Laptop,1,511,20,1,405,1,-0.044387133011482116,46.78803575997832,Medium,Normal
EVT001637,2026-08-20 19:53:01.735196,Malware,South America,Router,2,762,31,0,185,1,-0.20144874898154475,4.992834020237899,Low,Normal
EVT001638,2026-08-20 20:01:01.735196,Unauthorized Access,North America,Server,3,405,94,0,165,1,-0.17730545169689627,11.417535399006018,Low,Normal
EVT001639,2026-08-20 20:09:01.735196,Malware,Oceania,Firewall,4,722,36,0,186,1,-0.20259034346298394,4.689047691783085,Low,Normal
EVT001640,2026-08-20 20:17:01.735196,Ransomware,South America,Server,3,968,99,0,223,1,-0.14151847724082472,20.94070124578774,Low,Normal
EVT001641,2026-08-20 20:25:01.735196,Brute Force,Oceania,Desktop,2,232,13,0,220,1,-0.1726291102809711,12.66194277171349,Low,Normal
EVT001642,2026-08-20 20:33:01.735196,Ransomware,Oceania,Laptop,99,6701,604,1,932,-1,0.08550824034828874,81.35410908794755,High,Suspicious
EVT001643,2026-08-20 20:41:01.735196,Phishing,Asia,Desktop,4,606,12,0,124,1,-0.18352963038733933,9.761237630613987,Low,Normal
EVT001644,2026-08-20 20:49:01.735196,DDoS,Oceania,Server,3,135,59,0,86,1,-0.1663740157913559,14.326467451915667,Low,Normal
EVT001645,2026-08-20 20:57:01.735196,Phishing,Asia,Server,3,221,20,0,377,1,-0.17430127240350585,12.21696865871179,Low,Normal
EVT001646,2026-08-20 21:05:01.735196,Unauthorized Access,Africa,Firewall,80,11445,575,1,1819,-1,0.10942528953524089,87.71860425510853,High,Suspicious
EVT001647,2026-08-20 21:13:01.735196,Unauthorized Access,Asia,Firewall,0,459,36,0,432,1,-0.13691224765346488,22.16645136731942,Low,Normal
EVT001648,2026-08-20 21:21:01.735196,Phishing,Oceania,Desktop,1,663,90,0,62,1,-0.15164152063986702,18.246888130024523,Low,Normal
EVT001649,2026-08-20 21:29:01.735196,Phishing,North America,Desktop,3,419,13,0,434,1,-0.17164525273957565,12.923754189938208,Low,Normal
EVT001650,2026-08-20 21:37:01.735196,Ransomware,Africa,Router,2,967,6,0,252,1,-0.13958171982289602,21.456086029672164,Low,Normal
EVT001651,2026-08-20 21:45:01.735196,Malware,South America,Server,0,759,93,1,145,1,-3.0230276833687064e-05,58.59171985487549,Medium,Normal
EVT001652,2026-08-20 21:53:01.735196,Malware,North America,Router,5,382,22,0,317,1,-0.17189657013411236,12.856876861951402,Low,Normal
EVT001653,2026-08-20 22:01:01.735196,Brute Force,Africa,Firewall,5,968,38,0,68,1,-0.14212816810699025,20.778458214014005,Low,Normal
EVT001654,2026-08-20 22:09:01.735196,Brute Force,Oceania,Router,2,902,5,0,422,1,-0.1331088744297078,23.178555758304125,Low,Normal
EVT001655,2026-08-20 22:17:01.735196,Ransomware,Asia,Laptop,4,117,99,0,281,1,-0.1358306549688521,22.454270795219834,Low,Normal
EVT001656,2026-08-20 22:25:01.735196,Brute Force,Africa,Server,2,111,79,0,138,1,-0.1544078397719345,17.51075113380705,Low,Normal
EVT001657,2026-08-20 22:33:01.735196,DDoS,Africa,Laptop,2,544,58,0,435,1,-0.1912588033379256,7.704450294281771,Low,Normal
EVT001658,2026-08-20 22:41:01.735196,Brute Force,South America,Server,0,803,83,0,465,1,-0.10737342314953413,30.02694052421117,Low,Normal
EVT001659,2026-08-20 22:49:01.735196,Brute Force,Oceania,Router,0,826,83,0,112,1,-0.12355685774107916,25.720414646338856,Low,Normal
EVT001660,2026-08-20 22:57:01.735196,Phishing,Europe,Firewall,5,946,51,0,471,1,-0.13229166241981688,23.39602162739362,Low,Normal
EVT001661,2026-08-20 23:05:01.735196,Ransomware,South America,Laptop,6,751,88,0,55,1,-0.12509822053807235,25.31024715470462,Low,Normal
EVT001662,2026-08-20 23:13:01.735196,Brute Force,Asia,Desktop,5,889,87,0,10,1,-0.11461065642782503,28.101061797983203,Low,Normal
EVT001663,2026-08-20 23:21:01.735196,Malware,North America,Router,1,583,35,1,75,1,-0.04184203531428898,47.46530417495383,Medium,Normal
EVT001664,2026-08-20 23:29:01.735196,DDoS,South America,Laptop,0,557,99,1,159,1,-0.0003022343116663162,58.519337666269834,Medium,Normal
EVT001665,2026-08-20 23:37:01.735196,Ransomware,Africa,Firewall,3,480,44,0,129,1,-0.2130583408953749,1.903439879233525,Low,Normal
EVT001666,2026-08-20 23:45:01.735196,Malware,South America,Server,2,242,41,0,240,1,-0.2012127517198012,5.05563455303312,Low,Normal
EVT001667,2026-08-20 23:53:01.735196,Brute Force,North America,Desktop,3,935,28,0,202,1,-0.18494675373352087,9.384131131499375,Low,Normal
EVT001668,2026-08-21 00:01:01.735196,DDoS,Africa,Router,3,477,16,0,344,1,-0.1899786672770738,8.045103512365408,Low,Normal
EVT001669,2026-08-21 00:09:01.735196,Phishing,Africa,Laptop,4,779,65,0,333,1,-0.19634698318874289,6.350449814664105,Low,Normal
EVT001670,2026-08-21 00:17:01.735196,DDoS,North America,Desktop,3,336,86,1,330,1,-0.04746936236946664,45.96783282860349,Medium,Normal
EVT001671,2026-08-21 00:25:01.735196,Brute Force,Africa,Router,5,488,38,1,218,1,-0.051089931975768166,45.00437376718018,Medium,Normal
EVT001672,2026-08-21 00:33:01.735196,DDoS,Africa,Desktop,4,576,54,0,41,1,-0.18658611733741998,8.9478849352116,Low,Normal
EVT001673,2026-08-21 00:41:01.735196,Phishing,Europe,Server,3,291,24,0,437,1,-0.17662951402559307,11.597407172011284,Low,Normal
EVT001674,2026-08-21 00:49:01.735196,Brute Force,Africa,Router,3,188,36,0,259,1,-0.19406810549782638,6.956875211752875,Low,Normal
EVT001675,2026-08-21 00:57:01.735196,Unauthorized Access,South America,Desktop,5,215,71,0,178,1,-0.1824332199796218,10.053000158950887,Low,Normal
EVT001676,2026-08-21 01:05:01.735196,DDoS,Europe,Desktop,3,682,32,0,474,1,-0.17585316420588792,11.803999324618275,Low,Normal
EVT001677,2026-08-21 01:13:01.735196,Malware,Africa,Server,4,325,56,0,231,1,-0.20726531510510737,3.4450048255276013,Low,Normal
EVT001678,2026-08-21 01:21:01.735196,Unauthorized Access,South America,Desktop,4,211,47,0,341,1,-0.1958283241066438,6.488468647824537,Low,Normal
EVT001679,2026-08-21 01:29:01.735196,Brute Force,North America,Server,3,632,5,1,381,1,-0.0382691532563566,48.416073244030805,Medium,Normal
EVT001680,2026-08-21 01:37:01.735196,Phishing,Africa,Server,5,862,43,0,192,1,-0.18172585820512666,10.241234107044486,Low,Normal
EVT001681,2026-08-21 01:45:01.735196,Brute Force,Europe,Router,5,775,33,0,122,1,-0.18005101546578134,10.6869215510513,Low,Normal
EVT001682,2026-08-21 01:53:01.735196,DDoS,Africa,Firewall,5,545,47,0,24,1,-0.15995168178434666,16.035495745079995,Low,Normal
EVT001683,2026-08-21 02:01:01.735196,Phishing,Oceania,Desktop,2,681,12,0,233,1,-0.18983010614092022,8.08463667658172,Low,Normal
EVT001684,2026-08-21 02:09:01.735196,Brute Force,Asia,Router,3,123,92,0,290,1,-0.1502422431019998,18.619245733910347,Low,Normal
EVT001685,2026-08-21 02:17:01.735196,Ransomware,North America,Firewall,2,740,54,0,142,1,-0.20297527399589166,4.586614967025365,Low,Normal
EVT001686,2026-08-21 02:25:01.735196,Unauthorized Access,South America,Laptop,146,11995,371,1,1051,-1,0.1266770219894694,92.30941171516895,High,Suspicious
EVT001687,2026-08-21 02:33:01.735196,Malware,Asia,Firewall,4,359,47,0,268,1,-0.20685413643995454,3.554422363065325,Low,Normal
EVT001688,2026-08-21 02:41:01.735196,Malware,Oceania,Firewall,4,308,87,0,140,1,-0.1835990346259146,9.742768674116052,Low,Normal
EVT001689,2026-08-21 02:49:01.735196,Ransomware,North America,Desktop,4,255,62,0,400,1,-0.19170765105616172,7.585008756524537,Low,Normal
EVT001690,2026-08-21 02:57:01.735196,Phishing,South America,Firewall,3,753,67,0,100,1,-0.19657372259778005,6.2901128616503,Low,Normal
EVT001691,2026-08-21 03:05:01.735196,Ransomware,Oceania,Router,4,215,68,0,411,1,-0.18022002697581568,10.641946398372557,Low,Normal
EVT001692,2026-08-21 03:13:01.735196,DDoS,Africa,Laptop,2,115,77,0,171,1,-0.1639028762837128,14.984055071978567,Low,Normal
EVT001693,2026-08-21 03:21:01.735196,DDoS,Europe,Laptop,4,897,25,0,485,1,-0.14181601287535678,20.86152491875696,Low,Normal
EVT001694,2026-08-21 03:29:01.735196,Ransomware,South America,Laptop,1,316,36,0,225,1,-0.18791955182522446,8.593048630489392,Low,Normal
EVT001695,2026-08-21 03:37:01.735196,Brute Force,Europe,Laptop,4,260,67,0,161,1,-0.19594680218740457,6.456940796436089,Low,Normal
EVT001696,2026-08-21 03:45:01.735196,Brute Force,North America,Laptop,65,9507,699,1,1227,-1,0.07755221619043562,79.23695504830553,High,Suspicious
EVT001697,2026-08-21 03:53:01.735196,DDoS,Oceania,Router,6,905,96,0,346,1,-0.12277634008594207,25.928115889296283,Low,Normal
EVT001698,2026-08-21 04:01:01.735196,Phishing,North America,Laptop,3,849,92,0,112,1,-0.1678384158419523,13.93678028892335,Low,Normal
EVT001699,2026-08-21 04:09:01.735196,DDoS,South America,Firewall,2,478,61,0,247,1,-0.21335476269000925,1.8245599528410705,Low,Normal
EVT001700,2026-08-21 04:17:01.735196,Unauthorized Access,Europe,Router,4,692,14,0,242,1,-0.18853339877456105,8.429699635724578,Low,Normal
EVT001701,2026-08-21 04:25:01.735196,Unauthorized Access,South America,Router,6,662,40,0,316,1,-0.17230569735202517,12.74800522896665,Low,Normal
EVT001702,2026-08-21 04:33:01.735196,Phishing,South America,Firewall,1,304,95,0,154,1,-0.15661750430534255,16.922743845199108,Low,Normal
EVT001703,2026-08-21 04:41:01.735196,DDoS,Oceania,Laptop,118,12804,717,1,1685,-1,0.11822021155693108,90.05899492224577,High,Suspicious
EVT001704,2026-08-21 04:49:01.735196,Ransomware,South America,Firewall,2,892,48,0,112,1,-0.18581269160243225,9.153698968289428,Low,Normal
EVT001705,2026-08-21 04:57:01.735196,Malware,North America,Firewall,3,763,30,0,480,1,-0.17033894021871132,13.271373148316174,Low,Normal
EVT001706,2026-08-21 05:05:01.735196,Ransomware,North America,Firewall,4,911,39,0,159,1,-0.18207590647228394,10.148083798777735,Low,Normal
EVT001707,2026-08-21 05:13:01.735196,Brute Force,North America,Laptop,3,743,86,0,106,1,-0.1840182042490206,9.631224686409814,Low,Normal
EVT001708,2026-08-21 05:21:01.735196,Unauthorized Access,Asia,Router,3,723,79,0,106,1,-0.19364559007140175,7.069309541277002,Low,Normal
EVT001709,2026-08-21 05:29:01.735196,Unauthorized Access,Africa,Server,2,904,72,0,198,1,-0.18426944698296482,9.564367226132287,Low,Normal
EVT001710,2026-08-21 05:37:01.735196,Brute Force,Oceania,Server,1,279,22,1,190,1,-0.03654219788024238,48.875628227560206,Medium,Normal
EVT001711,2026-08-21 05:45:01.735196,Unauthorized Access,Africa,Desktop,2,361,15,0,477,1,-0.149950205155102,18.696959087557364,Low,Normal
EVT001712,2026-08-21 05:53:01.735196,Ransomware,Africa,Server,6,944,67,0,220,1,-0.1396648375899891,21.433967806690973,Low,Normal
EVT001713,2026-08-21 06:01:01.735196,Unauthorized Access,South America,Firewall,3,632,90,0,496,1,-0.14171913861111463,20.88730384247669,Low,Normal
EVT001714,2026-08-21 06:09:01.735196,DDoS,Asia,Desktop,1,295,49,0,254,1,-0.18946483311099438,8.181838401405095,Low,Normal
EVT001715,2026-08-21 06:17:01.735196,Malware,Oceania,Firewall,2,757,58,0,143,1,-0.2014037522762261,5.004807960304677,Low,Normal
EVT001716,2026-08-21 06:25:01.735196,Brute Force,Africa,Desktop,2,462,47,0,368,1,-0.20695955258384868,3.5263703850344794,Low,Normal
EVT001717,2026-08-21 06:33:01.735196,DDoS,Africa,Laptop,8,566,12,0,263,1,-0.09531519597301297,33.235719667056514,Low,Normal
EVT001718,2026-08-21 06:41:01.735196,Brute Force,Asia,Firewall,3,417,17,0,285,1,-0.1923249109411771,7.420751555548176,Low,Normal
EVT001719,2026-08-21 06:49:01.735196,DDoS,North America,Laptop,93,8357,628,1,1452,-1,0.0721405965315094,77.79688495870019,High,Suspicious
EVT001720,2026-08-21 06:57:01.735196,Ransomware,Asia,Laptop,0,113,23,0,204,1,-0.10056622042200059,31.838385093422822,Low,Normal
EVT001721,2026-08-21 07:05:01.735196,Ransomware,Asia,Server,2,869,94,1,154,1,-0.02770973295779844,51.22600932489394,Medium,Normal
EVT001722,2026-08-21 07:13:01.735196,Unauthorized Access,Europe,Firewall,2,315,97,1,72,1,-0.03040911306189431,50.50768527527744,Medium,Normal
EVT001723,2026-08-21 07:21:01.735196,Brute Force,South America,Desktop,3,169,27,0,264,1,-0.1820901434518012,10.14429523829838,Low,Normal
EVT001724,2026-08-21 07:29:01.735196,Ransomware,Oceania,Laptop,3,860,89,0,441,1,-0.1601359867064036,15.986450907794826,Low,Normal
EVT001725,2026-08-21 07:37:01.735196,Unauthorized Access,North America,Desktop,6,189,75,0,31,1,-0.11469776449294328,28.077881728605398,Low,Normal
EVT001726,2026-08-21 07:45:01.735196,Phishing,Africa,Laptop,0,157,34,0,115,1,-0.11773677089525825,27.269180730028335,Low,Normal
EVT001727,2026-08-21 07:53:01.735196,DDoS,South America,Laptop,7,173,36,0,344,1,-0.1136028488579266,28.36924648740325,Low,Normal
EVT001728,2026-08-21 08:01:01.735196,Brute Force,Oceania,Laptop,2,183,19,0,487,1,-0.1393091871831888,21.528608883756377,Low,Normal
EVT001729,2026-08-21 08:09:01.735196,Brute Force,Asia,Server,7,369,96,0,327,1,-0.11487061039030144,28.031886218465303,Low,Normal
EVT001730,2026-08-21 08:17:01.735196,Malware,North America,Laptop,2,993,36,0,41,1,-0.14204263248565602,20.80121984503071,Low,Normal
EVT001731,2026-08-21 08:25:01.735196,DDoS,Asia,Router,7,669,48,0,245,1,-0.1390276952545057,21.603515867711394,Low,Normal
EVT001732,2026-08-21 08:33:01.735196,Unauthorized Access,Europe,Router,2,581,85,0,178,1,-0.19655633758994984,6.294739134626185,Low,Normal
EVT001733,2026-08-21 08:41:01.735196,DDoS,South America,Desktop,1,746,50,0,480,1,-0.1539854992131124,17.623138929831065,Low,Normal
EVT001734,2026-08-21 08:49:01.735196,DDoS,North America,Desktop,6,252,59,0,158,1,-0.15965417979663576,16.11466311845479,Low,Normal
EVT001735,2026-08-21 08:57:01.735196,DDoS,South America,Desktop,1,615,96,0,468,1,-0.13739323141688903,22.03845820169655,Low,Normal
EVT001736,2026-08-21 09:05:01.735196,Brute Force,North America,Server,2,783,43,1,284,1,-0.05204584700521786,44.74999804810242,Medium,Normal
EVT001737,2026-08-21 09:13:01.735196,Brute Force,Asia,Router,3,303,97,0,389,1,-0.16995366116419808,13.37389861712675,Low,Normal
EVT001738,2026-08-21 09:21:01.735196,Brute Force,Asia,Desktop,3,328,52,0,224,1,-0.21119111298704057,2.4003223711199064,Low,Normal
EVT001739,2026-08-21 09:29:01.735196,Malware,Asia,Firewall,3,487,98,0,435,1,-0.16347935162681276,15.096757964837288,Low,Normal
EVT001740,2026-08-21 09:37:01.735196,Brute Force,Oceania,Laptop,4,316,85,0,417,1,-0.17546807411482312,11.906474508924898,Low,Normal
EVT001741,2026-08-21 09:45:01.735196,Unauthorized Access,Europe,Firewall,2,455,94,0,168,1,-0.18205122050335126,10.15465290890251,Low,Normal
EVT001742,2026-08-21 09:53:01.735196,Brute Force,Europe,Desktop,3,736,56,0,370,1,-0.20103029418669338,5.10418778711311,Low,Normal
EVT001743,2026-08-21 10:01:01.735196,Brute Force,North America,Server,3,565,52,0,153,1,-0.21339271341836674,1.8144609968480676,Low,Normal
EVT001744,2026-08-21 10:09:01.735196,Malware,Africa,Server,95,9555,646,1,1024,-1,0.07713639217841517,79.12630135126261,High,Suspicious
EVT001745,2026-08-21 10:17:01.735196,Ransomware,Europe,Desktop,3,699,48,0,249,1,-0.21337468966517126,1.8192572444624824,Low,Normal
EVT001746,2026-08-21 10:25:01.735196,Malware,North America,Firewall,3,706,67,0,188,1,-0.20575322127728862,3.847383638407937,Low,Normal
EVT001747,2026-08-21 10:33:01.735196,Unauthorized Access,Oceania,Laptop,4,556,96,0,81,1,-0.16656256642466793,14.276292800975273,Low,Normal
EVT001748,2026-08-21 10:41:01.735196,Brute Force,North America,Server,2,672,32,1,268,1,-0.054356366010851254,44.13515267440934,Medium,Normal
EVT001749,2026-08-21 10:49:01.735196,Unauthorized Access,Europe,Router,3,224,19,1,22,1,-0.01879591610181408,53.59803874446886,Medium,Normal
EVT001750,2026-08-21 10:57:01.735196,Brute Force,Africa,Laptop,1,617,60,1,443,1,-0.04787739669259938,45.8592520226138,Medium,Normal
EVT001751,2026-08-21 11:05:01.735196,Brute Force,Europe,Desktop,3,804,19,0,177,1,-0.19695286935057393,6.189219241499288,Low,Normal
EVT001752,2026-08-21 11:13:01.735196,Brute Force,North America,Router,6,306,30,0,146,1,-0.15794555262893983,16.56934083669159,Low,Normal
EVT001753,2026-08-21 11:21:01.735196,Ransomware,South America,Desktop,2,272,6,0,49,1,-0.13089811024731857,23.76685567124761,Low,Normal
EVT001754,2026-08-21 11:29:01.735196,Malware,Asia,Server,5,165,99,0,204,1,-0.14094644215781005,21.09292380856441,Low,Normal
EVT001755,2026-08-21 11:37:01.735196,Ransomware,North America,Desktop,2,626,41,0,441,1,-0.19018010593272128,7.991499267948534,Low,Normal
EVT001756,2026-08-21 11:45:01.735196,Ransomware,Europe,Router,3,746,38,0,48,1,-0.18555271813407465,9.222879738459632,Low,Normal
EVT001757,2026-08-21 11:53:01.735196,Phishing,Africa,Router,3,583,85,1,258,1,-0.0538108213016123,44.2803259622293,Medium,Normal
EVT001758,2026-08-21 12:01:01.735196,DDoS,North America,Laptop,1,907,22,0,199,1,-0.1611635017346208,15.7130219249736,Low,Normal
EVT001759,2026-08-21 12:09:01.735196,DDoS,Europe,Firewall,5,777,26,1,462,1,-0.025601112643744983,51.787128035369825,Medium,Normal
EVT001760,2026-08-21 12:17:01.735196,DDoS,Oceania,Desktop,1,214,55,0,180,1,-0.18302033074984297,9.896765849674168,Low,Normal
EVT001761,2026-08-21 12:25:01.735196,Malware,North America,Firewall,4,994,90,0,444,1,-0.12613527967929494,25.0342784162211,Low,Normal
EVT001762,2026-08-21 12:33:01.735196,DDoS,North America,Router,6,308,11,0,391,1,-0.12855218981724592,24.39112161321368,Low,Normal
EVT001763,2026-08-21 12:41:01.735196,Brute Force,North America,Server,1,608,96,0,158,1,-0.16167499277813746,15.576910557343687,Low,Normal
EVT001764,2026-08-21 12:49:01.735196,Ransomware,Europe,Desktop,4,333,39,0,412,1,-0.18858039798490595,8.417192814972474,Low,Normal
EVT001765,2026-08-21 12:57:01.735196,Unauthorized Access,North America,Firewall,3,963,25,0,411,1,-0.15509951043767667,17.32669270021966,Low,Normal
EVT001766,2026-08-21 13:05:01.735196,DDoS,South America,Router,5,440,46,0,221,1,-0.2020610106020258,4.829906892642421,Low,Normal
EVT001767,2026-08-21 13:13:01.735196,Brute Force,North America,Firewall,5,683,95,0,311,1,-0.16243500324221988,15.374666422298667,Low,Normal
EVT001768,2026-08-21 13:21:01.735196,DDoS,Oceania,Router,5,198,66,0,92,1,-0.16631655938905232,14.341757005067699,Low,Normal
EVT001769,2026-08-21 13:29:01.735196,Unauthorized Access,Asia,Desktop,4,363,42,0,327,1,-0.20249507127479655,4.714400291785859,Low,Normal
EVT001770,2026-08-21 13:37:01.735196,DDoS,North America,Server,0,400,69,0,402,1,-0.1265661987696276,24.91960781256838,Low,Normal
EVT001771,2026-08-21 13:45:01.735196,Ransomware,North America,Router,4,168,93,0,186,1,-0.16724198976515603,14.095493466860434,Low,Normal
EVT001772,2026-08-21 13:53:01.735196,Ransomware,Oceania,Laptop,5,857,31,0,293,1,-0.18012720927440545,10.666645842164089,Low,Normal
EVT001773,2026-08-21 14:01:01.735196,Malware,South America,Laptop,0,146,86,0,19,1,-0.0724750325963357,39.3136479387153,Low,Normal
EVT001774,2026-08-21 14:09:01.735196,DDoS,North America,Desktop,3,160,40,0,217,1,-0.1918412062333843,7.549468783623276,Low,Normal
EVT001775,2026-08-21 14:17:01.735196,Brute Force,South America,Laptop,0,343,93,0,443,1,-0.09460623414610414,33.42437940036193,Low,Normal
EVT001776,2026-08-21 14:25:01.735196,Phishing,North America,Firewall,2,659,94,0,437,1,-0.16804531948904078,13.881721771809922,Low,Normal
EVT001777,2026-08-21 14:33:01.735196,DDoS,North America,Firewall,0,994,59,0,401,1,-0.1100766800505828,29.307584831632465,Low,Normal
EVT001778,2026-08-21 14:41:01.735196,DDoS,Africa,Router,6,442,37,0,434,1,-0.1533701962348894,17.786875384133143,Low,Normal
EVT001779,2026-08-21 14:49:01.735196,Malware,North America,Desktop,4,815,8,0,457,1,-0.1434188182298658,20.435007130005765,Low,Normal
EVT001780,2026-08-21 14:57:01.735196,Brute Force,North America,Router,5,104,32,1,90,1,-0.021116590665456902,52.98049090529327,Medium,Normal
EVT001781,2026-08-21 15:05:01.735196,Brute Force,Oceania,Firewall,0,592,13,0,489,1,-0.09066485497449217,34.47320814564704,Low,Normal
EVT001782,2026-08-21 15:13:01.735196,Brute Force,Africa,Laptop,4,667,77,0,59,1,-0.18148685626130262,10.304834206894595,Low,Normal
EVT001783,2026-08-21 15:21:01.735196,Phishing,North America,Server,0,612,98,0,199,1,-0.11662987789428386,27.56373275022943,Low,Normal
EVT001784,2026-08-21 15:29:01.735196,DDoS,Oceania,Server,2,283,71,0,377,1,-0.19194679066071918,7.521372024184117,Low,Normal
EVT001785,2026-08-21 15:37:01.735196,Unauthorized Access,North America,Laptop,1,820,93,0,405,1,-0.14089862079122478,21.10564941088014,Low,Normal
EVT001786,2026-08-21 15:45:01.735196,Phishing,North America,Laptop,1,984,58,0,148,1,-0.1502119237896835,18.627313916368823,Low,Normal
EVT001787,2026-08-21 15:53:01.735196,Ransomware,North America,Router,5,583,20,0,290,1,-0.18007751159026303,10.67987074579125,Low,Normal
EVT001788,2026-08-21 16:01:01.735196,Unauthorized Access,North America,Server,3,522,5,0,456,1,-0.14746803874100117,19.357481045059227,Low,Normal
EVT001789,2026-08-21 16:09:01.735196,Unauthorized Access,Africa,Laptop,6,465,8,0,437,1,-0.12376343570243281,25.66544279649232,Low,Normal
EVT001790,2026-08-21 16:17:01.735196,Phishing,South America,Desktop,4,192,80,0,19,1,-0.1403424718991173,21.253644546415966,Low,Normal
EVT001791,2026-08-21 16:25:01.735196,Brute Force,Oceania,Router,2,697,30,0,414,1,-0.18401139119034726,9.63303768928743,Low,Normal
EVT001792,2026-08-21 16:33:01.735196,Brute Force,Africa,Firewall,1,489,18,0,161,1,-0.17927360336877696,10.89379638312616,Low,Normal
EVT001793,2026-08-21 16:41:01.735196,Phishing,North America,Firewall,5,266,8,0,271,1,-0.1479427544819923,19.231155844333315,Low,Normal
EVT001794,2026-08-21 16:49:01.735196,Malware,North America,Desktop,1,198,78,0,126,1,-0.16624243271191735,14.361482635712827,Low,Normal
EVT001795,2026-08-21 16:57:01.735196,DDoS,Europe,Desktop,5,431,92,0,356,1,-0.1652032033901511,14.638028874517307,Low,Normal
EVT001796,2026-08-21 17:05:01.735196,DDoS,Europe,Firewall,4,183,68,1,333,1,-0.049539122187066464,45.41705516981585,Medium,Normal
EVT001797,2026-08-21 17:13:01.735196,Malware,Oceania,Firewall,130,11543,378,1,1088,-1,0.11067649341991026,88.0515584174245,High,Suspicious
EVT001798,2026-08-21 17:21:01.735196,Phishing,North America,Router,2,562,86,0,488,1,-0.15683877801594143,16.863861353018816,Low,Normal
EVT001799,2026-08-21 17:29:01.735196,Malware,Europe,Server,1,954,76,0,103,1,-0.1450918828314512,19.98979286097514,Low,Normal
EVT001800,2026-08-21 17:37:01.735196,Unauthorized Access,Asia,Router,3,196,56,0,191,1,-0.19986553902638937,5.414137335267441,Low,Normal
EVT001801,2026-08-21 17:45:01.735196,DDoS,Oceania,Laptop,2,162,43,0,342,1,-0.1855957262358119,9.211434979805846,Low,Normal
EVT001802,2026-08-21 17:53:01.735196,Brute Force,Asia,Firewall,3,670,37,0,229,1,-0.2169704223338707,0.8624074669897092,Low,Normal
EVT001803,2026-08-21 18:01:01.735196,Phishing,Europe,Firewall,0,623,77,0,148,1,-0.1409918799716106,21.080832486425145,Low,Normal
EVT001804,2026-08-21 18:09:01.735196,Unauthorized Access,Europe,Router,3,791,6,0,297,1,-0.16713426254028074,14.124160439810613,Low,Normal
EVT001805,2026-08-21 18:17:01.735196,Malware,Oceania,Desktop,4,226,13,0,24,1,-0.13907804701428722,21.59011690995191,Low,Normal
EVT001806,2026-08-21 18:25:01.735196,Malware,Africa,Laptop,3,318,25,0,428,1,-0.17906808204383423,10.948487054584916,Low,Normal
EVT001807,2026-08-21 18:33:01.735196,Unauthorized Access,North America,Firewall,4,518,74,0,345,1,-0.2002880399780369,5.301706857583404,Low,Normal
EVT001808,2026-08-21 18:41:01.735196,Unauthorized Access,Africa,Laptop,0,261,19,0,225,1,-0.12413872444058771,25.565575821197566,Low,Normal
EVT001809,2026-08-21 18:49:01.735196,Brute Force,Oceania,Laptop,1,932,32,0,441,1,-0.14029229296133566,21.2669975150246,Low,Normal
EVT001810,2026-08-21 18:57:01.735196,Phishing,North America,Laptop,6,338,85,0,279,1,-0.14907404491648935,18.930111495311365,Low,Normal
EVT001811,2026-08-21 19:05:01.735196,DDoS,South America,Laptop,3,853,40,0,412,1,-0.18581817116272825,9.152240818717985,Low,Normal
EVT001812,2026-08-21 19:13:01.735196,Malware,North America,Desktop,0,680,23,1,78,1,-0.015359149672631411,54.51258648646735,Medium,Normal
EVT001813,2026-08-21 19:21:01.735196,DDoS,Asia,Desktop,2,225,67,0,316,1,-0.19386486671327863,7.010958483143208,Low,Normal
EVT001814,2026-08-21 19:29:01.735196,DDoS,North America,Server,0,133,53,0,198,1,-0.1184141155082668,27.088934559930255,Low,Normal
EVT001815,2026-08-21 19:37:01.735196,Unauthorized Access,Europe,Laptop,3,414,42,0,174,1,-0.2113018232231702,2.3708615978742387,Low,Normal
EVT001816,2026-08-21 19:45:01.735196,DDoS,Africa,Server,4,632,24,0,226,1,-0.20391192045767653,4.337366749455932,Low,Normal
EVT001817,2026-08-21 19:53:01.735196,Phishing,Oceania,Router,3,341,66,0,75,1,-0.18897204552448293,8.312972647451637,Low,Normal
EVT001818,2026-08-21 20:01:01.735196,Ransomware,South America,Laptop,2,514,20,0,229,1,-0.2011527219570161,5.0716088955259995,Low,Normal
EVT001819,2026-08-21 20:09:01.735196,Ransomware,Europe,Server,6,288,54,0,29,1,-0.13257850499673884,23.31969079827312,Low,Normal
EVT001820,2026-08-21 20:17:01.735196,Malware,Europe,Router,1,161,7,1,100,1,-0.010016140605549562,55.934398814557206,Medium,Normal
EVT001821,2026-08-21 20:25:01.735196,DDoS,Europe,Server,4,985,5,0,429,1,-0.1124656014037933,28.671876041288442,Low,Normal
EVT001822,2026-08-21 20:33:01.735196,DDoS,North America,Router,3,194,22,0,255,1,-0.18305060287205766,9.888710224833954,Low,Normal
EVT001823,2026-08-21 20:41:01.735196,Unauthorized Access,South America,Laptop,2,803,76,0,443,1,-0.17265343215439605,12.655470549966594,Low,Normal
EVT001824,2026-08-21 20:49:01.735196,Phishing,South America,Laptop,2,375,20,0,423,1,-0.16980390572817505,13.413749592946319,Low,Normal
EVT001825,2026-08-21 20:57:01.735196,Ransomware,Europe,Desktop,1,540,73,0,321,1,-0.1886446838329115,8.400085898239142,Low,Normal
EVT001826,2026-08-21 21:05:01.735196,Brute Force,Africa,Server,2,666,24,1,349,1,-0.05560063584919728,43.80404371063643,Medium,Normal
EVT001827,2026-08-21 21:13:01.735196,Malware,South America,Router,5,424,67,0,25,1,-0.1514786754569885,18.290222379635516,Low,Normal
EVT001828,2026-08-21 21:21:01.735196,Ransomware,Europe,Desktop,5,769,41,0,190,1,-0.18770556141465883,8.649992985255645,Low,Normal
EVT001829,2026-08-21 21:29:01.735196,Brute Force,Africa,Laptop,3,184,59,0,490,1,-0.15880799439606041,16.33983901078109,Low,Normal
EVT001830,2026-08-21 21:37:01.735196,Unauthorized Access,Europe,Server,1,950,9,0,411,1,-0.11651927211028751,27.59316572802708,Low,Normal
EVT001831,2026-08-21 21:45:01.735196,Unauthorized Access,South America,Laptop,4,552,45,0,228,1,-0.2150284248064454,1.3791866809020914,Low,Normal
EVT001832,2026-08-21 21:53:01.735196,DDoS,Asia,Server,1,184,49,0,182,1,-0.175482672644189,11.902589737485478,Low,Normal
EVT001833,2026-08-21 22:01:01.735196,Brute Force,Europe,Laptop,1,282,63,0,389,1,-0.1764632792578925,11.64164341400645,Low,Normal
EVT001834,2026-08-21 22:09:01.735196,Unauthorized Access,Europe,Firewall,2,960,73,0,481,1,-0.13272334643580597,23.281147471638565,Low,Normal
EVT001835,2026-08-21 22:17:01.735196,Unauthorized Access,North America,Router,0,858,76,0,414,1,-0.1158153799812277,27.780476379043673,Low,Normal
EVT001836,2026-08-21 22:25:01.735196,Malware,South America,Firewall,4,480,15,0,92,1,-0.18163892735059012,10.264367019438914,Low,Normal
EVT001837,2026-08-21 22:33:01.735196,Unauthorized Access,South America,Router,142,6445,953,1,1396,-1,0.12682255305516954,92.3481385563056,High,Suspicious
EVT001838,2026-08-21 22:41:01.735196,Brute Force,North America,Router,3,768,45,0,278,1,-0.21121363347511884,2.394329510695701,Low,Normal
EVT001839,2026-08-21 22:49:01.735196,Malware,Africa,Server,2,851,13,0,233,1,-0.18200459472612301,10.167060356473266,Low,Normal
EVT001840,2026-08-21 22:57:01.735196,DDoS,Europe,Laptop,2,625,7,0,180,1,-0.1763660792517578,11.66750901993705,Low,Normal
EVT001841,2026-08-21 23:05:01.735196,Phishing,Oceania,Server,2,546,30,0,91,1,-0.20135580504630213,5.017567055740926,Low,Normal
EVT001842,2026-08-21 23:13:01.735196,Brute Force,Asia,Laptop,89,11176,803,1,1326,-1,0.08417726944684023,80.99992836089856,High,Suspicious
EVT001843,2026-08-21 23:21:01.735196,Unauthorized Access,Oceania,Firewall,4,756,21,0,151,1,-0.18755584531790642,8.689833492618348,Low,Normal
EVT001844,2026-08-21 23:29:01.735196,DDoS,South America,Laptop,142,6436,545,1,1711,-1,0.12211232801029048,91.09471451138921,High,Suspicious
EVT001845,2026-08-21 23:37:01.735196,DDoS,Europe,Desktop,6,647,77,0,78,1,-0.152876850325522,17.918158203822305,Low,Normal
EVT001846,2026-08-21 23:45:01.735196,Brute Force,Oceania,Server,3,496,88,0,245,1,-0.1922139977920772,7.450266325363758,Low,Normal
EVT001847,2026-08-21 23:53:01.735196,Malware,South America,Desktop,1,892,97,0,414,1,-0.13133510769982787,23.65056757262738,Low,Normal
EVT001848,2026-08-22 00:01:01.735196,Ransomware,South America,Desktop,6,565,49,0,497,1,-0.13170341319519518,23.552558887401158,Low,Normal
EVT001849,2026-08-22 00:09:01.735196,Unauthorized Access,Africa,Firewall,1,730,57,0,360,1,-0.18356366782514483,9.752180028786842,Low,Normal
EVT001850,2026-08-22 00:17:01.735196,Brute Force,North America,Firewall,5,550,43,0,233,1,-0.20520015546476772,3.9945583447605744,Low,Normal
EVT001851,2026-08-22 00:25:01.735196,Brute Force,North America,Firewall,3,128,85,0,171,1,-0.16412687668092074,14.924446989295447,Low,Normal
EVT001852,2026-08-22 00:33:01.735196,Brute Force,Asia,Server,2,865,6,0,207,1,-0.1563859881773374,16.984351916758893,Low,Normal
EVT001853,2026-08-22 00:41:01.735196,Ransomware,South America,Firewall,2,977,65,0,408,1,-0.15234060754194834,18.06085618373621,Low,Normal
EVT001854,2026-08-22 00:49:01.735196,Ransomware,Europe,Firewall,56,13491,926,1,1701,-1,0.12762067777549457,92.56052516326511,High,Suspicious
EVT001855,2026-08-22 00:57:01.735196,Unauthorized Access,Oceania,Laptop,4,823,76,0,380,1,-0.1795964578614076,10.80788252970795,Low,Normal
EVT001856,2026-08-22 01:05:01.735196,Ransomware,Europe,Firewall,3,353,22,0,52,1,-0.17597478840060438,11.771634270157252,Low,Normal
EVT001857,2026-08-22 01:13:01.735196,DDoS,Oceania,Firewall,3,681,51,0,211,1,-0.21770003229205925,0.6682531205857702,Low,Normal
EVT001858,2026-08-22 01:21:01.735196,Brute Force,Europe,Laptop,1,857,85,0,294,1,-0.163274509455425,15.15126790875376,Low,Normal
EVT001859,2026-08-22 01:29:01.735196,Ransomware,Africa,Router,2,124,65,0,13,1,-0.12976720320755386,24.06779799623214,Low,Normal
EVT001860,2026-08-22 01:37:01.735196,Malware,Asia,Desktop,0,460,61,0,126,1,-0.14565730879227445,19.839329032142516,Low,Normal
EVT001861,2026-08-22 01:45:01.735196,Unauthorized Access,Africa,Server,4,454,91,0,491,1,-0.14253320084982085,20.67067614967416,Low,Normal
EVT001862,2026-08-22 01:53:01.735196,Unauthorized Access,Oceania,Firewall,5,955,11,0,390,1,-0.12810208077370022,24.510898798515658,Low,Normal
EVT001863,2026-08-22 02:01:01.735196,DDoS,Africa,Desktop,4,996,83,0,120,1,-0.14483246866498606,20.058824796974218,Low,Normal
EVT001864,2026-08-22 02:09:01.735196,Brute Force,North America,Laptop,8,264,97,0,233,1,-0.07870621547046064,37.65548630773533,Low,Normal
EVT001865,2026-08-22 02:17:01.735196,DDoS,North America,Server,5,170,21,0,294,1,-0.1572929623316503,16.74299970910388,Low,Normal
EVT001866,2026-08-22 02:25:01.735196,Phishing,Asia,Server,3,333,73,0,222,1,-0.20338235723317188,4.478287251676781,Low,Normal
EVT001867,2026-08-22 02:33:01.735196,Ransomware,North America,Laptop,1,504,24,0,414,1,-0.16523736374344566,14.628938564013183,Low,Normal
EVT001868,2026-08-22 02:41:01.735196,Phishing,Africa,Server,2,369,63,0,133,1,-0.20404615022787143,4.301647262615532,Low,Normal
EVT001869,2026-08-22 02:49:01.735196,Brute Force,Africa,Laptop,3,874,81,1,138,1,-0.0377820593746766,48.545692355137426,Medium,Normal
EVT001870,2026-08-22 02:57:01.735196,DDoS,South America,Server,2,925,93,0,26,1,-0.11573916743529639,27.800757074060243,Low,Normal
EVT001871,2026-08-22 03:05:01.735196,Malware,North America,Laptop,1,795,58,0,225,1,-0.18813238196787452,8.536413031183878,Low,Normal
EVT001872,2026-08-22 03:13:01.735196,Unauthorized Access,Oceania,Desktop,2,216,49,0,40,1,-0.1739896212182614,12.299901233162087,Low,Normal
EVT001873,2026-08-22 03:21:01.735196,Ransomware,Oceania,Desktop,3,306,56,0,388,1,-0.19858214109021693,5.755658561337836,Low,Normal
EVT001874,2026-08-22 03:29:01.735196,Brute Force,Oceania,Firewall,3,911,45,1,195,1,-0.04806372800163772,45.809667949486915,Medium,Normal
EVT001875,2026-08-22 03:37:01.735196,DDoS,South America,Desktop,3,527,87,0,104,1,-0.1879652641573083,8.580884257102312,Low,Normal
EVT001876,2026-08-22 03:45:01.735196,Ransomware,Europe,Desktop,3,254,55,0,83,1,-0.1901893706836565,7.989033852499864,Low,Normal
EVT001877,2026-08-22 03:53:01.735196,Ransomware,Asia,Server,6,258,22,0,39,1,-0.12477839114800587,25.395356007033463,Low,Normal
EVT001878,2026-08-22 04:01:01.735196,Ransomware,South America,Laptop,3,674,10,0,280,1,-0.19044526033247522,7.920939815459466,Low,Normal
EVT001879,2026-08-22 04:09:01.735196,Phishing,Oceania,Firewall,1,948,22,0,129,1,-0.14740524181244835,19.37419174984404,Low,Normal
EVT001880,2026-08-22 04:17:01.735196,Phishing,Oceania,Laptop,4,910,25,0,256,1,-0.18025075548143726,10.63376932669478,Low,Normal
EVT001881,2026-08-22 04:25:01.735196,Malware,North America,Desktop,1,196,37,0,309,1,-0.17474432232448883,12.099069955620708,Low,Normal
EVT001882,2026-08-22 04:33:01.735196,DDoS,Asia,Desktop,5,427,93,0,210,1,-0.1685816124277062,13.739010445273003,Low,Normal
EVT001883,2026-08-22 04:41:01.735196,Unauthorized Access,Oceania,Server,1,301,13,0,97,1,-0.15709827976679264,16.794806110198003,Low,Normal
EVT001884,2026-08-22 04:49:01.735196,Ransomware,Europe,Desktop,1,557,59,0,121,1,-0.19313540250125438,7.205074045466757,Low,Normal
EVT001885,2026-08-22 04:57:01.735196,Phishing,Africa,Desktop,1,789,69,0,216,1,-0.18300331130777475,9.901294843027163,Low,Normal
EVT001886,2026-08-22 05:05:01.735196,Malware,South America,Router,2,817,83,0,146,1,-0.18118501106767343,10.385157337940871,Low,Normal
EVT001887,2026-08-22 05:13:01.735196,DDoS,Asia,Laptop,9,929,94,0,69,1,-0.044401939072580165,46.78409576288392,Medium,Normal
EVT001888,2026-08-22 05:21:01.735196,Brute Force,Africa,Firewall,113,10776,388,1,1897,-1,0.12265800203155852,91.2399222100505,High,Suspicious
EVT001889,2026-08-22 05:29:01.735196,Brute Force,Asia,Router,5,537,48,0,390,1,-0.18949273931182992,8.174412364900203,Low,Normal
EVT001890,2026-08-22 05:37:01.735196,Unauthorized Access,Oceania,Laptop,5,150,57,0,86,1,-0.15642923742919196,16.972842986361165,Low,Normal
EVT001891,2026-08-22 05:45:01.735196,Brute Force,South America,Desktop,2,579,25,0,250,1,-0.2069413114757182,3.531224472327298,Low,Normal
EVT001892,2026-08-22 05:53:01.735196,Brute Force,South America,Server,6,715,20,0,155,1,-0.1567253680682716,16.894040538511586,Low,Normal
EVT001893,2026-08-22 06:01:01.735196,Unauthorized Access,North America,Desktop,3,586,53,0,31,1,-0.18298203664943585,9.90695617938695,Low,Normal
EVT001894,2026-08-22 06:09:01.735196,Unauthorized Access,Europe,Router,60,5929,319,1,914,-1,0.08831954447145351,82.10221690699501,High,Suspicious
EVT001895,2026-08-22 06:17:01.735196,Ransomware,North America,Firewall,2,506,56,0,322,1,-0.21025393937989423,2.6497108657811856,Low,Normal
EVT001896,2026-08-22 06:25:01.735196,Unauthorized Access,Africa,Laptop,1,813,18,0,23,1,-0.12204527456447833,26.12265757133507,Low,Normal
EVT001897,2026-08-22 06:33:01.735196,Ransomware,Europe,Server,1,133,23,0,269,1,-0.14594727290116244,19.762167541389946,Low,Normal
EVT001898,2026-08-22 06:41:01.735196,DDoS,Oceania,Server,6,545,62,0,460,1,-0.15292590660085542,17.905103983594802,Low,Normal
EVT001899,2026-08-22 06:49:01.735196,DDoS,Europe,Router,2,242,36,0,13,1,-0.15408822925357685,17.595801742833306,Low,Normal
EVT001900,2026-08-22 06:57:01.735196,Unauthorized Access,Africa,Server,1,652,23,1,95,1,-0.036762976224917754,48.81687755573959,Medium,Normal
EVT001901,2026-08-22 07:05:01.735196,Ransomware,South America,Laptop,7,655,86,0,427,1,-0.11139372469430353,28.95710997980715,Low,Normal
EVT001902,2026-08-22 07:13:01.735196,DDoS,Asia,Router,2,355,42,0,146,1,-0.20567745805500026,3.8675447652398325,Low,Normal
EVT001903,2026-08-22 07:21:01.735196,Ransomware,Asia,Desktop,0,454,56,0,456,1,-0.12755147511632509,24.65741884026426,Low,Normal
EVT001904,2026-08-22 07:29:01.735196,DDoS,Africa,Server,7,565,42,1,183,1,-0.023102684309206256,52.45197740438582,Medium,Normal
EVT001905,2026-08-22 07:37:01.735196,DDoS,Oceania,Router,3,505,30,0,373,1,-0.20236603930171093,4.748736608222448,Low,Normal
EVT001906,2026-08-22 07:45:01.735196,Ransomware,Europe,Router,1,391,25,0,313,1,-0.17579080063367863,11.8205947102292,Low,Normal
EVT001907,2026-08-22 07:53:01.735196,DDoS,Europe,Firewall,1,763,94,0,280,1,-0.15957640496763287,16.135359547995343,Low,Normal
EVT001908,2026-08-22 08:01:01.735196,Phishing,Europe,Desktop,6,543,54,1,296,1,-0.04087142001859556,47.723591738370445,Medium,Normal
EVT001909,2026-08-22 08:09:01.735196,Unauthorized Access,Asia,Server,3,746,80,0,355,1,-0.1943695991476337,6.876645628992509,Low,Normal
EVT001910,2026-08-22 08:17:01.735196,Unauthorized Access,South America,Server,3,230,54,1,319,1,-0.05024155631130345,45.23013250414712,Medium,Normal
EVT001911,2026-08-22 08:25:01.735196,Brute Force,Asia,Router,74,6212,301,1,1640,-1,0.10448527441297861,86.40403145285445,High,Suspicious
EVT001912,2026-08-22 08:33:01.735196,DDoS,Oceania,Firewall,1,976,72,0,93,1,-0.1423973914826528,20.70681597838965,Low,Normal
EVT001913,2026-08-22 08:41:01.735196,Phishing,Europe,Laptop,4,134,55,1,86,1,-0.03209748567604642,50.058397436332804,Medium,Normal
EVT001914,2026-08-22 08:49:01.735196,Ransomware,Africa,Router,0,625,97,0,247,1,-0.12357250707917211,25.716250247299357,Low,Normal
EVT001915,2026-08-22 08:57:01.735196,Ransomware,Africa,Desktop,84,6854,654,1,1277,-1,0.06969463367960083,77.14599702397453,High,Suspicious
EVT001916,2026-08-22 09:05:01.735196,Brute Force,South America,Laptop,3,818,22,0,149,1,-0.19685310101302156,6.215768298501445,Low,Normal
EVT001917,2026-08-22 09:13:01.735196,Malware,Europe,Desktop,147,9675,753,1,1682,-1,0.11994280863167073,90.5173901310965,High,Suspicious
EVT001918,2026-08-22 09:21:01.735196,Brute Force,Oceania,Router,0,483,76,1,74,1,-0.016360081327722154,54.24623152638479,Medium,Normal
EVT001919,2026-08-22 09:29:01.735196,Brute Force,Asia,Router,5,698,52,0,472,1,-0.1621874866078586,15.440532341245047,Low,Normal
EVT001920,2026-08-22 09:37:01.735196,Brute Force,Oceania,Laptop,3,921,95,0,257,1,-0.1604353785969811,15.906780617962118,Low,Normal
EVT001921,2026-08-22 09:45:01.735196,Ransomware,South America,Server,146,12615,664,1,1829,-1,0.14500196414310318,97.18580783174899,High,Suspicious
EVT001922,2026-08-22 09:53:01.735196,Ransomware,Africa,Router,5,921,9,0,192,1,-0.14432766378261602,20.193156930051742,Low,Normal
EVT001923,2026-08-22 10:01:01.735196,Ransomware,Oceania,Router,2,633,77,0,163,1,-0.2051249933919984,4.014559501473294,Low,Normal
EVT001924,2026-08-22 10:09:01.735196,Malware,Asia,Firewall,2,276,7,0,151,1,-0.160851697081068,15.795995338421179,Low,Normal
EVT001925,2026-08-22 10:17:01.735196,Malware,Asia,Laptop,3,783,74,0,281,1,-0.19707994867414846,6.155402538844455,Low,Normal
EVT001926,2026-08-22 10:25:01.735196,Phishing,Asia,Router,3,480,42,0,336,1,-0.21429096569301592,1.5754297427745125,Low,Normal
EVT001927,2026-08-22 10:33:01.735196,Phishing,Asia,Laptop,4,880,88,0,98,1,-0.15911424956026576,16.25834235551785,Low,Normal
EVT001928,2026-08-22 10:41:01.735196,Ransomware,South America,Desktop,2,341,38,0,306,1,-0.20287904581706717,4.612221962866945,Low,Normal
EVT001929,2026-08-22 10:49:01.735196,Ransomware,Africa,Server,41,10253,608,1,1509,-1,0.08722958437239958,81.81217085120434,High,Suspicious
EVT001930,2026-08-22 10:57:01.735196,Brute Force,Europe,Server,1,269,38,0,154,1,-0.18698956747602413,8.840524012998111,Low,Normal
EVT001931,2026-08-22 11:05:01.735196,Phishing,Africa,Desktop,4,145,21,0,270,1,-0.16997074775778703,13.369351754281336,Low,Normal
EVT001932,2026-08-22 11:13:01.735196,Brute Force,Asia,Desktop,2,692,95,0,401,1,-0.17043619309895197,13.245493472213749,Low,Normal
EVT001933,2026-08-22 11:21:01.735196,Brute Force,Asia,Server,2,905,58,0,229,1,-0.18976818141117713,8.101115283122892,Low,Normal
EVT001934,2026-08-22 11:29:01.735196,Ransomware,Europe,Server,0,578,13,0,412,1,-0.11472678167193429,28.070160052991934,Low,Normal
EVT001935,2026-08-22 11:37:01.735196,Ransomware,Asia,Router,1,130,7,0,308,1,-0.1149024225454357,28.023420780023194,Low,Normal
EVT001936,2026-08-22 11:45:01.735196,Phishing,North America,Laptop,4,556,51,0,419,1,-0.1962086020829168,6.387274001141802,Low,Normal
EVT001937,2026-08-22 11:53:01.735196,Phishing,Europe,Firewall,5,732,94,0,157,1,-0.1560869664997902,17.063923690297898,Low,Normal
EVT001938,2026-08-22 12:01:01.735196,Unauthorized Access,Africa,Firewall,5,341,55,0,393,1,-0.1839144775628037,9.658827087858784,Low,Normal
EVT001939,2026-08-22 12:09:01.735196,Malware,South America,Router,1,588,76,1,384,1,-0.05113053938082335,44.99356785081464,Medium,Normal
EVT001940,2026-08-22 12:17:01.735196,Malware,Europe,Server,6,921,50,0,231,1,-0.15232466163634845,18.06509950147717,Low,Normal
EVT001941,2026-08-22 12:25:01.735196,Ransomware,Oceania,Desktop,5,615,69,0,129,1,-0.18816032143767658,8.528978141572777,Low,Normal
EVT001942,2026-08-22 12:33:01.735196,DDoS,Africa,Firewall,2,757,52,0,306,1,-0.20418496089514598,4.264708766812242,Low,Normal
EVT001943,2026-08-22 12:41:01.735196,Ransomware,Europe,Desktop,4,350,45,0,369,1,-0.1983486989466413,5.817779159200272,Low,Normal
EVT001944,2026-08-22 12:49:01.735196,Malware,Europe,Laptop,106,10431,411,1,1560,-1,0.09524100666654756,83.94406672492305,High,Suspicious
EVT001945,2026-08-22 12:57:01.735196,Phishing,Oceania,Laptop,3,267,45,0,181,1,-0.20806003628808212,3.2335239238182636,Low,Normal
EVT001946,2026-08-22 13:05:01.735196,Phishing,Europe,Server,3,563,86,0,75,1,-0.1888351108480797,8.3494119288769,Low,Normal
EVT001947,2026-08-22 13:13:01.735196,Malware,North America,Server,3,220,24,0,283,1,-0.18757863696515797,8.683768474829144,Low,Normal
EVT001948,2026-08-22 13:21:01.735196,DDoS,North America,Laptop,3,639,54,0,77,1,-0.20715223033310354,3.475097479486375,Low,Normal
EVT001949,2026-08-22 13:29:01.735196,Brute Force,Africa,Firewall,3,275,49,0,451,1,-0.18637830931609584,9.003184112676033,Low,Normal
EVT001950,2026-08-22 13:37:01.735196,Malware,Asia,Server,1,373,53,0,24,1,-0.1561415909113999,17.049387749807025,Low,Normal
EVT001951,2026-08-22 13:45:01.735196,Brute Force,North America,Server,4,389,22,0,339,1,-0.18589038542115416,9.133024096154964,Low,Normal
EVT001952,2026-08-22 13:53:01.735196,Unauthorized Access,Europe,Firewall,3,595,46,0,254,1,-0.2186310647258486,0.4204988353892909,Low,Normal
EVT001953,2026-08-22 14:01:01.735196,Phishing,Oceania,Desktop,5,492,78,0,241,1,-0.19111090938104358,7.743805917396912,Low,Normal
EVT001954,2026-08-22 14:09:01.735196,Phishing,Oceania,Desktop,33,5832,549,1,797,-1,0.08892764168347111,82.26403585618051,High,Suspicious
EVT001955,2026-08-22 14:17:01.735196,Ransomware,Asia,Laptop,4,849,40,0,266,1,-0.19543611416540413,6.592838474387179,Low,Normal
EVT001956,2026-08-22 14:25:01.735196,Brute Force,Africa,Laptop,1,348,73,0,444,1,-0.15869042967707242,16.371123810171643,Low,Normal
EVT001957,2026-08-22 14:33:01.735196,Malware,North America,Firewall,3,158,95,0,275,1,-0.16305641849604213,15.209303448428566,Low,Normal
EVT001958,2026-08-22 14:41:01.735196,Unauthorized Access,Europe,Laptop,3,505,93,0,145,1,-0.18315453342435523,9.861053573185675,Low,Normal
EVT001959,2026-08-22 14:49:01.735196,Phishing,Africa,Server,5,172,49,0,307,1,-0.17894041688248125,10.982459652796955,Low,Normal
EVT001960,2026-08-22 14:57:01.735196,Malware,Europe,Firewall,2,747,89,0,152,1,-0.17968943946738025,10.783139469758453,Low,Normal
EVT001961,2026-08-22 15:05:01.735196,DDoS,Asia,Firewall,5,306,22,0,128,1,-0.17280383558344764,12.615447138640187,Low,Normal
EVT001962,2026-08-22 15:13:01.735196,Brute Force,North America,Laptop,3,646,73,0,248,1,-0.20918901690395053,2.9330942337947583,Low,Normal
EVT001963,2026-08-22 15:21:01.735196,DDoS,South America,Laptop,5,703,50,0,424,1,-0.17616959032224205,11.719796107383681,Low,Normal
EVT001964,2026-08-22 15:29:01.735196,DDoS,North America,Desktop,2,216,29,0,91,1,-0.18234340503606167,10.07690054773878,Low,Normal
EVT001965,2026-08-22 15:37:01.735196,Malware,Africa,Laptop,3,425,82,0,330,1,-0.1956256249243823,6.542408327247644,Low,Normal
EVT001966,2026-08-22 15:45:01.735196,Ransomware,Oceania,Desktop,4,170,54,0,254,1,-0.18872559881655454,8.378553851441831,Low,Normal
EVT001967,2026-08-22 15:53:01.735196,Malware,North America,Desktop,1,276,80,0,497,1,-0.1226474440594999,25.96241602937397,Low,Normal
EVT001968,2026-08-22 16:01:01.735196,DDoS,Asia,Router,3,971,72,0,119,1,-0.17088455520468465,13.12618115936244,Low,Normal
EVT001969,2026-08-22 16:09:01.735196,Ransomware,Oceania,Router,5,630,95,0,414,1,-0.1556249077533574,17.186880775665283,Low,Normal
EVT001970,2026-08-22 16:17:01.735196,DDoS,Asia,Router,2,555,23,1,37,1,-0.0366132340515537,48.856725002272235,Medium,Normal
EVT001971,2026-08-22 16:25:01.735196,Malware,South America,Desktop,2,713,52,0,466,1,-0.18018591885202762,10.6510228102373,Low,Normal
EVT001972,2026-08-22 16:33:01.735196,Brute Force,South America,Server,3,630,80,1,34,1,-0.03105710303232956,50.33525058222784,Medium,Normal
EVT001973,2026-08-22 16:41:01.735196,Unauthorized Access,Oceania,Server,2,906,34,0,411,1,-0.16938550681569275,13.525088489129706,Low,Normal
EVT001974,2026-08-22 16:49:01.735196,DDoS,South America,Firewall,2,605,10,0,459,1,-0.15608030698316594,17.065695834555306,Low,Normal
EVT001975,2026-08-22 16:57:01.735196,Brute Force,Europe,Server,5,145,71,0,238,1,-0.16607571127705612,14.40584838326564,Low,Normal
EVT001976,2026-08-22 17:05:01.735196,Phishing,Asia,Laptop,4,259,64,0,165,1,-0.20151282192023462,4.975783760172373,Low,Normal
EVT001977,2026-08-22 17:13:01.735196,DDoS,North America,Laptop,0,813,88,0,471,1,-0.09952837833627848,32.11456217894967,Low,Normal
EVT001978,2026-08-22 17:21:01.735196,Brute Force,South America,Desktop,4,283,68,1,84,1,-0.043984865086394764,46.895082086852085,Medium,Normal
EVT001979,2026-08-22 17:29:01.735196,Unauthorized Access,Africa,Desktop,3,755,91,0,341,1,-0.17809575334626981,11.207230566301934,Low,Normal
EVT001980,2026-08-22 17:37:01.735196,Brute Force,South America,Desktop,4,594,88,0,475,1,-0.1587048306809022,16.367291601667976,Low,Normal
EVT001981,2026-08-22 17:45:01.735196,Unauthorized Access,South America,Router,3,574,27,0,332,1,-0.20391726835047136,4.335943637533507,Low,Normal
EVT001982,2026-08-22 17:53:01.735196,Phishing,South America,Server,5,231,97,0,60,1,-0.1356677647994382,22.497617016064602,Low,Normal
EVT001983,2026-08-22 18:01:01.735196,DDoS,South America,Laptop,2,713,85,0,426,1,-0.1753077890797548,11.94912748517989,Low,Normal
EVT001984,2026-08-22 18:09:01.735196,Phishing,North America,Server,2,549,39,0,153,1,-0.2151707963196433,1.3413006189298737,Low,Normal
EVT001985,2026-08-22 18:17:01.735196,Malware,South America,Server,7,663,58,0,442,1,-0.11619055927803768,27.68063852686128,Low,Normal
EVT001986,2026-08-22 18:25:01.735196,DDoS,Africa,Desktop,4,829,92,0,249,1,-0.16928756477854473,13.55115155473692,Low,Normal
EVT001987,2026-08-22 18:33:01.735196,Unauthorized Access,Africa,Server,3,962,52,0,205,1,-0.18305533199705354,9.887451771379016,Low,Normal
EVT001988,2026-08-22 18:41:01.735196,Brute Force,Africa,Router,6,915,19,0,299,1,-0.1309700157046108,23.747721122840247,Low,Normal
EVT001989,2026-08-22 18:49:01.735196,Phishing,Asia,Router,2,118,53,0,37,1,-0.14565152217788557,19.840868890969766,Low,Normal
EVT001990,2026-08-22 18:57:01.735196,Ransomware,Africa,Desktop,2,275,77,0,38,1,-0.1629976564328341,15.224940447139259,Low,Normal
EVT001991,2026-08-22 19:05:01.735196,Unauthorized Access,Africa,Server,4,793,72,0,435,1,-0.17557170112648074,11.87889863157787,Low,Normal
EVT001992,2026-08-22 19:13:01.735196,Malware,South America,Server,3,968,12,0,208,1,-0.16267805183907003,15.30998947958945,Low,Normal
EVT001993,2026-08-22 19:21:01.735196,Ransomware,South America,Router,0,870,82,0,181,1,-0.1267372898797191,24.874079263673828,Low,Normal
EVT001994,2026-08-22 19:29:01.735196,Malware,Europe,Firewall,2,620,30,0,90,1,-0.2006148945646794,5.2147285509875605,Low,Normal
EVT001995,2026-08-22 19:37:01.735196,Ransomware,Oceania,Laptop,5,723,76,0,66,1,-0.172067655880415,12.811349740398825,Low,Normal
EVT001996,2026-08-22 19:45:01.735196,Phishing,Asia,Router,4,770,74,0,270,1,-0.1944877585340153,6.845202584422,Low,Normal
EVT001997,2026-08-22 19:53:01.735196,Malware,Africa,Router,1,919,73,0,404,1,-0.14471712501545336,20.089518554146153,Low,Normal
EVT001998,2026-08-22 20:01:01.735196,Brute Force,Africa,Firewall,2,866,83,0,82,1,-0.16893894989692154,13.643920429021863,Low,Normal
EVT001999,2026-08-22 20:09:01.735196,Unauthorized Access,Europe,Firewall,2,402,34,0,330,1,-0.19651165458974124,6.30662959555466,Low,Normal
EVT002000,2026-08-22 20:17:01.735196,Ransomware,South America,Firewall,2,535,22,0,361,1,-0.19041873211712523,7.927999160325491,Low,Normal
EVT002001,2026-08-22 20:25:01.735196,Unauthorized Access,Oceania,Desktop,3,199,89,1,424,1,-0.038067576174207196,48.46971432471438,Medium,Normal
EVT002002,2026-08-22 20:33:01.735196,Ransomware,Asia,Server,3,316,65,0,199,1,-0.2070052722836609,3.5142040510430106,Low,Normal
EVT002003,2026-08-22 20:41:01.735196,Malware,Europe,Desktop,124,5420,568,1,962,-1,0.10850496370325358,87.47369907202717,High,Suspicious
EVT002004,2026-08-22 20:49:01.735196,Brute Force,Africa,Server,4,197,5,0,51,1,-0.12216752955495969,26.090124657680132,Low,Normal
EVT002005,2026-08-22 20:57:01.735196,Brute Force,Asia,Router,3,266,19,0,96,1,-0.1810362959054964,10.42473148956638,Low,Normal
EVT002006,2026-08-22 21:05:01.735196,Ransomware,Asia,Router,3,130,73,0,423,1,-0.16539525300794405,14.586923119173322,Low,Normal
EVT002007,2026-08-22 21:13:01.735196,Brute Force,Europe,Laptop,5,894,54,0,209,1,-0.1779711632571251,11.240384866150528,Low,Normal
EVT002008,2026-08-22 21:21:01.735196,Ransomware,Africa,Server,4,793,22,0,441,1,-0.16864410900826415,13.722379665204107,Low,Normal
EVT002009,2026-08-22 21:29:01.735196,Malware,Asia,Server,5,322,29,0,331,1,-0.18344473113155807,9.783829920276967,Low,Normal
EVT002010,2026-08-22 21:37:01.735196,Malware,Africa,Desktop,2,351,18,1,299,1,-0.046729817628372916,46.1646308906804,Medium,Normal
EVT002011,2026-08-22 21:45:01.735196,Brute Force,South America,Firewall,60,14549,864,1,1155,-1,0.11067073722828857,88.05002665430978,High,Suspicious
EVT002012,2026-08-22 21:53:01.735196,DDoS,Asia,Server,4,285,32,0,188,1,-0.2014878677128324,4.98242425044232,Low,Normal
EVT002013,2026-08-22 22:01:01.735196,Unauthorized Access,North America,Desktop,2,108,40,1,357,1,-0.03415268370973623,49.5114947707601,Medium,Normal
EVT002014,2026-08-22 22:09:01.735196,DDoS,Asia,Firewall,1,549,63,0,127,1,-0.19337405499582655,7.141566936522728,Low,Normal
EVT002015,2026-08-22 22:17:01.735196,DDoS,North America,Laptop,1,642,37,0,178,1,-0.1972301676635207,6.115428208215199,Low,Normal
EVT002016,2026-08-22 22:25:01.735196,Unauthorized Access,Oceania,Desktop,7,326,83,0,41,1,-0.08997217149054204,34.65753609728992,Low,Normal
EVT002017,2026-08-22 22:33:01.735196,Ransomware,Asia,Router,0,170,73,0,478,1,-0.09698291849684604,32.79192696252457,Low,Normal
EVT002018,2026-08-22 22:41:01.735196,Brute Force,North America,Firewall,4,220,89,0,50,1,-0.1529357756811877,17.902477751839026,Low,Normal
EVT002019,2026-08-22 22:49:01.735196,Ransomware,North America,Desktop,3,886,47,0,230,1,-0.19884141204432443,5.686664735155357,Low,Normal
EVT002020,2026-08-22 22:57:01.735196,DDoS,Europe,Firewall,5,559,63,0,113,1,-0.19298511951132163,7.245065407095735,Low,Normal
EVT002021,2026-08-22 23:05:01.735196,Malware,Oceania,Firewall,4,100,15,0,137,1,-0.13781004186785883,21.92754200630457,Low,Normal
EVT002022,2026-08-22 23:13:01.735196,Ransomware,Asia,Server,2,617,32,0,17,1,-0.1630107765506008,15.221449091434543,Low,Normal
EVT002023,2026-08-22 23:21:01.735196,Unauthorized Access,South America,Router,3,557,88,0,163,1,-0.19175293858099907,7.572957427336435,Low,Normal
EVT002024,2026-08-22 23:29:01.735196,Malware,Oceania,Desktop,5,211,62,1,56,1,-0.02964267455074099,50.71163995890215,Medium,Normal
EVT002025,2026-08-22 23:37:01.735196,Ransomware,South America,Firewall,1,661,73,0,230,1,-0.19144465077051304,7.654994984085008,Low,Normal
EVT002026,2026-08-22 23:45:01.735196,DDoS,South America,Desktop,3,523,6,0,199,1,-0.17643434313523443,11.64934351995908,Low,Normal
EVT002027,2026-08-22 23:53:01.735196,DDoS,Oceania,Firewall,2,660,73,0,410,1,-0.1915118281523186,7.637118609850796,Low,Normal
EVT002028,2026-08-23 00:01:01.735196,Malware,Oceania,Firewall,4,724,19,0,147,1,-0.18779616929310533,8.625881590912146,Low,Normal
EVT002029,2026-08-23 00:09:01.735196,Unauthorized Access,South America,Laptop,3,770,74,0,224,1,-0.20000023955721402,5.378292575709258,Low,Normal
EVT002030,2026-08-23 00:17:01.735196,Brute Force,South America,Desktop,3,982,44,0,98,1,-0.17299528159184108,12.564502008006889,Low,Normal
EVT002031,2026-08-23 00:25:01.735196,Unauthorized Access,Africa,Router,4,612,17,0,283,1,-0.19296621249572354,7.250096697053745,Low,Normal
EVT002032,2026-08-23 00:33:01.735196,Brute Force,Oceania,Server,2,471,84,1,316,1,-0.05224905384818246,44.69592327659224,Medium,Normal
EVT002033,2026-08-23 00:41:01.735196,Ransomware,South America,Laptop,1,226,97,0,135,1,-0.14394682206487835,20.294501592307025,Low,Normal
EVT002034,2026-08-23 00:49:01.735196,Brute Force,Oceania,Desktop,1,696,93,0,288,1,-0.16459217163294076,14.800628726838077,Low,Normal
EVT002035,2026-08-23 00:57:01.735196,DDoS,Asia,Server,5,498,55,0,206,1,-0.20175872975802017,4.910345953320891,Low,Normal
EVT002036,2026-08-23 01:05:01.735196,DDoS,Asia,Desktop,3,245,30,0,376,1,-0.18824956322854736,8.505230272750577,Low,Normal
EVT002037,2026-08-23 01:13:01.735196,Ransomware,Oceania,Firewall,1,610,99,0,225,1,-0.1537988643362525,17.672803784492416,Low,Normal
EVT002038,2026-08-23 01:21:01.735196,Phishing,North America,Laptop,2,954,93,0,400,1,-0.13492764446519456,22.694568247530945,Low,Normal
EVT002039,2026-08-23 01:29:01.735196,Phishing,Asia,Router,1,480,81,0,101,1,-0.17494663844376152,12.045232211955732,Low,Normal
EVT002040,2026-08-23 01:37:01.735196,DDoS,South America,Server,2,806,68,0,251,1,-0.19745043604389767,6.056813241484587,Low,Normal
EVT002041,2026-08-23 01:45:01.735196,Ransomware,Europe,Server,3,670,71,0,416,1,-0.19185160183776684,7.546702440110946,Low,Normal
EVT002042,2026-08-23 01:53:01.735196,Ransomware,Oceania,Firewall,1,738,91,0,386,1,-0.15363142374835348,17.717360903731496,Low,Normal
EVT002043,2026-08-23 02:01:01.735196,Malware,Oceania,Router,6,890,82,0,168,1,-0.13600588976073336,22.40763958342908,Low,Normal
EVT002044,2026-08-23 02:09:01.735196,Malware,North America,Desktop,3,288,87,0,421,1,-0.17206114920110782,12.813081213570165,Low,Normal
EVT002045,2026-08-23 02:17:01.735196,Malware,South America,Desktop,2,641,71,0,243,1,-0.20865714728847673,3.07462848288973,Low,Normal
EVT002046,2026-08-23 02:25:01.735196,Malware,South America,Laptop,4,457,77,0,324,1,-0.20038472753370612,5.27597761832938,Low,Normal
EVT002047,2026-08-23 02:33:01.735196,Unauthorized Access,Oceania,Firewall,1,196,29,0,162,1,-0.1661322455937816,14.390804203577524,Low,Normal
EVT002048,2026-08-23 02:41:01.735196,Unauthorized Access,Oceania,Firewall,4,724,27,0,376,1,-0.18615470609765333,9.06268650329349,Low,Normal
EVT002049,2026-08-23 02:49:01.735196,Unauthorized Access,Asia,Router,4,232,19,0,354,1,-0.1743940932138156,12.192268387620208,Low,Normal
EVT002050,2026-08-23 02:57:01.735196,Phishing,Africa,Server,7,699,79,0,329,1,-0.12744351328200426,24.68614824443957,Low,Normal
EVT002051,2026-08-23 03:05:01.735196,Ransomware,Asia,Firewall,2,229,83,0,315,1,-0.18193144422755986,10.186526219128037,Low,Normal
EVT002052,2026-08-23 03:13:01.735196,Brute Force,Oceania,Laptop,3,757,88,0,74,1,-0.1718216009729291,12.876826683532958,Low,Normal
EVT002053,2026-08-23 03:21:01.735196,Phishing,Europe,Server,3,841,33,0,374,1,-0.1931272268570165,7.207249641955843,Low,Normal
EVT002054,2026-08-23 03:29:01.735196,Ransomware,South America,Router,0,964,9,1,97,-1,0.0062921567773307485,60.274151560250864,Medium,Suspicious
EVT002055,2026-08-23 03:37:01.735196,Unauthorized Access,North America,Router,2,657,55,0,406,1,-0.19911750022633184,5.613195726233677,Low,Normal
EVT002056,2026-08-23 03:45:01.735196,Brute Force,North America,Desktop,6,742,72,0,270,1,-0.16437044348309104,14.85963214850232,Low,Normal
EVT002057,2026-08-23 03:53:01.735196,DDoS,Oceania,Laptop,2,248,47,0,429,1,-0.1868999581276708,8.864369691454064,Low,Normal
EVT002058,2026-08-23 04:01:01.735196,Phishing,Asia,Router,2,144,78,0,70,1,-0.16429508762662454,14.87968487242112,Low,Normal
EVT002059,2026-08-23 04:09:01.735196,Ransomware,North America,Firewall,1,514,39,0,109,1,-0.19398547017934098,6.9788650517630755,Low,Normal
EVT002060,2026-08-23 04:17:01.735196,Brute Force,Oceania,Server,110,7253,889,1,1612,-1,0.09407312956914449,83.6332864073279,High,Suspicious
EVT002061,2026-08-23 04:25:01.735196,Brute Force,Europe,Desktop,3,691,42,0,237,1,-0.2150207749069522,1.38122237301332,Low,Normal
EVT002062,2026-08-23 04:33:01.735196,Ransomware,Oceania,Desktop,4,905,84,0,446,1,-0.1545308023985396,17.47802991319776,Low,Normal
EVT002063,2026-08-23 04:41:01.735196,Brute Force,North America,Firewall,3,278,28,0,224,1,-0.19974546216303485,5.446090633959682,Low,Normal
EVT002064,2026-08-23 04:49:01.735196,DDoS,South America,Server,5,674,60,0,252,1,-0.19543485086571205,6.593174647329003,Low,Normal
EVT002065,2026-08-23 04:57:01.735196,DDoS,Asia,Desktop,1,534,69,0,403,1,-0.1751750914466082,11.984439259565336,Low,Normal
EVT002066,2026-08-23 05:05:01.735196,Phishing,Asia,Laptop,1,155,80,0,64,1,-0.14292060475646523,20.56758524275231,Low,Normal
EVT002067,2026-08-23 05:13:01.735196,Phishing,South America,Desktop,3,577,57,0,194,1,-0.21606622060007108,1.1030219140280089,Low,Normal
EVT002068,2026-08-23 05:21:01.735196,Brute Force,South America,Server,7,519,24,0,68,1,-0.11444149489630556,28.146076872435298,Low,Normal
EVT002069,2026-08-23 05:29:01.735196,Malware,South America,Router,2,737,47,0,298,1,-0.2069278203341018,3.5348145600904664,Low,Normal
EVT002070,2026-08-23 05:37:01.735196,Ransomware,Oceania,Router,3,962,21,0,287,1,-0.17478482709820625,12.088291350176684,Low,Normal
EVT002071,2026-08-23 05:45:01.735196,Malware,Europe,Desktop,6,922,86,1,367,1,-0.015747808653370332,54.409161595493096,Medium,Normal
EVT002072,2026-08-23 05:53:01.735196,Ransomware,South America,Firewall,4,503,29,0,193,1,-0.2098565372591099,2.7554623678741423,Low,Normal
EVT002073,2026-08-23 06:01:01.735196,Unauthorized Access,Oceania,Desktop,5,806,38,0,434,1,-0.16503541237497504,14.682679244921848,Low,Normal
EVT002074,2026-08-23 06:09:01.735196,Malware,North America,Laptop,4,281,13,1,429,1,-0.04525523461028913,46.55702781301026,Medium,Normal
EVT002075,2026-08-23 06:17:01.735196,Brute Force,Europe,Server,2,490,8,0,185,1,-0.1783939168519335,11.127887158342745,Low,Normal
EVT002076,2026-08-23 06:25:01.735196,Brute Force,Asia,Desktop,2,295,62,0,71,1,-0.19528576744323883,6.632846795611921,Low,Normal
EVT002077,2026-08-23 06:33:01.735196,Malware,Europe,Laptop,2,738,62,0,385,1,-0.1911052820861009,7.745303380197903,Low,Normal
EVT002078,2026-08-23 06:41:01.735196,Brute Force,Europe,Firewall,4,475,29,0,352,1,-0.20172251107068673,4.9199840010036455,Low,Normal
EVT002079,2026-08-23 06:49:01.735196,Ransomware,South America,Router,4,106,95,0,154,1,-0.13575750110524776,22.47373755333576,Low,Normal
EVT002080,2026-08-23 06:57:01.735196,Phishing,Asia,Laptop,3,938,5,0,384,1,-0.13495746094251415,22.686633873005103,Low,Normal
EVT002081,2026-08-23 07:05:01.735196,Ransomware,Asia,Laptop,4,599,43,0,182,1,-0.2148101871340264,1.4372612619486973,Low,Normal
EVT002082,2026-08-23 07:13:01.735196,Ransomware,Europe,Router,6,762,58,0,352,1,-0.1659839166140235,14.430275589342589,Low,Normal
EVT002083,2026-08-23 07:21:01.735196,Unauthorized Access,Europe,Server,2,941,69,0,442,1,-0.15525802192544813,17.28451167738632,Low,Normal
EVT002084,2026-08-23 07:29:01.735196,Unauthorized Access,Oceania,Firewall,1,214,61,0,281,1,-0.17935970297195236,10.870884672571027,Low,Normal
EVT002085,2026-08-23 07:37:01.735196,Malware,South America,Laptop,7,684,52,0,489,1,-0.10095155111156195,31.735845884162423,Low,Normal
EVT002086,2026-08-23 07:45:01.735196,Phishing,North America,Router,3,957,78,0,134,1,-0.1699663258993543,13.370528441940632,Low,Normal
EVT002087,2026-08-23 07:53:01.735196,Unauthorized Access,Asia,Laptop,5,763,58,0,356,1,-0.1848906476981086,9.399061342514907,Low,Normal
EVT002088,2026-08-23 08:01:01.735196,Ransomware,Europe,Firewall,7,107,94,0,377,1,-0.07720538601492366,38.05486759184913,Low,Normal
EVT002089,2026-08-23 08:09:01.735196,Brute Force,Africa,Router,1,566,60,1,97,1,-0.04723889020077565,46.029163095240186,Medium,Normal
EVT002090,2026-08-23 08:17:01.735196,DDoS,Oceania,Router,7,438,44,0,428,1,-0.1255858880182294,25.18047540500506,Low,Normal
EVT002091,2026-08-23 08:25:01.735196,Brute Force,Europe,Laptop,8,604,36,0,232,1,-0.10884961352164357,29.634115873659145,Low,Normal
EVT002092,2026-08-23 08:33:01.735196,Ransomware,Asia,Router,10,300,53,0,177,1,-0.08186297303466095,36.81545089600016,Low,Normal
EVT002093,2026-08-23 08:41:01.735196,DDoS,Europe,Firewall,1,443,52,0,20,1,-0.1536174706613413,17.72107391841662,Low,Normal
EVT002094,2026-08-23 08:49:01.735196,Ransomware,Oceania,Laptop,6,700,39,0,49,1,-0.14926344813769488,18.879709964730203,Low,Normal
EVT002095,2026-08-23 08:57:01.735196,DDoS,Europe,Server,0,211,43,0,341,1,-0.13771314924908679,21.953325814293926,Low,Normal
EVT002096,2026-08-23 09:05:01.735196,Ransomware,Europe,Firewall,3,430,47,0,98,1,-0.20288993291035184,4.609324830697624,Low,Normal
EVT002097,2026-08-23 09:13:01.735196,Phishing,Asia,Firewall,2,866,16,0,38,1,-0.14885511969260984,18.98836903864204,Low,Normal
EVT002098,2026-08-23 09:21:01.735196,DDoS,North America,Server,4,249,14,0,98,1,-0.16953803984041266,13.484498377403384,Low,Normal
EVT002099,2026-08-23 09:29:01.735196,Ransomware,Oceania,Router,2,312,91,0,229,1,-0.18353408441268465,9.760052383112793,Low,Normal
EVT002100,2026-08-23 09:37:01.735196,Brute Force,South America,Router,2,843,70,0,213,1,-0.1933304084880002,7.153181579531272,Low,Normal
EVT002101,2026-08-23 09:45:01.735196,Ransomware,North America,Server,2,846,52,0,244,1,-0.19908356361281554,5.622226498007653,Low,Normal
EVT002102,2026-08-23 09:53:01.735196,Malware,Asia,Laptop,3,546,46,0,366,1,-0.21014498904846446,2.6787033159963083,Low,Normal
EVT002103,2026-08-23 10:01:01.735196,Ransomware,Africa,Firewall,4,276,25,0,36,1,-0.16252675481540924,15.350250682732364,Low,Normal
EVT002104,2026-08-23 10:09:01.735196,Malware,North America,Desktop,3,465,86,0,479,1,-0.16422891782368498,14.897293122825628,Low,Normal
EVT002105,2026-08-23 10:17:01.735196,DDoS,Asia,Router,1,641,86,1,222,1,-0.042383273547680456,47.321276870674915,Medium,Normal
EVT002106,2026-08-23 10:25:01.735196,Phishing,Africa,Server,3,694,39,0,69,1,-0.19873531341631512,5.714898327014008,Low,Normal
EVT002107,2026-08-23 10:33:01.735196,Ransomware,Europe,Firewall,5,963,89,0,491,1,-0.101307133775288,31.641222834006,Low,Normal
EVT002108,2026-08-23 10:41:01.735196,Ransomware,South America,Laptop,1,634,41,0,238,1,-0.19819500509822863,5.858678174283561,Low,Normal
EVT002109,2026-08-23 10:49:01.735196,Brute Force,Africa,Router,2,696,50,0,367,1,-0.20465682797944118,4.139141613687955,Low,Normal
EVT002110,2026-08-23 10:57:01.735196,Malware,Asia,Server,1,492,73,0,419,1,-0.17365257667388945,12.389591159248099,Low,Normal
EVT002111,2026-08-23 11:05:01.735196,DDoS,Asia,Desktop,5,996,7,0,254,1,-0.12305564247526768,25.85379155717888,Low,Normal
EVT002112,2026-08-23 11:13:01.735196,Ransomware,Asia,Firewall,7,213,56,0,357,1,-0.12231905278072858,26.04980326056377,Low,Normal
EVT002113,2026-08-23 11:21:01.735196,Ransomware,Africa,Desktop,7,280,81,0,454,1,-0.10616546606743038,30.348386407902435,Low,Normal
EVT002114,2026-08-23 11:29:01.735196,Phishing,Asia,Router,5,497,67,0,340,1,-0.193308936709771,7.158895370881613,Low,Normal
EVT002115,2026-08-23 11:37:01.735196,Phishing,Africa,Router,2,648,34,0,494,1,-0.15703663447472482,16.811210356406512,Low,Normal
EVT002116,2026-08-23 11:45:01.735196,Phishing,North America,Laptop,4,598,50,0,145,1,-0.21022277324352528,2.658004394081802,Low,Normal
EVT002117,2026-08-23 11:53:01.735196,DDoS,Asia,Laptop,2,208,13,0,275,1,-0.1681347594273484,13.857921174559795,Low,Normal
EVT002118,2026-08-23 12:01:01.735196,DDoS,North America,Router,3,827,28,0,243,1,-0.20086909414015464,5.147084254362158,Low,Normal
EVT002119,2026-08-23 12:09:01.735196,Ransomware,Oceania,Firewall,133,9869,763,1,1399,-1,0.0961796588729118,84.19384868524571,High,Suspicious
EVT002120,2026-08-23 12:17:01.735196,DDoS,North America,Laptop,4,930,17,0,283,1,-0.167319549799486,14.074854195694526,Low,Normal
EVT002121,2026-08-23 12:25:01.735196,Malware,Europe,Desktop,1,238,90,0,188,1,-0.15985411242024156,16.06145963976683,Low,Normal
EVT002122,2026-08-23 12:33:01.735196,Phishing,Oceania,Firewall,3,743,15,1,467,1,-0.03417333281065804,49.50599989963299,Medium,Normal
EVT002123,2026-08-23 12:41:01.735196,Unauthorized Access,Oceania,Firewall,4,420,97,0,369,1,-0.17005857386769496,13.34598060812989,Low,Normal
EVT002124,2026-08-23 12:49:01.735196,Malware,Africa,Firewall,1,819,77,0,68,1,-0.15927334160551915,16.216006842251385,Low,Normal
EVT002125,2026-08-23 12:57:01.735196,Malware,Europe,Router,2,769,59,0,377,1,-0.1935872950168237,7.084822265703466,Low,Normal
EVT002126,2026-08-23 13:05:01.735196,Ransomware,North America,Desktop,6,239,17,0,199,1,-0.1410391358287551,21.06825737015285,Low,Normal
EVT002127,2026-08-23 13:13:01.735196,Brute Force,North America,Router,3,854,65,0,465,1,-0.16923656597737224,13.564722694765779,Low,Normal
EVT002128,2026-08-23 13:21:01.735196,Malware,Asia,Laptop,3,899,42,0,224,1,-0.1986334510027749,5.74200463237904,Low,Normal
EVT002129,2026-08-23 13:29:01.735196,DDoS,Oceania,Router,146,8513,589,1,1835,-1,0.1283679793820408,92.75938738184807,High,Suspicious
EVT002130,2026-08-23 13:37:01.735196,Ransomware,Africa,Server,6,883,77,0,437,1,-0.1228098818950269,25.91919017776099,Low,Normal
EVT002131,2026-08-23 13:45:01.735196,Malware,Oceania,Firewall,4,859,48,0,330,1,-0.19198422747625743,7.511409824010315,Low,Normal
EVT002132,2026-08-23 13:53:01.735196,Ransomware,Oceania,Firewall,4,947,10,0,331,1,-0.1556749120908007,17.17357426943589,Low,Normal
EVT002133,2026-08-23 14:01:01.735196,Malware,Oceania,Desktop,2,548,84,0,184,1,-0.197276812998449,6.103015556202767,Low,Normal
EVT002134,2026-08-23 14:09:01.735196,Malware,Oceania,Server,4,868,79,0,151,1,-0.1790689768038356,10.948248952649347,Low,Normal
EVT002135,2026-08-23 14:17:01.735196,Unauthorized Access,South America,Server,2,327,31,0,432,1,-0.17924792522695066,10.900629517442926,Low,Normal
EVT002136,2026-08-23 14:25:01.735196,Phishing,Europe,Router,4,683,82,0,80,1,-0.18468289434078988,9.454345973502651,Low,Normal
EVT002137,2026-08-23 14:33:01.735196,Phishing,Europe,Router,2,687,78,0,82,1,-0.1881354104350073,8.535607134759118,Low,Normal
EVT002138,2026-08-23 14:41:01.735196,Ransomware,Oceania,Laptop,5,294,74,0,134,1,-0.18287374299400366,9.93577388349605,Low,Normal
EVT002139,2026-08-23 14:49:01.735196,DDoS,South America,Desktop,5,197,92,0,200,1,-0.1578153037941873,16.604000968584582,Low,Normal
EVT002140,2026-08-23 14:57:01.735196,Unauthorized Access,Europe,Desktop,4,279,50,0,32,1,-0.16805372032575472,13.879486250017575,Low,Normal
EVT002141,2026-08-23 15:05:01.735196,Ransomware,Africa,Laptop,4,549,61,0,119,1,-0.20575307668217585,3.84742211618541,Low,Normal
EVT002142,2026-08-23 15:13:01.735196,DDoS,South America,Desktop,3,949,53,0,281,1,-0.18653945765309327,8.960301405699967,Low,Normal
EVT002143,2026-08-23 15:21:01.735196,DDoS,North America,Router,2,235,59,1,73,1,-0.04058410551408165,47.80004815074558,Medium,Normal
EVT002144,2026-08-23 15:29:01.735196,Unauthorized Access,Europe,Router,2,692,48,0,461,1,-0.18526267163664262,9.300063153383794,Low,Normal
EVT002145,2026-08-23 15:37:01.735196,Malware,North America,Firewall,4,274,21,0,191,1,-0.189208582844188,8.250028401430791,Low,Normal
EVT002146,2026-08-23 15:45:01.735196,DDoS,Oceania,Laptop,5,805,56,0,151,1,-0.18133528894505713,10.345167336797187,Low,Normal
EVT002147,2026-08-23 15:53:01.735196,Brute Force,Europe,Router,11,811,39,0,341,1,-0.07783398538790565,37.887592873293684,Low,Normal
EVT002148,2026-08-23 16:01:01.735196,Brute Force,Africa,Server,2,808,63,0,197,1,-0.19983746228549054,5.421608753683794,Low,Normal
EVT002149,2026-08-23 16:09:01.735196,DDoS,North America,Router,4,234,20,0,96,1,-0.17505895218250456,12.015344735375812,Low,Normal
EVT002150,2026-08-23 16:17:01.735196,Phishing,Oceania,Desktop,1,982,69,0,421,1,-0.1299137341755075,24.02880507406643,Low,Normal
EVT002151,2026-08-23 16:25:01.735196,Unauthorized Access,South America,Desktop,1,362,41,0,95,1,-0.1860982458438199,9.077710974324624,Low,Normal
EVT002152,2026-08-23 16:33:01.735196,Unauthorized Access,North America,Server,4,203,17,0,37,1,-0.14925276614691552,18.882552517678917,Low,Normal
EVT002153,2026-08-23 16:41:01.735196,Unauthorized Access,South America,Router,2,423,96,0,149,1,-0.17230757822634318,12.747504715069075,Low,Normal
EVT002154,2026-08-23 16:49:01.735196,Brute Force,Oceania,Firewall,2,439,30,0,355,1,-0.19936608582401683,5.54704534862125,Low,Normal
EVT002155,2026-08-23 16:57:01.735196,Ransomware,Asia,Firewall,5,577,34,0,204,1,-0.20075744976394122,5.1767936088605655,Low,Normal
EVT002156,2026-08-23 17:05:01.735196,Unauthorized Access,North America,Server,2,372,56,0,142,1,-0.20456853648182843,4.16263660278403,Low,Normal
EVT002157,2026-08-23 17:13:01.735196,DDoS,Europe,Laptop,6,598,68,0,50,1,-0.1420954403670313,20.78716729602377,Low,Normal
EVT002158,2026-08-23 17:21:01.735196,Malware,North America,Router,4,447,99,0,177,1,-0.1669593189426824,14.170714162752645,Low,Normal
EVT002159,2026-08-23 17:29:01.735196,Ransomware,Asia,Firewall,2,757,84,0,80,1,-0.17664405380870424,11.593538033363817,Low,Normal
EVT002160,2026-08-23 17:37:01.735196,Brute Force,South America,Firewall,2,820,25,0,37,1,-0.1602708536480471,15.950561865146199,Low,Normal
EVT002161,2026-08-23 17:45:01.735196,Ransomware,Europe,Laptop,3,610,78,0,129,1,-0.20270747717474968,4.657877586448709,Low,Normal
EVT002162,2026-08-23 17:53:01.735196,Brute Force,Africa,Desktop,3,242,30,0,229,1,-0.19716078299926815,6.133891955848053,Low,Normal
EVT002163,2026-08-23 18:01:01.735196,Malware,South America,Firewall,2,131,13,0,449,1,-0.1347548214776908,22.740557661197496,Low,Normal
EVT002164,2026-08-23 18:09:01.735196,DDoS,North America,Server,42,12260,657,1,1527,-1,0.10005310332909922,85.22459952448888,High,Suspicious
EVT002165,2026-08-23 18:17:01.735196,DDoS,South America,Router,1,100,47,0,201,1,-0.1474381260163405,19.365441031680128,Low,Normal
EVT002166,2026-08-23 18:25:01.735196,Brute Force,Africa,Router,3,599,88,0,80,1,-0.18230594526599786,10.086868856273435,Low,Normal
EVT002167,2026-08-23 18:33:01.735196,Unauthorized Access,Asia,Router,3,408,21,0,326,1,-0.18942412410732978,8.192671353875863,Low,Normal
EVT002168,2026-08-23 18:41:01.735196,Malware,Europe,Laptop,4,689,72,0,211,1,-0.20330086544833598,4.499972789332253,Low,Normal
EVT002169,2026-08-23 18:49:01.735196,Malware,North America,Laptop,95,6717,760,1,1406,-1,0.07684277298997355,79.04816721810869,High,Suspicious
EVT002170,2026-08-23 18:57:01.735196,Phishing,South America,Laptop,6,548,20,0,73,1,-0.1470950191062425,19.456744195965523,Low,Normal
EVT002171,2026-08-23 19:05:01.735196,DDoS,Oceania,Firewall,5,167,91,0,94,1,-0.14313786487541197,20.509770795566755,Low,Normal
EVT002172,2026-08-23 19:13:01.735196,Ransomware,South America,Laptop,2,969,80,0,389,1,-0.14687761877291422,19.51459595518513,Low,Normal
EVT002173,2026-08-23 19:21:01.735196,Malware,North America,Laptop,4,361,91,0,170,1,-0.18386203503949022,9.67278241251332,Low,Normal
EVT002174,2026-08-23 19:29:01.735196,Brute Force,Oceania,Router,4,163,94,0,483,1,-0.1313288783253752,23.652225253024675,Low,Normal
EVT002175,2026-08-23 19:37:01.735196,DDoS,North America,Router,4,120,58,1,468,1,-0.026515770863350663,51.54373104384378,Medium,Normal
EVT002176,2026-08-23 19:45:01.735196,Phishing,Asia,Firewall,3,251,11,0,482,1,-0.13911665779159882,21.579842310285404,Low,Normal
EVT002177,2026-08-23 19:53:01.735196,DDoS,North America,Desktop,4,318,39,0,211,1,-0.2067547427280383,3.580871729548306,Low,Normal
EVT002178,2026-08-23 20:01:01.735196,Brute Force,Oceania,Router,61,14282,513,1,1148,-1,0.10732936606612342,87.16086426445725,High,Suspicious
EVT002179,2026-08-23 20:09:01.735196,DDoS,Oceania,Firewall,1,886,40,1,389,1,-0.03500974357028641,49.28342510807717,Medium,Normal
EVT002180,2026-08-23 20:17:01.735196,Unauthorized Access,Asia,Server,1,123,31,0,250,1,-0.1497845599903646,18.741038432053163,Low,Normal
EVT002181,2026-08-23 20:25:01.735196,DDoS,Africa,Firewall,2,512,35,0,155,1,-0.21467958838116052,1.4720145095151025,Low,Normal
EVT002182,2026-08-23 20:33:01.735196,Brute Force,South America,Laptop,2,141,98,0,19,1,-0.10748446302326387,29.997392032079436,Low,Normal
EVT002183,2026-08-23 20:41:01.735196,Unauthorized Access,North America,Router,3,295,78,0,132,1,-0.1939483812128256,6.988734686862999,Low,Normal
EVT002184,2026-08-23 20:49:01.735196,Unauthorized Access,North America,Desktop,1,260,23,0,148,1,-0.17036273841498356,13.265040280746357,Low,Normal
EVT002185,2026-08-23 20:57:01.735196,DDoS,South America,Server,1,998,90,0,226,1,-0.12402554035577457,25.59569490299407,Low,Normal
EVT002186,2026-08-23 21:05:01.735196,Brute Force,Asia,Router,2,474,10,0,252,1,-0.18658208417616595,8.948958187815172,Low,Normal
EVT002187,2026-08-23 21:13:01.735196,Malware,Europe,Desktop,1,774,12,0,116,1,-0.1599969133556407,16.023459305523684,Low,Normal
EVT002188,2026-08-23 21:21:01.735196,DDoS,Asia,Router,3,457,11,0,478,1,-0.15273638318603772,17.95553749854234,Low,Normal
EVT002189,2026-08-23 21:29:01.735196,Phishing,Africa,Desktop,4,580,75,0,96,1,-0.19806540096628777,5.893166746219586,Low,Normal
EVT002190,2026-08-23 21:37:01.735196,Brute Force,Oceania,Router,2,749,18,0,43,1,-0.16409637041809594,14.932564920600388,Low,Normal
EVT002191,2026-08-23 21:45:01.735196,Ransomware,Oceania,Router,1,520,45,0,135,1,-0.19798372312422474,5.914901795013059,Low,Normal
EVT002192,2026-08-23 21:53:01.735196,Brute Force,Oceania,Desktop,4,839,74,0,376,1,-0.17917219527572975,10.92078179060954,Low,Normal
EVT002193,2026-08-23 22:01:01.735196,Phishing,Africa,Laptop,2,729,30,0,70,1,-0.18508704340331222,9.346799062714036,Low,Normal
EVT002194,2026-08-23 22:09:01.735196,Brute Force,North America,Router,5,330,49,0,35,1,-0.16191152031800632,15.513968913806108,Low,Normal
EVT002195,2026-08-23 22:17:01.735196,Phishing,Europe,Firewall,3,570,40,0,148,1,-0.21695385153533125,0.8668170731412015,Low,Normal
EVT002196,2026-08-23 22:25:01.735196,DDoS,South America,Desktop,3,697,33,0,102,1,-0.20398467678199095,4.318005779343778,Low,Normal
EVT002197,2026-08-23 22:33:01.735196,Unauthorized Access,North America,Server,2,312,81,0,212,1,-0.19189713778956852,7.534585002758684,Low,Normal
EVT002198,2026-08-23 22:41:01.735196,Ransomware,Asia,Laptop,3,517,39,0,170,1,-0.21929733619082453,0.24319930793880412,Low,Normal
EVT002199,2026-08-23 22:49:01.735196,Unauthorized Access,North America,Server,4,205,75,0,286,1,-0.19258756762117307,7.35085676387091,Low,Normal
EVT002200,2026-08-23 22:57:01.735196,Malware,Africa,Laptop,4,338,21,0,313,1,-0.18342858448014782,9.78812665789134,Low,Normal
EVT002201,2026-08-23 23:05:01.735196,Phishing,South America,Desktop,5,681,45,0,262,1,-0.20000219944169767,5.377771036650369,Low,Normal
EVT002202,2026-08-23 23:13:01.735196,Ransomware,North America,Firewall,3,836,59,0,127,1,-0.19793299999633845,5.928399576439695,Low,Normal
EVT002203,2026-08-23 23:21:01.735196,Phishing,Oceania,Firewall,4,966,49,0,333,1,-0.1727639723274909,12.626055031691742,Low,Normal
EVT002204,2026-08-23 23:29:01.735196,Malware,Oceania,Server,5,739,11,0,195,1,-0.1651434285334863,14.653935384697018,Low,Normal
EVT002205,2026-08-23 23:37:01.735196,DDoS,South America,Server,2,903,92,0,229,1,-0.15999639334613502,16.023597683714065,Low,Normal
EVT002206,2026-08-23 23:45:01.735196,Unauthorized Access,Africa,Server,2,165,84,0,134,1,-0.16944483547818417,13.509300714360787,Low,Normal
EVT002207,2026-08-23 23:53:01.735196,Malware,Africa,Server,2,376,34,0,120,1,-0.1990666573295541,5.626725379005518,Low,Normal
EVT002208,2026-08-24 00:01:01.735196,Malware,Europe,Desktop,4,217,76,0,77,1,-0.18048494159923217,10.571450752054936,Low,Normal
EVT002209,2026-08-24 00:09:01.735196,Ransomware,Oceania,Router,0,770,33,0,470,1,-0.11523528739271954,27.934843100757828,Low,Normal
EVT002210,2026-08-24 00:17:01.735196,DDoS,Oceania,Server,4,750,15,0,163,1,-0.18204481422726176,10.156357664070775,Low,Normal
EVT002211,2026-08-24 00:25:01.735196,Ransomware,Asia,Laptop,3,903,14,0,390,1,-0.16903878784757054,13.617352847484613,Low,Normal
EVT002212,2026-08-24 00:33:01.735196,Phishing,South America,Router,5,689,90,0,425,1,-0.15316475811474262,17.84154391420993,Low,Normal
EVT002213,2026-08-24 00:41:01.735196,Malware,Europe,Router,4,311,12,0,51,1,-0.15706700392341155,16.8031288323069,Low,Normal
EVT002214,2026-08-24 00:49:01.735196,Unauthorized Access,Europe,Server,9,220,94,1,116,-1,0.01000680051918168,61.26264441143557,Medium,Suspicious
EVT002215,2026-08-24 00:57:01.735196,Brute Force,South America,Desktop,1,408,91,0,102,1,-0.15730310616576915,16.740300363431206,Low,Normal
EVT002216,2026-08-24 01:05:01.735196,Phishing,Europe,Firewall,5,658,9,0,93,1,-0.15177456497634056,18.211484095442955,Low,Normal
EVT002217,2026-08-24 01:13:01.735196,Phishing,Europe,Router,3,881,90,0,487,1,-0.1346567433316747,22.766656946332724,Low,Normal
EVT002218,2026-08-24 01:21:01.735196,DDoS,South America,Firewall,1,582,90,0,447,1,-0.1529537243751457,17.897701478016135,Low,Normal
EVT002219,2026-08-24 01:29:01.735196,Ransomware,North America,Router,3,327,59,0,158,1,-0.20653634540498234,3.638988794753357,Low,Normal
EVT002220,2026-08-24 01:37:01.735196,Malware,Oceania,Firewall,10,889,58,0,444,1,-0.069232182126158,40.17659327883406,Medium,Normal
EVT002221,2026-08-24 01:45:01.735196,Malware,Asia,Desktop,3,424,33,0,484,1,-0.16987109661954092,13.395869623723,Low,Normal
EVT002222,2026-08-24 01:53:01.735196,Phishing,South America,Server,3,503,73,0,249,1,-0.20850019887004778,3.116393561966858,Low,Normal
EVT002223,2026-08-24 02:01:01.735196,Malware,Oceania,Laptop,4,210,66,0,474,1,-0.16809723193294446,13.867907505018149,Low,Normal
EVT002224,2026-08-24 02:09:01.735196,Malware,Oceania,Firewall,2,433,28,0,421,1,-0.18475429900553886,9.435344689516684,Low,Normal
EVT002225,2026-08-24 02:17:01.735196,DDoS,South America,Firewall,2,322,87,0,143,1,-0.18379552918480824,9.690480088652329,Low,Normal
EVT002226,2026-08-24 02:25:01.735196,Brute Force,Oceania,Desktop,0,201,16,1,200,1,-0.01042469910002819,55.82567852288216,Medium,Normal
EVT002227,2026-08-24 02:33:01.735196,Malware,Asia,Firewall,2,940,10,0,239,1,-0.15793349815719215,16.572548616488383,Low,Normal
EVT002228,2026-08-24 02:41:01.735196,Phishing,Oceania,Router,1,315,97,0,177,1,-0.15691753447472684,16.84290370488236,Low,Normal
EVT002229,2026-08-24 02:49:01.735196,Phishing,Africa,Firewall,1,551,63,0,257,1,-0.1982719879195894,5.838192503552396,Low,Normal
EVT002230,2026-08-24 02:57:01.735196,Brute Force,South America,Desktop,0,810,76,1,156,1,-0.013288494647699767,55.06360236622834,Medium,Normal
EVT002231,2026-08-24 03:05:01.735196,Brute Force,South America,Laptop,1,137,17,0,161,1,-0.14140120960183927,20.97190699009814,Low,Normal
EVT002232,2026-08-24 03:13:01.735196,Malware,North America,Firewall,5,351,27,0,322,1,-0.17866943464145418,11.054569934877408,Low,Normal
EVT002233,2026-08-24 03:21:01.735196,Brute Force,Oceania,Laptop,5,790,33,0,241,1,-0.18954312372869164,8.161004716861765,Low,Normal
EVT002234,2026-08-24 03:29:01.735196,Unauthorized Access,Asia,Laptop,2,796,14,0,332,1,-0.18317897049266246,9.854550697269618,Low,Normal
EVT002235,2026-08-24 03:37:01.735196,Unauthorized Access,Asia,Firewall,5,478,53,0,341,1,-0.1967146352922844,6.252615001602677,Low,Normal
EVT002236,2026-08-24 03:45:01.735196,Brute Force,Europe,Server,0,275,25,0,193,1,-0.13346666034169719,23.08334640827373,Low,Normal
EVT002237,2026-08-24 03:53:01.735196,Unauthorized Access,Africa,Desktop,91,13265,395,1,872,-1,0.11039722209538627,87.9772423518695,High,Suspicious
EVT002238,2026-08-24 04:01:01.735196,Ransomware,Oceania,Router,2,357,79,0,240,1,-0.196363056343766,6.346172634955774,Low,Normal
EVT002239,2026-08-24 04:09:01.735196,Malware,Oceania,Server,3,739,42,0,496,1,-0.16368383791363345,15.042342724309583,Low,Normal
EVT002240,2026-08-24 04:17:01.735196,Ransomware,Oceania,Firewall,1,690,34,0,481,1,-0.15388491042241276,17.649906315191778,Low,Normal
EVT002241,2026-08-24 04:25:01.735196,Malware,Oceania,Server,2,476,46,0,155,1,-0.2134715448414482,1.7934834001846762,Low,Normal
EVT002242,2026-08-24 04:33:01.735196,Unauthorized Access,Oceania,Server,3,325,63,0,225,1,-0.20922164375186958,2.9244119998670977,Low,Normal
EVT002243,2026-08-24 04:41:01.735196,Phishing,Oceania,Firewall,3,329,91,0,286,1,-0.18325257934322015,9.834962863922257,Low,Normal
EVT002244,2026-08-24 04:49:01.735196,Brute Force,Oceania,Firewall,1,243,32,1,89,1,-0.03074994250422114,50.41698816119955,Medium,Normal
EVT002245,2026-08-24 04:57:01.735196,Phishing,Asia,Desktop,0,407,50,0,175,1,-0.14543021076283724,19.899761416569497,Low,Normal
EVT002246,2026-08-24 05:05:01.735196,Brute Force,Africa,Laptop,3,448,71,0,203,1,-0.20612521399522787,3.74839375729689,Low,Normal
EVT002247,2026-08-24 05:13:01.735196,Unauthorized Access,Oceania,Laptop,4,522,22,0,354,1,-0.19306051580685096,7.225001922057622,Low,Normal
EVT002248,2026-08-24 05:21:01.735196,Unauthorized Access,Africa,Laptop,4,911,27,0,22,1,-0.13276129897586963,23.271048033537795,Low,Normal
EVT002249,2026-08-24 05:29:01.735196,Ransomware,South America,Server,5,365,42,0,83,1,-0.18313579757461496,9.86603931470389,Low,Normal
EVT002250,2026-08-24 05:37:01.735196,DDoS,South America,Server,1,407,74,0,324,1,-0.18136366292936457,10.337616819817178,Low,Normal
EVT002251,2026-08-24 05:45:01.735196,DDoS,Europe,Router,2,348,61,0,273,1,-0.209268018140168,2.9120714486603756,Low,Normal
EVT002252,2026-08-24 05:53:01.735196,Malware,Asia,Firewall,3,854,7,0,402,1,-0.15610251957522125,17.05978490743043,Low,Normal
EVT002253,2026-08-24 06:01:01.735196,Unauthorized Access,Africa,Router,4,992,49,0,328,1,-0.1711688909101427,13.050517426387124,Low,Normal
EVT002254,2026-08-24 06:09:01.735196,Unauthorized Access,South America,Router,2,166,50,0,378,1,-0.18440351095228436,9.528691860072076,Low,Normal
EVT002255,2026-08-24 06:17:01.735196,Brute Force,South America,Router,4,699,93,0,248,1,-0.17591134450366835,11.788517137783556,Low,Normal
EVT002256,2026-08-24 06:25:01.735196,Phishing,Africa,Laptop,2,107,78,0,301,1,-0.1567738332653394,16.881143608371815,Low,Normal
EVT002257,2026-08-24 06:33:01.735196,DDoS,Europe,Firewall,4,721,21,0,421,1,-0.17657964055325198,11.61067885411568,Low,Normal
EVT002258,2026-08-24 06:41:01.735196,Malware,Oceania,Laptop,6,814,6,0,301,1,-0.12557097190836986,25.18444468684965,Low,Normal
EVT002259,2026-08-24 06:49:01.735196,Malware,Oceania,Laptop,6,186,39,0,274,1,-0.15461707935567703,17.45507100750474,Low,Normal
EVT002260,2026-08-24 06:57:01.735196,Ransomware,North America,Firewall,2,331,62,0,406,1,-0.19324439778040936,7.176069634345519,Low,Normal
EVT002261,2026-08-24 07:05:01.735196,Malware,North America,Desktop,5,896,59,0,470,1,-0.14140535383073144,20.970804181614135,Low,Normal
EVT002262,2026-08-24 07:13:01.735196,Malware,Africa,Laptop,3,665,96,0,269,1,-0.179614042097186,10.803203240772467,Low,Normal
EVT002263,2026-08-24 07:21:01.735196,Ransomware,Asia,Desktop,4,587,41,0,22,1,-0.16872011856692853,13.702152986528318,Low,Normal
EVT002264,2026-08-24 07:29:01.735196,Malware,Europe,Laptop,2,876,32,0,228,1,-0.19239010313479504,7.40340345386662,Low,Normal
EVT002265,2026-08-24 07:37:01.735196,DDoS,North America,Desktop,5,708,89,0,109,1,-0.157350861812303,16.727592249683827,Low,Normal
EVT002266,2026-08-24 07:45:01.735196,Phishing,Europe,Router,1,862,6,0,258,1,-0.14525699872526104,19.945854359199277,Low,Normal
EVT002267,2026-08-24 07:53:01.735196,Unauthorized Access,Asia,Server,137,7560,429,1,1707,-1,0.11801090976318807,90.00329824142437,High,Suspicious
EVT002268,2026-08-24 08:01:01.735196,DDoS,South America,Firewall,3,563,17,0,379,1,-0.187048043711115,8.824963075161657,Low,Normal
EVT002269,2026-08-24 08:09:01.735196,DDoS,Asia,Router,4,538,61,0,178,1,-0.2118700043940786,2.2196645882409944,Low,Normal
EVT002270,2026-08-24 08:17:01.735196,Brute Force,Africa,Laptop,5,156,62,0,403,1,-0.163375274593218,15.124453596189994,Low,Normal
EVT002271,2026-08-24 08:25:01.735196,Unauthorized Access,Oceania,Router,5,447,60,0,461,1,-0.172824863807445,12.609851380193607,Low,Normal
EVT002272,2026-08-24 08:33:01.735196,Brute Force,South America,Laptop,4,327,48,0,307,1,-0.20526678511435192,3.9768277259265563,Low,Normal
EVT002273,2026-08-24 08:41:01.735196,Ransomware,North America,Firewall,3,799,22,0,58,1,-0.18181868057338701,10.216533421371281,Low,Normal
EVT002274,2026-08-24 08:49:01.735196,DDoS,South America,Laptop,4,966,69,0,273,1,-0.17189717243365038,12.856716585804081,Low,Normal
EVT002275,2026-08-24 08:57:01.735196,Ransomware,Africa,Server,2,556,9,1,373,1,-0.04331174546010663,47.074203958239515,Medium,Normal
EVT002276,2026-08-24 09:05:01.735196,DDoS,Oceania,Desktop,2,614,26,0,283,1,-0.20669556449050708,3.5966194751763063,Low,Normal
EVT002277,2026-08-24 09:13:01.735196,Phishing,Oceania,Server,3,308,14,0,243,1,-0.18542947594358405,9.255675352987014,Low,Normal
EVT002278,2026-08-24 09:21:01.735196,Brute Force,Asia,Firewall,6,252,70,0,161,1,-0.15750676694683946,16.686104795795323,Low,Normal
EVT002279,2026-08-24 09:29:01.735196,Brute Force,Africa,Server,1,514,15,0,169,1,-0.17698144368981755,11.503756210739722,Low,Normal
EVT002280,2026-08-24 09:37:01.735196,Unauthorized Access,Africa,Firewall,2,859,45,0,431,1,-0.17595734746149333,11.776275426840725,Low,Normal
EVT002281,2026-08-24 09:45:01.735196,Unauthorized Access,Africa,Laptop,3,622,31,0,283,1,-0.21216790672233732,2.1403906814279856,Low,Normal
EVT002282,2026-08-24 09:53:01.735196,Unauthorized Access,North America,Server,4,324,62,0,63,1,-0.18788258102256827,8.602886821354499,Low,Normal
EVT002283,2026-08-24 10:01:01.735196,Unauthorized Access,Europe,Server,3,782,12,0,82,1,-0.17615063587421653,11.724840019444557,Low,Normal
EVT002284,2026-08-24 10:09:01.735196,Phishing,Europe,Firewall,0,383,50,0,225,1,-0.1476476342711362,19.309689410119095,Low,Normal
EVT002285,2026-08-24 10:17:01.735196,Unauthorized Access,Africa,Desktop,1,133,24,0,171,1,-0.14802387221652402,19.20956984409714,Low,Normal
EVT002286,2026-08-24 10:25:01.735196,Malware,South America,Server,5,170,51,0,268,1,-0.1781945364628318,11.180943683541383,Low,Normal
EVT002287,2026-08-24 10:33:01.735196,Phishing,South America,Server,4,958,14,0,88,1,-0.15030381446547558,18.60286116062064,Low,Normal
EVT002288,2026-08-24 10:41:01.735196,Ransomware,South America,Desktop,1,931,99,0,360,1,-0.12727843328717492,24.730077193243982,Low,Normal
EVT002289,2026-08-24 10:49:01.735196,Malware,Africa,Laptop,6,375,62,0,442,1,-0.15130152782279066,18.337362612233328,Low,Normal
EVT002290,2026-08-24 10:57:01.735196,Phishing,Asia,Server,3,593,71,1,197,1,-0.058561875580545264,43.01603697068913,Medium,Normal
EVT002291,2026-08-24 11:05:01.735196,DDoS,Oceania,Laptop,1,691,59,0,455,1,-0.16469577782142403,14.773058390684342,Low,Normal
EVT002292,2026-08-24 11:13:01.735196,Ransomware,Europe,Server,7,665,59,0,355,1,-0.12698898290288096,24.807101978265404,Low,Normal
EVT002293,2026-08-24 11:21:01.735196,Ransomware,South America,Server,6,403,33,0,249,1,-0.1651920355349012,14.641000719422168,Low,Normal
EVT002294,2026-08-24 11:29:01.735196,DDoS,Asia,Desktop,4,435,30,0,96,1,-0.19706841295876532,6.158472273920546,Low,Normal
EVT002295,2026-08-24 11:37:01.735196,Malware,North America,Laptop,4,614,12,0,488,1,-0.1463724981983363,19.649012096181675,Low,Normal
EVT002296,2026-08-24 11:45:01.735196,Unauthorized Access,Africa,Laptop,5,590,35,0,277,1,-0.20001272185078217,5.37497094951413,Low,Normal
EVT002297,2026-08-24 11:53:01.735196,Unauthorized Access,South America,Server,3,600,22,0,89,1,-0.2000099331634706,5.375713038840387,Low,Normal
EVT002298,2026-08-24 12:01:01.735196,Ransomware,South America,Firewall,5,339,82,0,353,1,-0.1768219153737478,11.546207818741813,Low,Normal
EVT002299,2026-08-24 12:09:01.735196,DDoS,North America,Router,2,222,40,0,429,1,-0.18449180314911046,9.505196684910405,Low,Normal
EVT002300,2026-08-24 12:17:01.735196,Malware,Asia,Firewall,2,743,78,0,478,1,-0.1658769869621175,14.458730322510643,Low,Normal
EVT002301,2026-08-24 12:25:01.735196,Brute Force,North America,Laptop,4,560,51,0,413,1,-0.19475533043965332,6.773999816597684,Low,Normal
EVT002302,2026-08-24 12:33:01.735196,Brute Force,Europe,Desktop,3,332,7,0,147,1,-0.1686831599971092,13.711987922149419,Low,Normal
EVT002303,2026-08-24 12:41:01.735196,DDoS,North America,Firewall,3,293,35,0,220,1,-0.20953494464175887,2.8410404273967176,Low,Normal
EVT002304,2026-08-24 12:49:01.735196,Phishing,Asia,Firewall,1,560,48,0,306,1,-0.1982952730801847,5.831996158388035,Low,Normal
EVT002305,2026-08-24 12:57:01.735196,Phishing,Africa,Router,2,915,88,0,117,1,-0.15714939138547168,16.7812049486364,Low,Normal
EVT002306,2026-08-24 13:05:01.735196,Unauthorized Access,South America,Server,5,239,66,0,355,1,-0.1796999371959892,10.78034595027051,Low,Normal
EVT002307,2026-08-24 13:13:01.735196,DDoS,Africa,Desktop,46,5870,748,1,1334,-1,0.08552181720239704,81.35772198440823,High,Suspicious
EVT002308,2026-08-24 13:21:01.735196,Phishing,North America,Server,2,581,95,0,42,1,-0.1596828655823911,16.107029628914386,Low,Normal
EVT002309,2026-08-24 13:29:01.735196,DDoS,Asia,Firewall,1,529,28,0,238,1,-0.18972902065877462,8.11153623503297,Low,Normal
EVT002310,2026-08-24 13:37:01.735196,Brute Force,South America,Desktop,3,287,77,0,371,1,-0.19294066801569637,7.25689426302477,Low,Normal
EVT002311,2026-08-24 13:45:01.735196,Phishing,Africa,Firewall,2,925,36,0,185,1,-0.18512007883103282,9.33800810282474,Low,Normal
EVT002312,2026-08-24 13:53:01.735196,Phishing,Oceania,Firewall,1,388,54,0,349,1,-0.18438632314233155,9.533265657304485,Low,Normal
EVT002313,2026-08-24 14:01:01.735196,Ransomware,North America,Router,0,775,99,0,396,1,-0.10451426481549941,30.787782685669757,Low,Normal
EVT002314,2026-08-24 14:09:01.735196,Phishing,Oceania,Firewall,0,634,11,0,365,1,-0.12271701165161014,25.943903603350353,Low,Normal
EVT002315,2026-08-24 14:17:01.735196,DDoS,Europe,Firewall,5,456,29,0,64,1,-0.1727754938530039,12.622989072639998,Low,Normal
EVT002316,2026-08-24 14:25:01.735196,Ransomware,Oceania,Desktop,1,734,16,0,355,1,-0.1606537778682668,15.848663034319419,Low,Normal
EVT002317,2026-08-24 14:33:01.735196,Brute Force,South America,Desktop,0,576,69,1,190,1,-0.024165284843305268,52.16921192144384,Medium,Normal
EVT002318,2026-08-24 14:41:01.735196,Ransomware,Asia,Laptop,1,470,32,0,25,1,-0.15025112224080056,18.616882932565403,Low,Normal
EVT002319,2026-08-24 14:49:01.735196,Unauthorized Access,Asia,Server,1,665,36,0,463,1,-0.15983890243306775,16.06550712443367,Low,Normal
EVT002320,2026-08-24 14:57:01.735196,Phishing,Oceania,Server,5,920,37,0,268,1,-0.1726459474974521,12.657462269872141,Low,Normal
EVT002321,2026-08-24 15:05:01.735196,Malware,North America,Laptop,4,829,51,0,427,1,-0.1790259061194634,10.959710364982888,Low,Normal
EVT002322,2026-08-24 15:13:01.735196,Brute Force,Oceania,Router,3,479,6,0,324,1,-0.17289926639097303,12.590052328914874,Low,Normal
EVT002323,2026-08-24 15:21:01.735196,Unauthorized Access,North America,Server,3,719,27,0,337,1,-0.1964717965256807,6.317236107006084,Low,Normal
EVT002324,2026-08-24 15:29:01.735196,Brute Force,South America,Server,3,905,21,0,186,1,-0.18834810878960268,8.47900660518276,Low,Normal
EVT002325,2026-08-24 15:37:01.735196,DDoS,Africa,Desktop,4,184,10,0,409,1,-0.14989861369842655,18.710687937387917,Low,Normal
EVT002326,2026-08-24 15:45:01.735196,Brute Force,North America,Server,5,614,5,0,238,1,-0.148216240312734,19.158379339404263,Low,Normal
EVT002327,2026-08-24 15:53:01.735196,Phishing,South America,Server,6,290,70,0,244,1,-0.16285025969050654,15.264163757961013,Low,Normal
EVT002328,2026-08-24 16:01:01.735196,Malware,Asia,Desktop,2,145,93,0,198,1,-0.1589880801112063,16.291916934158614,Low,Normal
EVT002329,2026-08-24 16:09:01.735196,Unauthorized Access,Oceania,Desktop,2,204,85,0,86,1,-0.16821751687491143,13.835898835142238,Low,Normal
EVT002330,2026-08-24 16:17:01.735196,Phishing,Europe,Router,3,411,10,0,475,1,-0.14923526685859428,18.887209201498006,Low,Normal
EVT002331,2026-08-24 16:25:01.735196,Malware,Asia,Router,3,507,58,1,249,1,-0.06260293850597232,41.94068167672983,Medium,Normal
EVT002332,2026-08-24 16:33:01.735196,Brute Force,Africa,Laptop,5,681,96,0,316,1,-0.1613814156037186,15.655033510270378,Low,Normal
EVT002333,2026-08-24 16:41:01.735196,Brute Force,South America,Server,44,7042,998,1,1222,-1,0.09916616689703894,84.98857949579295,High,Suspicious
EVT002334,2026-08-24 16:49:01.735196,Unauthorized Access,Africa,Router,8,636,95,0,405,1,-0.08400464092162607,36.24553799371413,Low,Normal
EVT002335,2026-08-24 16:57:01.735196,Phishing,Oceania,Firewall,6,453,74,0,213,1,-0.16294523276397804,15.238890754489933,Low,Normal
EVT002336,2026-08-24 17:05:01.735196,Unauthorized Access,Africa,Laptop,1,246,80,1,267,1,-0.039451171243096606,48.10152993622977,Medium,Normal
EVT002337,2026-08-24 17:13:01.735196,Phishing,Oceania,Server,4,632,46,0,405,1,-0.19497786206645595,6.714782584059711,Low,Normal
EVT002338,2026-08-24 17:21:01.735196,Unauthorized Access,Europe,Firewall,3,200,33,0,399,1,-0.18466640867845785,9.458732924309983,Low,Normal
EVT002339,2026-08-24 17:29:01.735196,Ransomware,Europe,Server,5,831,31,1,374,1,-0.04007303399691664,47.93604787945981,Medium,Normal
EVT002340,2026-08-24 17:37:01.735196,Brute Force,Oceania,Firewall,1,998,20,0,102,1,-0.13721925962409537,22.084753320538454,Low,Normal
EVT002341,2026-08-24 17:45:01.735196,Brute Force,Africa,Router,0,523,69,0,39,1,-0.12082963709716543,26.446147259601194,Low,Normal
EVT002342,2026-08-24 17:53:01.735196,DDoS,Oceania,Server,64,13503,847,1,1812,-1,0.12712289788324294,92.42806242951474,High,Suspicious
EVT002343,2026-08-24 18:01:01.735196,Ransomware,South America,Router,3,508,68,0,122,1,-0.2052607985243231,3.9784207996794407,Low,Normal
EVT002344,2026-08-24 18:09:01.735196,Brute Force,Africa,Router,0,838,56,0,461,1,-0.12122099252003454,26.342004826392856,Low,Normal
EVT002345,2026-08-24 18:17:01.735196,Unauthorized Access,North America,Laptop,3,858,14,0,122,1,-0.1815212278505094,10.295687685027113,Low,Normal
EVT002346,2026-08-24 18:25:01.735196,DDoS,Africa,Router,103,14952,825,1,1320,-1,0.10946131117044322,87.72818986583194,High,Suspicious
EVT002347,2026-08-24 18:33:01.735196,DDoS,Europe,Desktop,3,451,42,0,167,1,-0.21562142308636922,1.2213856638448166,Low,Normal
EVT002348,2026-08-24 18:41:01.735196,Unauthorized Access,North America,Laptop,6,103,47,0,270,1,-0.13333690514420937,23.117875179815318,Low,Normal
EVT002349,2026-08-24 18:49:01.735196,DDoS,North America,Laptop,1,667,93,0,361,1,-0.16235026446922868,15.397216006361397,Low,Normal
EVT002350,2026-08-24 18:57:01.735196,Ransomware,Asia,Server,1,750,77,0,164,1,-0.1799615247057197,10.71073567232796,Low,Normal
EVT002351,2026-08-24 19:05:01.735196,Malware,North America,Router,4,457,62,0,229,1,-0.2134890007480741,1.7888382605401307,Low,Normal
EVT002352,2026-08-24 19:13:01.735196,Malware,Africa,Desktop,3,684,16,0,189,1,-0.19733202825672802,6.088322387253563,Low,Normal
EVT002353,2026-08-24 19:21:01.735196,Phishing,North America,Router,0,601,74,0,61,1,-0.1302481542349625,23.93981354189346,Low,Normal
EVT002354,2026-08-24 19:29:01.735196,Ransomware,North America,Desktop,5,369,95,0,141,1,-0.1619369346860417,15.507205971552102,Low,Normal
EVT002355,2026-08-24 19:37:01.735196,Phishing,North America,Firewall,4,736,11,0,337,1,-0.1746962637921073,12.111858669424503,Low,Normal
EVT002356,2026-08-24 19:45:01.735196,Malware,Oceania,Router,4,593,45,1,66,1,-0.042883489153436205,47.18816597641344,Medium,Normal
EVT002357,2026-08-24 19:53:01.735196,Malware,North America,Server,2,930,91,0,61,1,-0.1394451042602325,21.4924403926847,Low,Normal
EVT002358,2026-08-24 20:01:01.735196,Brute Force,North America,Laptop,5,635,90,0,471,1,-0.14444504206809178,20.16192174193131,Low,Normal
EVT002359,2026-08-24 20:09:01.735196,DDoS,North America,Desktop,2,101,96,0,80,1,-0.12165695070137417,26.22599328514746,Low,Normal
EVT002360,2026-08-24 20:17:01.735196,DDoS,North America,Server,3,351,35,0,301,1,-0.20326327804441296,4.509975062135398,Low,Normal
EVT002361,2026-08-24 20:25:01.735196,Unauthorized Access,North America,Desktop,4,104,41,0,223,1,-0.16587126492323068,14.460252997342177,Low,Normal
EVT002362,2026-08-24 20:33:01.735196,DDoS,North America,Firewall,3,733,32,0,158,1,-0.20561844325291456,3.88324901954518,Low,Normal
EVT002363,2026-08-24 20:41:01.735196,Phishing,Africa,Firewall,1,500,72,1,354,1,-0.05168230629452897,44.84673879058113,Medium,Normal
EVT002364,2026-08-24 20:49:01.735196,DDoS,South America,Router,46,10734,897,1,1246,-1,0.09885587499202497,84.90600863538145,High,Suspicious
EVT002365,2026-08-24 20:57:01.735196,Unauthorized Access,North America,Desktop,4,411,29,0,328,1,-0.1993586682933638,5.549019205748208,Low,Normal
EVT002366,2026-08-24 21:05:01.735196,Brute Force,North America,Router,2,302,15,0,374,1,-0.16842371562708425,13.781027895528396,Low,Normal
EVT002367,2026-08-24 21:13:01.735196,Unauthorized Access,Europe,Server,9,553,38,0,430,1,-0.09373607963598984,33.655933641481575,Low,Normal
EVT002368,2026-08-24 21:21:01.735196,Unauthorized Access,Oceania,Server,3,132,47,0,274,1,-0.18529562819740014,9.291293180548603,Low,Normal
EVT002369,2026-08-24 21:29:01.735196,Phishing,Africa,Laptop,4,399,39,0,323,1,-0.2012342462817981,5.049914698761792,Low,Normal
EVT002370,2026-08-24 21:37:01.735196,Ransomware,Asia,Router,2,314,43,0,71,1,-0.19604757168791315,6.430125322922995,Low,Normal
EVT002371,2026-08-24 21:45:01.735196,Unauthorized Access,South America,Laptop,3,125,55,0,380,1,-0.1740745384145579,12.277304169401699,Low,Normal
EVT002372,2026-08-24 21:53:01.735196,Malware,North America,Laptop,3,747,70,0,335,1,-0.20119855433453881,5.059412577202505,Low,Normal
EVT002373,2026-08-24 22:01:01.735196,DDoS,Africa,Desktop,1,209,25,0,171,1,-0.1658834579640458,14.457008343340997,Low,Normal
EVT002374,2026-08-24 22:09:01.735196,Unauthorized Access,Europe,Laptop,3,546,26,0,75,1,-0.19760321828830812,6.016156810644079,Low,Normal
EVT002375,2026-08-24 22:17:01.735196,Unauthorized Access,Asia,Desktop,3,420,83,0,77,1,-0.1824907141654396,10.037700551339725,Low,Normal
EVT002376,2026-08-24 22:25:01.735196,Malware,Africa,Firewall,4,557,69,0,287,1,-0.20836690300728078,3.15186452946589,Low,Normal
EVT002377,2026-08-24 22:33:01.735196,Phishing,North America,Laptop,5,205,54,0,367,1,-0.17980510407651945,10.752360302975637,Low,Normal
EVT002378,2026-08-24 22:41:01.735196,Unauthorized Access,North America,Router,3,145,47,0,362,1,-0.1843359223607826,9.546677660101402,Low,Normal
EVT002379,2026-08-24 22:49:01.735196,Phishing,Oceania,Laptop,3,695,76,0,234,1,-0.20056463422984006,5.228103179926293,Low,Normal
EVT002380,2026-08-24 22:57:01.735196,Ransomware,Europe,Router,1,513,99,0,446,1,-0.13788120437446272,21.908605162305832,Low,Normal
EVT002381,2026-08-24 23:05:01.735196,DDoS,Africa,Desktop,3,783,18,0,193,1,-0.19345933007705735,7.118874637061776,Low,Normal
EVT002382,2026-08-24 23:13:01.735196,Unauthorized Access,Asia,Firewall,2,167,47,0,484,1,-0.15678559739492665,16.878013090667952,Low,Normal
EVT002383,2026-08-24 23:21:01.735196,Ransomware,Europe,Server,3,632,58,1,359,1,-0.06314236991783595,41.79713518037969,Medium,Normal
EVT002384,2026-08-24 23:29:01.735196,Malware,South America,Laptop,1,797,68,0,477,1,-0.14581675560603757,19.796899112478002,Low,Normal
EVT002385,2026-08-24 23:37:01.735196,Brute Force,Europe,Laptop,0,343,64,0,312,1,-0.14377894254008367,20.339175515744202,Low,Normal
EVT002386,2026-08-24 23:45:01.735196,Phishing,Europe,Router,2,283,21,0,297,1,-0.18592407817263656,9.124058217785022,Low,Normal
EVT002387,2026-08-24 23:53:01.735196,Ransomware,Oceania,Router,2,880,54,0,10,1,-0.145715266941564,19.82390596058517,Low,Normal
EVT002388,2026-08-25 00:01:01.735196,Phishing,North America,Desktop,6,249,35,0,311,1,-0.15593886745338004,17.10333388918033,Low,Normal
EVT002389,2026-08-25 00:09:01.735196,Ransomware,North America,Firewall,74,13923,504,1,723,-1,0.11429813099677799,89.01530167333411,High,Suspicious
EVT002390,2026-08-25 00:17:01.735196,Ransomware,South America,Laptop,5,778,88,0,99,1,-0.15497827647256113,17.358953911836625,Low,Normal
EVT002391,2026-08-25 00:25:01.735196,Ransomware,North America,Server,4,751,23,0,239,1,-0.1912950817743539,7.694796346944241,Low,Normal
EVT002392,2026-08-25 00:33:01.735196,Ransomware,Europe,Laptop,4,628,28,0,39,1,-0.1788740882402311,11.000110171460257,Low,Normal
EVT002393,2026-08-25 00:41:01.735196,Brute Force,Europe,Desktop,1,870,9,0,373,1,-0.14010525350434933,21.31677003130589,Low,Normal
EVT002394,2026-08-25 00:49:01.735196,Phishing,Europe,Laptop,1,968,76,0,348,1,-0.1427819631357634,20.604478754072485,Low,Normal
EVT002395,2026-08-25 00:57:01.735196,Ransomware,North America,Server,97,5373,734,1,1910,-1,0.1187119659753002,90.18985423497602,High,Suspicious
EVT002396,2026-08-25 01:05:01.735196,Phishing,South America,Server,4,887,14,0,356,1,-0.17006507450059466,13.344250743950148,Low,Normal
EVT002397,2026-08-25 01:13:01.735196,Phishing,Asia,Router,4,778,13,0,34,1,-0.15165944679488597,18.242117853971987,Low,Normal
EVT002398,2026-08-25 01:21:01.735196,Ransomware,Oceania,Laptop,1,422,89,0,279,1,-0.16972658184740397,13.434326021987664,Low,Normal
EVT002399,2026-08-25 01:29:01.735196,Unauthorized Access,South America,Server,4,984,49,0,488,1,-0.13289276677897,23.236063525585788,Low,Normal
EVT002400,2026-08-25 01:37:01.735196,Phishing,Europe,Laptop,2,266,48,0,109,1,-0.19599218969377846,6.444862861457231,Low,Normal
EVT002401,2026-08-25 01:45:01.735196,Brute Force,Asia,Desktop,6,349,17,0,94,1,-0.141669203244974,20.900591994956876,Low,Normal
EVT002402,2026-08-25 01:53:01.735196,Brute Force,Europe,Server,2,670,81,0,281,1,-0.1972331201007782,6.114642543875512,Low,Normal
EVT002403,2026-08-25 02:01:01.735196,Unauthorized Access,Europe,Firewall,4,987,39,0,346,1,-0.17156623039206875,12.944782592935336,Low,Normal
EVT002404,2026-08-25 02:09:01.735196,Phishing,Asia,Laptop,1,426,22,0,240,1,-0.1792767447353948,10.892960443353607,Low,Normal
EVT002405,2026-08-25 02:17:01.735196,Ransomware,Europe,Firewall,2,859,58,1,29,1,-0.026944420184377704,51.4296644417827,Medium,Normal
EVT002406,2026-08-25 02:25:01.735196,DDoS,Europe,Server,2,360,54,0,249,1,-0.2065230073034569,3.6425381574708946,Low,Normal
EVT002407,2026-08-25 02:33:01.735196,Brute Force,Africa,Server,1,232,83,0,401,1,-0.1546698595978605,17.441025813481325,Low,Normal
EVT002408,2026-08-25 02:41:01.735196,DDoS,Oceania,Firewall,1,607,26,0,470,1,-0.15012637382938904,18.650079363083798,Low,Normal
EVT002409,2026-08-25 02:49:01.735196,Unauthorized Access,South America,Laptop,8,515,42,1,179,1,-0.008147258536581603,56.431721490233656,Medium,Normal
EVT002410,2026-08-25 02:57:01.735196,Ransomware,Africa,Router,4,156,50,0,95,1,-0.17500329051244629,12.030156697642262,Low,Normal
EVT002411,2026-08-25 03:05:01.735196,DDoS,South America,Desktop,1,553,69,0,215,1,-0.19303338315589724,7.2322221114930905,Low,Normal
EVT002412,2026-08-25 03:13:01.735196,Brute Force,Africa,Server,1,809,99,0,116,1,-0.13642699354485238,22.295580901860585,Low,Normal
EVT002413,2026-08-25 03:21:01.735196,Phishing,South America,Laptop,8,516,27,0,335,1,-0.10131846780885134,31.638206767882014,Low,Normal
EVT002414,2026-08-25 03:29:01.735196,Ransomware,South America,Router,4,944,96,0,432,1,-0.1338866020111542,22.9715969735982,Low,Normal
EVT002415,2026-08-25 03:37:01.735196,Ransomware,Asia,Firewall,4,477,84,0,242,1,-0.19692103480076428,6.197690639322176,Low,Normal
EVT002416,2026-08-25 03:45:01.735196,Malware,Asia,Router,4,422,80,0,439,1,-0.1798280812901601,10.74624590466389,Low,Normal
EVT002417,2026-08-25 03:53:01.735196,Phishing,Africa,Server,4,156,70,0,275,1,-0.183338237798149,9.812168546021258,Low,Normal
EVT002418,2026-08-25 04:01:01.735196,Unauthorized Access,Asia,Router,1,903,58,0,475,1,-0.13730960457356572,22.060711893446552,Low,Normal
EVT002419,2026-08-25 04:09:01.735196,DDoS,South America,Desktop,5,436,63,1,53,1,-0.031415895466613386,50.23977338952888,Medium,Normal
EVT002420,2026-08-25 04:17:01.735196,Ransomware,Asia,Router,1,992,20,0,198,1,-0.14218719906379856,20.76274966082324,Low,Normal
EVT002421,2026-08-25 04:25:01.735196,DDoS,Europe,Desktop,37,10830,565,1,1599,-1,0.09842713578470463,84.79191811394492,High,Suspicious
EVT002422,2026-08-25 04:33:01.735196,Ransomware,North America,Desktop,2,861,86,0,247,1,-0.1736199091418416,12.39828421950885,Low,Normal
EVT002423,2026-08-25 04:41:01.735196,Unauthorized Access,Africa,Server,5,815,21,0,90,1,-0.16411581534352437,14.927390489049586,Low,Normal
EVT002424,2026-08-25 04:49:01.735196,Phishing,North America,Server,4,203,75,0,180,1,-0.19178755166620665,7.56374664168298,Low,Normal
EVT002425,2026-08-25 04:57:01.735196,Malware,Africa,Laptop,3,416,79,0,404,1,-0.18513258253243697,9.334680779853736,Low,Normal
EVT002426,2026-08-25 05:05:01.735196,Brute Force,Asia,Desktop,4,531,39,0,415,1,-0.1953107383164412,6.62620187045523,Low,Normal
EVT002427,2026-08-25 05:13:01.735196,Brute Force,Asia,Laptop,1,706,90,0,390,1,-0.15834682916846066,16.462558324496538,Low,Normal
EVT002428,2026-08-25 05:21:01.735196,Phishing,Oceania,Firewall,1,204,7,0,447,1,-0.11901498312965575,26.929039455708125,Low,Normal
EVT002429,2026-08-25 05:29:01.735196,Malware,Asia,Desktop,4,529,33,0,148,1,-0.20719376341771262,3.4640452332746645,Low,Normal
EVT002430,2026-08-25 05:37:01.735196,DDoS,South America,Firewall,5,516,84,0,45,1,-0.1562553933859646,17.0191041101441,Low,Normal
EVT002431,2026-08-25 05:45:01.735196,Malware,South America,Firewall,5,124,16,0,261,1,-0.14655255522047028,19.60109765497167,Low,Normal
EVT002432,2026-08-25 05:53:01.735196,Phishing,South America,Laptop,4,151,17,0,88,1,-0.15596560772087115,17.096218115746684,Low,Normal
EVT002433,2026-08-25 06:01:01.735196,Brute Force,Europe,Router,5,302,54,0,277,1,-0.19441541947427105,6.864452517494445,Low,Normal
EVT002434,2026-08-25 06:09:01.735196,Unauthorized Access,Africa,Router,5,890,83,0,241,1,-0.16428482397981586,14.882416101094048,Low,Normal
EVT002435,2026-08-25 06:17:01.735196,DDoS,Asia,Server,4,331,60,0,282,1,-0.20947928752434486,2.855851178172479,Low,Normal
EVT002436,2026-08-25 06:25:01.735196,Phishing,South America,Router,4,216,54,0,68,1,-0.18163102829679406,10.266469013264205,Low,Normal
EVT002437,2026-08-25 06:33:01.735196,DDoS,Africa,Server,7,327,7,0,336,1,-0.10053011407843937,31.847993245636875,Low,Normal
EVT002438,2026-08-25 06:41:01.735196,Unauthorized Access,Europe,Desktop,2,169,35,0,383,1,-0.18327073508891484,9.830131492174562,Low,Normal
EVT002439,2026-08-25 06:49:01.735196,Malware,South America,Desktop,3,544,28,0,201,1,-0.21121786190996972,2.393204294413263,Low,Normal
EVT002440,2026-08-25 06:57:01.735196,DDoS,South America,Router,2,154,32,0,127,1,-0.1801874918282489,10.650604230190902,Low,Normal
EVT002441,2026-08-25 07:05:01.735196,Brute Force,Africa,Desktop,9,798,65,0,102,1,-0.07701480279977158,38.105583127126756,Low,Normal
EVT002442,2026-08-25 07:13:01.735196,Malware,Africa,Server,2,628,58,0,425,1,-0.19217802405076473,7.459839191185888,Low,Normal
EVT002443,2026-08-25 07:21:01.735196,Phishing,Asia,Firewall,2,623,92,0,401,1,-0.1720406659035682,12.818531963250003,Low,Normal
EVT002444,2026-08-25 07:29:01.735196,Unauthorized Access,Africa,Firewall,1,127,84,0,152,1,-0.14518648368664766,19.964618907407502,Low,Normal
EVT002445,2026-08-25 07:37:01.735196,DDoS,Europe,Router,2,673,8,0,108,1,-0.17304882202948874,12.550254520618601,Low,Normal
EVT002446,2026-08-25 07:45:01.735196,DDoS,Europe,Router,2,229,71,0,373,1,-0.1869649167977303,8.847083732035436,Low,Normal
EVT002447,2026-08-25 07:53:01.735196,Unauthorized Access,South America,Desktop,2,657,91,0,487,1,-0.15136911657795438,18.319376768652397,Low,Normal
EVT002448,2026-08-25 08:01:01.735196,Malware,Oceania,Firewall,4,915,53,0,226,1,-0.18700565000773778,8.836244338086415,Low,Normal
EVT002449,2026-08-25 08:09:01.735196,Brute Force,Africa,Router,2,990,35,0,112,1,-0.16477080433638136,14.75309330685973,Low,Normal
EVT002450,2026-08-25 08:17:01.735196,Phishing,North America,Router,132,7415,919,1,1770,-1,0.12368458825186024,91.51310403054651,High,Suspicious
EVT002451,2026-08-25 08:25:01.735196,Phishing,Asia,Firewall,5,196,51,0,112,1,-0.1729220105089017,12.583999959013095,Low,Normal
EVT002452,2026-08-25 08:33:01.735196,Malware,Asia,Firewall,6,381,75,0,462,1,-0.13796904370852692,21.885230497113305,Low,Normal
EVT002453,2026-08-25 08:41:01.735196,Ransomware,South America,Router,58,5711,694,1,1384,-1,0.08327550057935573,80.75996131671434,High,Suspicious
EVT002454,2026-08-25 08:49:01.735196,Malware,Europe,Firewall,4,120,75,0,429,1,-0.1562682116001191,17.015693093116028,Low,Normal
EVT002455,2026-08-25 08:57:01.735196,Brute Force,North America,Router,3,174,86,0,142,1,-0.1709038690351069,13.121041613115706,Low,Normal
EVT002456,2026-08-25 09:05:01.735196,Phishing,Europe,Laptop,5,237,86,0,291,1,-0.16457713409285113,14.804630322121776,Low,Normal
EVT002457,2026-08-25 09:13:01.735196,Brute Force,Oceania,Router,1,230,42,0,410,1,-0.16645898013421756,14.303857842122374,Low,Normal
EVT002458,2026-08-25 09:21:01.735196,Unauthorized Access,Asia,Firewall,3,684,6,0,36,1,-0.1449207601304774,20.035329816425875,Low,Normal
EVT002459,2026-08-25 09:29:01.735196,Brute Force,Oceania,Router,4,982,83,0,242,1,-0.15747079488652688,16.695677214291546,Low,Normal
EVT002460,2026-08-25 09:37:01.735196,Malware,Europe,Router,6,901,39,0,215,1,-0.15173830531399501,18.221133046864896,Low,Normal
EVT002461,2026-08-25 09:45:01.735196,DDoS,Africa,Laptop,1,487,19,0,83,1,-0.1681629517508091,13.850418998810019,Low,Normal
EVT002462,2026-08-25 09:53:01.735196,Unauthorized Access,South America,Router,5,614,74,0,97,1,-0.18631057183253813,9.021209533929666,Low,Normal
EVT002463,2026-08-25 10:01:01.735196,Malware,Oceania,Server,1,812,81,0,279,1,-0.17122409817095136,13.035826385621085,Low,Normal
EVT002464,2026-08-25 10:09:01.735196,DDoS,Asia,Desktop,3,285,38,0,215,1,-0.21029235640349764,2.6394878253404777,Low,Normal
EVT002465,2026-08-25 10:17:01.735196,Phishing,South America,Laptop,2,197,49,0,300,1,-0.1968032469790394,6.229034807921682,Low,Normal
EVT002466,2026-08-25 10:25:01.735196,Unauthorized Access,Oceania,Router,1,340,32,0,89,1,-0.1762819308112683,11.689901512365072,Low,Normal
EVT002467,2026-08-25 10:33:01.735196,Brute Force,Europe,Firewall,3,922,47,0,170,1,-0.18915079848016614,8.265405227504944,Low,Normal
EVT002468,2026-08-25 10:41:01.735196,Brute Force,North America,Laptop,6,284,82,0,170,1,-0.1499567975266728,18.69520481107139,Low,Normal
EVT002469,2026-08-25 10:49:01.735196,Phishing,Asia,Firewall,7,569,21,0,361,1,-0.11818137500230597,27.1508684470838,Low,Normal
EVT002470,2026-08-25 10:57:01.735196,Malware,Oceania,Laptop,0,793,12,0,190,1,-0.13160333016435327,23.57919168650313,Low,Normal
EVT002471,2026-08-25 11:05:01.735196,DDoS,Africa,Server,4,764,32,0,184,1,-0.19979341087098734,5.433331145209634,Low,Normal
EVT002472,2026-08-25 11:13:01.735196,Malware,North America,Firewall,0,409,22,0,399,1,-0.12098433605090408,26.404980778914616,Low,Normal
EVT002473,2026-08-25 11:21:01.735196,Ransomware,South America,Router,4,984,72,0,118,1,-0.16086074790903354,15.793586849380779,Low,Normal
EVT002474,2026-08-25 11:29:01.735196,Phishing,Africa,Server,3,396,12,0,311,1,-0.17939696569235308,10.860968800338968,Low,Normal
EVT002475,2026-08-25 11:37:01.735196,Malware,Oceania,Router,4,333,44,0,70,1,-0.19109415076236175,7.748265503810567,Low,Normal
EVT002476,2026-08-25 11:45:01.735196,Brute Force,South America,Laptop,3,158,61,0,20,1,-0.14357972195323404,20.392189516438535,Low,Normal
EVT002477,2026-08-25 11:53:01.735196,Malware,Asia,Server,3,439,11,0,322,1,-0.1840395789096546,9.62553673873527,Low,Normal
EVT002478,2026-08-25 12:01:01.735196,Phishing,Asia,Router,5,804,20,0,307,1,-0.17209941466147805,12.80289850517283,Low,Normal
EVT002479,2026-08-25 12:09:01.735196,Malware,North America,Firewall,3,935,50,0,494,1,-0.14117442659252233,21.032255545453346,Low,Normal
EVT002480,2026-08-25 12:17:01.735196,Brute Force,South America,Laptop,4,565,91,0,338,1,-0.18331502246796316,9.81834630882205,Low,Normal
EVT002481,2026-08-25 12:25:01.735196,Ransomware,Europe,Laptop,2,756,35,0,377,1,-0.19334696515194416,7.14877573469515,Low,Normal
EVT002482,2026-08-25 12:33:01.735196,Unauthorized Access,North America,Laptop,2,534,88,0,23,1,-0.14598686533509025,19.751631715986903,Low,Normal
EVT002483,2026-08-25 12:41:01.735196,Unauthorized Access,Oceania,Router,1,891,86,0,82,1,-0.140638207903788,21.174947113560872,Low,Normal
EVT002484,2026-08-25 12:49:01.735196,Brute Force,North America,Desktop,2,253,99,0,321,1,-0.1605605862836697,15.873461971059147,Low,Normal
EVT002485,2026-08-25 12:57:01.735196,Ransomware,Europe,Laptop,3,457,38,0,144,1,-0.213537704055749,1.7758779674914835,Low,Normal
EVT002486,2026-08-25 13:05:01.735196,Brute Force,Africa,Laptop,4,513,88,0,370,1,-0.18033200985774367,10.612146965120388,Low,Normal
EVT002487,2026-08-25 13:13:01.735196,Malware,Oceania,Firewall,1,345,31,0,303,1,-0.1795548525712764,10.818953990317429,Low,Normal
EVT002488,2026-08-25 13:21:01.735196,Brute Force,Oceania,Server,5,457,34,0,296,1,-0.1941880165675381,6.924966031916191,Low,Normal
EVT002489,2026-08-25 13:29:01.735196,Ransomware,South America,Server,3,464,58,0,149,1,-0.21069816391049984,2.53149959080015,Low,Normal
EVT002490,2026-08-25 13:37:01.735196,Malware,South America,Laptop,4,769,34,0,339,1,-0.1938170041991535,7.023695035108983,Low,Normal
EVT002491,2026-08-25 13:45:01.735196,Ransomware,Europe,Laptop,2,200,75,0,19,1,-0.1462317739396667,19.686459812127076,Low,Normal
EVT002492,2026-08-25 13:53:01.735196,DDoS,North America,Server,1,745,10,0,342,1,-0.15643314135866565,16.971804123244144,Low,Normal
EVT002493,2026-08-25 14:01:01.735196,Phishing,Oceania,Server,5,681,24,0,408,1,-0.16681589576490963,14.208880080072065,Low,Normal
EVT002494,2026-08-25 14:09:01.735196,Malware,Oceania,Laptop,1,747,61,1,186,1,-0.04913161697136115,45.525495176594134,Medium,Normal
EVT002495,2026-08-25 14:17:01.735196,Malware,South America,Firewall,2,340,40,0,323,1,-0.2051163590100744,4.016857171290217,Low,Normal
EVT002496,2026-08-25 14:25:01.735196,Ransomware,Asia,Firewall,1,689,56,0,488,1,-0.15342783965346662,17.771536064634084,Low,Normal
EVT002497,2026-08-25 14:33:01.735196,Unauthorized Access,Europe,Firewall,2,336,96,0,95,1,-0.16550561715008583,14.557554443974363,Low,Normal
EVT002498,2026-08-25 14:41:01.735196,DDoS,North America,Laptop,6,815,11,0,268,1,-0.1426912377743268,20.62862141146675,Low,Normal
EVT002499,2026-08-25 14:49:01.735196,Ransomware,Asia,Laptop,0,642,66,0,373,1,-0.1433705152661569,20.447860888706586,Low,Normal
EVT002500,2026-08-25 14:57:01.735196,Brute Force,Asia,Server,128,5617,658,1,1798,-1,0.11748320348741004,89.86287188633278,High,Suspicious
EVT002501,2026-08-25 15:05:01.735196,DDoS,Europe,Server,6,883,17,0,160,1,-0.13439504579932637,22.836296502068453,Low,Normal
EVT002502,2026-08-25 15:13:01.735196,Ransomware,Oceania,Firewall,4,641,75,0,459,1,-0.17918708268408412,10.916820146437539,Low,Normal
EVT002503,2026-08-25 15:21:01.735196,Malware,Europe,Router,4,313,42,0,304,1,-0.20223320590929672,4.784084509104763,Low,Normal
EVT002504,2026-08-25 15:29:01.735196,Unauthorized Access,South America,Server,3,573,79,0,330,1,-0.2055272971088386,3.907503650162124,Low,Normal
EVT002505,2026-08-25 15:37:01.735196,Unauthorized Access,Europe,Desktop,6,633,95,0,473,1,-0.12274532325048926,25.936369687572018,Low,Normal
EVT002506,2026-08-25 15:45:01.735196,Unauthorized Access,Asia,Router,4,659,31,0,272,1,-0.20603125370380493,3.773397252334757,Low,Normal
EVT002507,2026-08-25 15:53:01.735196,Brute Force,Europe,Desktop,1,460,10,0,85,1,-0.15178822902317657,18.20784799638358,Low,Normal
EVT002508,2026-08-25 16:01:01.735196,Brute Force,Asia,Router,2,465,31,0,272,1,-0.20973835563657423,2.7869113296417987,Low,Normal
EVT002509,2026-08-25 16:09:01.735196,Malware,Africa,Firewall,4,627,56,0,168,1,-0.20991834420248456,2.7390151051148393,Low,Normal
EVT002510,2026-08-25 16:17:01.735196,Unauthorized Access,Oceania,Laptop,1,909,85,0,122,1,-0.1411603741545427,21.035994998130352,Low,Normal
EVT002511,2026-08-25 16:25:01.735196,Brute Force,North America,Laptop,2,527,96,0,103,1,-0.17171619392994436,12.904876239747736,Low,Normal
EVT002512,2026-08-25 16:33:01.735196,Malware,Asia,Laptop,130,9085,855,1,1218,-1,0.09851747833160862,84.81595890169699,High,Suspicious
EVT002513,2026-08-25 16:41:01.735196,Phishing,Africa,Server,4,921,71,0,198,1,-0.18001253621142438,10.697161151533638,Low,Normal
EVT002514,2026-08-25 16:49:01.735196,Ransomware,South America,Desktop,0,334,73,0,17,1,-0.09889838797190109,32.282207050108155,Low,Normal
EVT002515,2026-08-25 16:57:01.735196,DDoS,Europe,Server,5,207,27,0,153,1,-0.1700360643685359,13.351970544325328,Low,Normal
EVT002516,2026-08-25 17:05:01.735196,Brute Force,Africa,Router,2,484,55,0,136,1,-0.2122978212447184,2.1058195124106316,Low,Normal
EVT002517,2026-08-25 17:13:01.735196,Ransomware,Europe,Desktop,4,936,77,0,274,1,-0.17193076321173223,12.847777843273933,Low,Normal
EVT002518,2026-08-25 17:21:01.735196,Malware,Africa,Router,3,904,56,0,90,1,-0.18814572978025923,8.53286108433832,Low,Normal
EVT002519,2026-08-25 17:29:01.735196,Ransomware,North America,Laptop,5,557,98,0,90,1,-0.15139996224075558,18.311168520624324,Low,Normal
EVT002520,2026-08-25 17:37:01.735196,Ransomware,Asia,Laptop,6,356,63,0,112,1,-0.16277655830071358,15.283776216650368,Low,Normal
EVT002521,2026-08-25 17:45:01.735196,Malware,Oceania,Laptop,3,288,26,0,421,1,-0.182602352539389,10.00799279408603,Low,Normal
EVT002522,2026-08-25 17:53:01.735196,Brute Force,Oceania,Laptop,4,564,39,0,139,1,-0.21022801140977082,2.65661048116663,Low,Normal
EVT002523,2026-08-25 18:01:01.735196,DDoS,Africa,Desktop,2,638,82,0,205,1,-0.19915595855758905,5.602961693535483,Low,Normal
EVT002524,2026-08-25 18:09:01.735196,Brute Force,North America,Server,5,841,80,0,480,1,-0.13933972650794035,21.520482154439964,Low,Normal
EVT002525,2026-08-25 18:17:01.735196,Malware,Europe,Server,4,289,7,0,341,1,-0.16372655612981518,15.030975106242938,Low,Normal
EVT002526,2026-08-25 18:25:01.735196,Phishing,Europe,Laptop,2,653,95,0,117,1,-0.1770338667573832,11.489806063396658,Low,Normal
EVT002527,2026-08-25 18:33:01.735196,Unauthorized Access,Africa,Laptop,6,117,16,1,234,1,-0.012952676256325457,55.15296600436943,Medium,Normal
EVT002528,2026-08-25 18:41:01.735196,Malware,South America,Router,2,352,9,0,80,1,-0.1619388981587676,15.506683477636685,Low,Normal
EVT002529,2026-08-25 18:49:01.735196,Brute Force,Europe,Laptop,4,553,12,0,41,1,-0.1654111493232776,14.582692997751353,Low,Normal
EVT002530,2026-08-25 18:57:01.735196,Unauthorized Access,Europe,Desktop,5,181,68,0,493,1,-0.13787844256792325,21.90934009846939,Low,Normal
EVT002531,2026-08-25 19:05:01.735196,DDoS,Oceania,Laptop,2,922,65,0,488,1,-0.1460935259080005,19.72324858663396,Low,Normal
EVT002532,2026-08-25 19:13:01.735196,DDoS,North America,Desktop,1,173,5,0,105,1,-0.11509050995542847,27.9733693960692,Low,Normal
EVT002533,2026-08-25 19:21:01.735196,Phishing,South America,Router,4,172,88,0,260,1,-0.16933412593301084,13.53876130373812,Low,Normal
EVT002534,2026-08-25 19:29:01.735196,Unauthorized Access,Oceania,Router,2,886,19,0,321,1,-0.17998984851895522,10.703198506223396,Low,Normal
EVT002535,2026-08-25 19:37:01.735196,DDoS,North America,Router,3,427,96,0,446,1,-0.15716142987852177,16.778001420883527,Low,Normal
EVT002536,2026-08-25 19:45:01.735196,Malware,Asia,Firewall,5,661,37,1,267,1,-0.04740659912715761,45.98453456924167,Medium,Normal
EVT002537,2026-08-25 19:53:01.735196,Unauthorized Access,Oceania,Laptop,5,698,64,0,12,1,-0.148272578518802,19.14338734614274,Low,Normal
EVT002538,2026-08-25 20:01:01.735196,DDoS,Asia,Router,5,116,62,0,375,1,-0.15908975741503328,16.26485988779146,Low,Normal
EVT002539,2026-08-25 20:09:01.735196,Unauthorized Access,Africa,Router,3,111,12,0,171,1,-0.146823881249469,19.528895888491657,Low,Normal
EVT002540,2026-08-25 20:17:01.735196,Phishing,Oceania,Router,2,104,34,0,270,1,-0.16265393499559277,15.316407141423833,Low,Normal
EVT002541,2026-08-25 20:25:01.735196,Phishing,North America,Server,1,444,54,0,55,1,-0.17461539146107968,12.133379366060568,Low,Normal
EVT002542,2026-08-25 20:33:01.735196,Brute Force,Oceania,Desktop,3,941,83,0,363,1,-0.16585421428050784,14.464790293409022,Low,Normal
EVT002543,2026-08-25 20:41:01.735196,DDoS,South America,Desktop,6,439,29,0,472,1,-0.1367959918681877,22.197387850234495,Low,Normal
EVT002544,2026-08-25 20:49:01.735196,Ransomware,Oceania,Firewall,7,893,85,0,442,1,-0.08694434807732687,35.46326122373812,Low,Normal
EVT002545,2026-08-25 20:57:01.735196,Malware,North America,Router,3,233,70,0,307,1,-0.19684756722189972,6.21724087927743,Low,Normal
EVT002546,2026-08-25 21:05:01.735196,Phishing,Europe,Router,0,366,30,0,177,1,-0.13892771664851755,21.630120878624624,Low,Normal
EVT002547,2026-08-25 21:13:01.735196,Brute Force,Asia,Firewall,5,935,56,0,184,1,-0.16701749165301777,14.155233994990477,Low,Normal
EVT002548,2026-08-25 21:21:01.735196,Brute Force,Oceania,Desktop,0,614,13,0,92,1,-0.12299535647144783,25.869834087215075,Low,Normal
EVT002549,2026-08-25 21:29:01.735196,Brute Force,South America,Router,1,612,39,0,155,1,-0.1971944751888719,6.124926226997977,Low,Normal
EVT002550,2026-08-25 21:37:01.735196,Phishing,South America,Server,0,301,22,0,231,1,-0.13033770509018067,23.915983428872575,Low,Normal
EVT002551,2026-08-25 21:45:01.735196,Ransomware,Oceania,Server,5,473,56,0,144,1,-0.1938756130416337,7.008098809512655,Low,Normal
EVT002552,2026-08-25 21:53:01.735196,Brute Force,Europe,Desktop,4,684,9,0,397,1,-0.1714836440042442,12.966759412152204,Low,Normal
EVT002553,2026-08-25 22:01:01.735196,Brute Force,Europe,Desktop,0,679,20,0,301,1,-0.1379348015954293,21.894342564476613,Low,Normal
EVT002554,2026-08-25 22:09:01.735196,Unauthorized Access,Oceania,Laptop,3,117,62,0,386,1,-0.17208735488559074,12.806107696438518,Low,Normal
EVT002555,2026-08-25 22:17:01.735196,Malware,Oceania,Router,118,14063,540,1,1556,-1,0.11827118915062351,90.0725604188149,High,Suspicious
EVT002556,2026-08-25 22:25:01.735196,Unauthorized Access,North America,Firewall,3,702,46,0,283,1,-0.2145583533781566,1.504275997321474,Low,Normal
EVT002557,2026-08-25 22:33:01.735196,DDoS,Europe,Router,0,333,74,0,230,1,-0.13675203463845675,22.209085178529367,Low,Normal
EVT002558,2026-08-25 22:41:01.735196,Ransomware,Africa,Firewall,2,193,59,0,302,1,-0.1954004683945742,6.602324064954956,Low,Normal
EVT002559,2026-08-25 22:49:01.735196,DDoS,Africa,Desktop,2,264,57,0,283,1,-0.20249824489975204,4.713555767842551,Low,Normal
EVT002560,2026-08-25 22:57:01.735196,Brute Force,North America,Server,1,237,80,0,28,1,-0.13636233809249448,22.31278617291413,Low,Normal
EVT002561,2026-08-25 23:05:01.735196,Ransomware,Europe,Desktop,3,261,6,0,92,1,-0.14549609331474783,19.882229605686074,Low,Normal
EVT002562,2026-08-25 23:13:01.735196,Brute Force,South America,Desktop,1,961,11,0,208,1,-0.13636264939847403,22.31270333220134,Low,Normal
EVT002563,2026-08-25 23:21:01.735196,Phishing,South America,Server,33,9971,637,1,965,-1,0.08790936870324717,81.99306624739525,High,Suspicious
EVT002564,2026-08-25 23:29:01.735196,Brute Force,South America,Firewall,5,311,21,0,214,1,-0.17565140571803783,11.857688678635917,Low,Normal
EVT002565,2026-08-25 23:37:01.735196,Ransomware,Oceania,Router,6,248,34,0,491,1,-0.11551335170807003,27.860848228841373,Low,Normal
EVT002566,2026-08-25 23:45:01.735196,Ransomware,Europe,Laptop,4,515,86,1,317,1,-0.046557285705021156,46.21054285012698,Medium,Normal
EVT002567,2026-08-25 23:53:01.735196,Phishing,Africa,Server,4,828,78,0,456,1,-0.16782596141150974,13.940094500544603,Low,Normal
EVT002568,2026-08-26 00:01:01.735196,Phishing,Europe,Laptop,6,285,40,0,144,1,-0.16682913242770242,14.20535771091542,Low,Normal
EVT002569,2026-08-26 00:09:01.735196,Phishing,Europe,Desktop,2,530,89,0,447,1,-0.16528581293861683,14.616045892090765,Low,Normal
EVT002570,2026-08-26 00:17:01.735196,DDoS,South America,Firewall,2,294,34,0,125,1,-0.20027992975386233,5.303865045333079,Low,Normal
EVT002571,2026-08-26 00:25:01.735196,Brute Force,Europe,Server,2,110,76,0,165,1,-0.15786770929859584,16.590055494921266,Low,Normal
EVT002572,2026-08-26 00:33:01.735196,DDoS,North America,Desktop,2,264,67,0,478,1,-0.16747331929634113,14.033935050028127,Low,Normal
EVT002573,2026-08-26 00:41:01.735196,Malware,Africa,Laptop,1,608,79,0,394,1,-0.17637653432390793,11.664726851633104,Low,Normal
EVT002574,2026-08-26 00:49:01.735196,Brute Force,North America,Server,1,573,19,0,416,1,-0.15429565663809142,17.540603855503623,Low,Normal
EVT002575,2026-08-26 00:57:01.735196,Malware,Oceania,Firewall,7,590,85,0,447,1,-0.11258526765895582,28.640032008326816,Low,Normal
EVT002576,2026-08-26 01:05:01.735196,Malware,North America,Laptop,2,531,48,0,69,1,-0.20045610758971072,5.25698288290354,Low,Normal
EVT002577,2026-08-26 01:13:01.735196,Malware,South America,Firewall,3,926,13,0,310,1,-0.17063586952075743,13.192358170628546,Low,Normal
EVT002578,2026-08-26 01:21:01.735196,Ransomware,South America,Router,1,581,17,0,429,1,-0.15634903327660143,16.994185876011077,Low,Normal
EVT002579,2026-08-26 01:29:01.735196,Unauthorized Access,South America,Desktop,2,489,8,0,104,1,-0.17075087830810942,13.16175352264036,Low,Normal
EVT002580,2026-08-26 01:37:01.735196,Ransomware,Asia,Laptop,2,672,39,0,253,1,-0.21372359856974688,1.726410128599945,Low,Normal
EVT002581,2026-08-26 01:45:01.735196,Brute Force,South America,Router,3,917,41,0,233,1,-0.19383842017205777,7.0179960939484785,Low,Normal
EVT002582,2026-08-26 01:53:01.735196,Ransomware,Asia,Server,7,704,20,0,272,1,-0.12136740753991959,26.30304275882448,Low,Normal
EVT002583,2026-08-26 02:01:01.735196,Brute Force,South America,Laptop,82,11625,981,1,874,-1,0.11576642399491666,89.40602477707417,High,Suspicious
EVT002584,2026-08-26 02:09:01.735196,Malware,Africa,Desktop,103,6004,588,1,1785,-1,0.10328055554692361,86.08344728125115,High,Suspicious
EVT002585,2026-08-26 02:17:01.735196,Phishing,Asia,Router,6,671,50,0,487,1,-0.13674269901338815,22.211569454083893,Low,Normal
EVT002586,2026-08-26 02:25:01.735196,Brute Force,South America,Firewall,4,724,55,0,346,1,-0.19859208094355468,5.7530134963870605,Low,Normal
EVT002587,2026-08-26 02:33:01.735196,Phishing,North America,Desktop,4,752,30,0,404,1,-0.18447434120890727,9.509843430132348,Low,Normal
EVT002588,2026-08-26 02:41:01.735196,Ransomware,North America,Desktop,58,5721,685,1,1649,-1,0.09386359829632962,83.57752866050991,High,Suspicious
EVT002589,2026-08-26 02:49:01.735196,Phishing,Africa,Router,3,359,13,0,193,1,-0.1894351440711246,8.189738863928369,Low,Normal
EVT002590,2026-08-26 02:57:01.735196,Unauthorized Access,North America,Desktop,5,411,82,0,247,1,-0.18419068403236855,9.585326601785317,Low,Normal
EVT002591,2026-08-26 03:05:01.735196,DDoS,Oceania,Server,3,574,80,0,189,1,-0.2047808628738979,4.106135055054467,Low,Normal
EVT002592,2026-08-26 03:13:01.735196,Ransomware,Africa,Laptop,5,741,93,0,309,1,-0.1617402422039773,15.559547225764959,Low,Normal
EVT002593,2026-08-26 03:21:01.735196,Unauthorized Access,Africa,Firewall,3,840,39,0,337,1,-0.20343966298888455,4.463037786643161,Low,Normal
EVT002594,2026-08-26 03:29:01.735196,DDoS,North America,Desktop,71,12318,564,1,1943,-1,0.1278696940467562,92.62679014614827,High,Suspicious
EVT002595,2026-08-26 03:37:01.735196,Unauthorized Access,South America,Laptop,4,610,26,0,51,1,-0.18097032802850077,10.442286006055634,Low,Normal
EVT002596,2026-08-26 03:45:01.735196,Malware,South America,Firewall,2,863,49,0,84,1,-0.1844533985947372,9.515416407201185,Low,Normal
EVT002597,2026-08-26 03:53:01.735196,Phishing,Europe,Server,1,752,58,0,387,1,-0.1724869018642634,12.699785432561447,Low,Normal
EVT002598,2026-08-26 04:01:01.735196,Brute Force,North America,Laptop,2,682,17,0,288,1,-0.19344330542552896,7.123138909648692,Low,Normal
EVT002599,2026-08-26 04:09:01.735196,Ransomware,South America,Desktop,0,247,80,0,187,1,-0.125535828967347,25.19379647086579,Low,Normal
EVT002600,2026-08-26 04:17:01.735196,Ransomware,Oceania,Router,3,204,39,0,378,1,-0.19369225716402555,7.056891099388625,Low,Normal
EVT002601,2026-08-26 04:25:01.735196,Brute Force,North America,Laptop,2,149,91,0,10,1,-0.11415079312352944,28.22343466074173,Low,Normal
EVT002602,2026-08-26 04:33:01.735196,Brute Force,Oceania,Router,4,939,5,0,289,1,-0.13612068754502482,22.377091084840785,Low,Normal
EVT002603,2026-08-26 04:41:01.735196,Brute Force,Asia,Laptop,6,842,23,0,480,1,-0.11161070907036363,28.89936890974499,Low,Normal
EVT002604,2026-08-26 04:49:01.735196,Unauthorized Access,North America,Desktop,3,324,70,0,269,1,-0.20444080112433022,4.196627880684503,Low,Normal
EVT002605,2026-08-26 04:57:01.735196,Brute Force,Oceania,Router,4,698,30,0,272,1,-0.2007654152909143,5.174673926054893,Low,Normal
EVT002606,2026-08-26 05:05:01.735196,Unauthorized Access,South America,Laptop,1,263,8,0,418,1,-0.13169413901711724,23.555026811478875,Low,Normal
EVT002607,2026-08-26 05:13:01.735196,Malware,Asia,Server,2,254,55,0,90,1,-0.19137106740442172,7.674576035836454,Low,Normal
EVT002608,2026-08-26 05:21:01.735196,Ransomware,Oceania,Firewall,3,132,39,0,59,1,-0.1619587294593357,15.501406228941098,Low,Normal
EVT002609,2026-08-26 05:29:01.735196,Brute Force,North America,Firewall,0,853,28,0,198,1,-0.1334126668960119,23.09771444429006,Low,Normal
EVT002610,2026-08-26 05:37:01.735196,Ransomware,South America,Firewall,3,494,73,0,412,1,-0.19140698345389,7.66501852222022,Low,Normal
EVT002611,2026-08-26 05:45:01.735196,Ransomware,North America,Firewall,4,570,59,0,241,1,-0.21200938124865454,2.18257542601079,Low,Normal
EVT002612,2026-08-26 05:53:01.735196,DDoS,South America,Desktop,3,738,33,0,133,1,-0.2038764289111728,4.346811299844752,Low,Normal
EVT002613,2026-08-26 06:01:01.735196,Brute Force,Europe,Firewall,4,369,92,0,183,1,-0.1814683847548338,10.30974960480728,Low,Normal
EVT002614,2026-08-26 06:09:01.735196,Unauthorized Access,Europe,Server,2,193,11,0,191,1,-0.16444776937956335,14.839055183068686,Low,Normal
EVT002615,2026-08-26 06:17:01.735196,Unauthorized Access,South America,Desktop,2,766,87,0,494,1,-0.14154191225444945,20.93446502367727,Low,Normal
EVT002616,2026-08-26 06:25:01.735196,Ransomware,Europe,Router,7,396,6,0,69,1,-0.08505311601858367,35.96653138904002,Low,Normal
EVT002617,2026-08-26 06:33:01.735196,Phishing,Africa,Desktop,0,483,8,0,119,1,-0.11195352676454634,28.80814270785076,Low,Normal
EVT002618,2026-08-26 06:41:01.735196,Brute Force,Oceania,Server,4,289,72,0,181,1,-0.2027346728137394,4.650640635453416,Low,Normal
EVT002619,2026-08-26 06:49:01.735196,Ransomware,Africa,Server,4,971,56,0,431,1,-0.1554186770624017,17.241760214414107,Low,Normal
EVT002620,2026-08-26 06:57:01.735196,Brute Force,Africa,Router,3,807,53,0,443,1,-0.18432941035681305,9.548410550202886,Low,Normal
EVT002621,2026-08-26 07:05:01.735196,Phishing,South America,Desktop,5,484,69,0,152,1,-0.19102469682283413,7.766747686081822,Low,Normal
EVT002622,2026-08-26 07:13:01.735196,DDoS,North America,Desktop,3,615,37,0,459,1,-0.18747238904982172,8.712041793096494,Low,Normal
EVT002623,2026-08-26 07:21:01.735196,Brute Force,Europe,Laptop,1,984,99,0,143,1,-0.11178040697445724,28.85421110277479,Low,Normal
EVT002624,2026-08-26 07:29:01.735196,Malware,Europe,Router,3,112,25,0,217,1,-0.1612849876746923,15.680693661046924,Low,Normal
EVT002625,2026-08-26 07:37:01.735196,Ransomware,Oceania,Laptop,7,278,45,0,433,1,-0.11708186872609372,27.44345480782238,Low,Normal
EVT002626,2026-08-26 07:45:01.735196,Unauthorized Access,South America,Desktop,2,927,22,0,155,1,-0.17751981922668603,11.360490690159265,Low,Normal
EVT002627,2026-08-26 07:53:01.735196,DDoS,Asia,Router,3,414,67,0,455,1,-0.18042767846983437,10.586688873926075,Low,Normal
EVT002628,2026-08-26 08:01:01.735196,Unauthorized Access,Oceania,Desktop,2,361,74,0,40,1,-0.1751206122071391,11.998936568727576,Low,Normal
EVT002629,2026-08-26 08:09:01.735196,Phishing,Oceania,Firewall,6,380,11,1,413,1,-0.028548672883850434,51.00276150434719,Medium,Normal
EVT002630,2026-08-26 08:17:01.735196,Phishing,Asia,Firewall,5,427,75,0,393,1,-0.18075063314851253,10.500748360295303,Low,Normal
EVT002631,2026-08-26 08:25:01.735196,Malware,Oceania,Desktop,4,935,41,0,210,1,-0.18206852997027234,10.150046737894364,Low,Normal
EVT002632,2026-08-26 08:33:01.735196,Phishing,Africa,Laptop,4,769,20,0,78,1,-0.17280085328173955,12.616240750120426,Low,Normal
EVT002633,2026-08-26 08:41:01.735196,DDoS,Asia,Laptop,2,987,21,0,186,1,-0.16372895096325468,15.030337824204812,Low,Normal
EVT002634,2026-08-26 08:49:01.735196,Brute Force,Europe,Server,5,817,86,0,176,1,-0.1659852111261289,14.429931110557842,Low,Normal
EVT002635,2026-08-26 08:57:01.735196,Unauthorized Access,North America,Laptop,3,907,40,0,263,1,-0.19740304490473942,6.069424357253143,Low,Normal
EVT002636,2026-08-26 09:05:01.735196,DDoS,Oceania,Laptop,5,373,16,0,440,1,-0.15285658834652172,17.92355005908072,Low,Normal
EVT002637,2026-08-26 09:13:01.735196,Malware,Asia,Router,2,740,97,0,389,1,-0.16586897685981145,14.460861867126237,Low,Normal
EVT002638,2026-08-26 09:21:01.735196,Malware,North America,Firewall,2,797,15,0,98,1,-0.1782187416394272,11.174502515642386,Low,Normal
EVT002639,2026-08-26 09:29:01.735196,Unauthorized Access,South America,Laptop,3,895,72,0,495,1,-0.14372097547262447,20.354600960489275,Low,Normal
EVT002640,2026-08-26 09:37:01.735196,DDoS,Europe,Server,1,390,97,0,85,1,-0.14459102247737882,20.123075327302768,Low,Normal
EVT002641,2026-08-26 09:45:01.735196,DDoS,South America,Desktop,2,866,54,0,219,1,-0.1973790719611937,6.075803726302676,Low,Normal
EVT002642,2026-08-26 09:53:01.735196,Phishing,Oceania,Router,4,607,89,0,250,1,-0.18568352979000002,9.18806983589023,Low,Normal
EVT002643,2026-08-26 10:01:01.735196,Brute Force,Oceania,Server,2,632,92,0,86,1,-0.17656520164807504,11.614521148434656,Low,Normal
EVT002644,2026-08-26 10:09:01.735196,Brute Force,South America,Desktop,4,761,34,0,234,1,-0.1996000306255427,5.484790989939484,Low,Normal
EVT002645,2026-08-26 10:17:01.735196,DDoS,Asia,Server,2,932,16,0,389,1,-0.1575669965390536,16.670077277284552,Low,Normal
EVT002646,2026-08-26 10:25:01.735196,Malware,North America,Router,5,245,55,0,213,1,-0.1883931559145166,8.46701924810672,Low,Normal
EVT002647,2026-08-26 10:33:01.735196,Unauthorized Access,Europe,Server,1,108,96,0,346,1,-0.11916042598020943,26.890336089243007,Low,Normal
EVT002648,2026-08-26 10:41:01.735196,Unauthorized Access,South America,Desktop,5,334,73,0,486,1,-0.14782455394623734,19.262609839041772,Low,Normal
EVT002649,2026-08-26 10:49:01.735196,Malware,Africa,Laptop,1,320,73,0,404,1,-0.16848598277216437,13.764458169855404,Low,Normal
EVT002650,2026-08-26 10:57:01.735196,Brute Force,Oceania,Router,4,434,74,0,255,1,-0.20320778633052916,4.524741797867314,Low,Normal
EVT002651,2026-08-26 11:05:01.735196,Phishing,North America,Desktop,1,710,77,0,180,1,-0.181367883743775,10.336493631387592,Low,Normal
EVT002652,2026-08-26 11:13:01.735196,Unauthorized Access,Europe,Router,0,906,14,1,266,1,-0.007343758764805752,56.64553843622515,Medium,Normal
EVT002653,2026-08-26 11:21:01.735196,Malware,South America,Firewall,1,165,42,0,109,1,-0.16489411733925913,14.720278848657594,Low,Normal
EVT002654,2026-08-26 11:29:01.735196,Unauthorized Access,South America,Server,0,656,26,0,263,1,-0.15370741435356233,17.69713926870366,Low,Normal
EVT002655,2026-08-26 11:37:01.735196,Unauthorized Access,Africa,Server,5,106,75,0,156,1,-0.14166752405102084,20.901038840289516,Low,Normal
EVT002656,2026-08-26 11:45:01.735196,Phishing,Oceania,Server,4,450,29,0,211,1,-0.20601653693100058,3.777313489185605,Low,Normal
EVT002657,2026-08-26 11:53:01.735196,Unauthorized Access,Oceania,Laptop,3,116,15,0,401,1,-0.14567484628161986,19.834662182761953,Low,Normal
EVT002658,2026-08-26 12:01:01.735196,DDoS,Asia,Server,142,8726,599,1,783,-1,0.11876297807140557,90.20342891288013,High,Suspicious
EVT002659,2026-08-26 12:09:01.735196,Unauthorized Access,Europe,Laptop,148,5129,414,1,1649,-1,0.13840481248629022,95.43025933123745,High,Suspicious
EVT002660,2026-08-26 12:17:01.735196,Ransomware,North America,Server,5,480,82,0,180,1,-0.18787022033077644,8.606176088460861,Low,Normal
EVT002661,2026-08-26 12:25:01.735196,Unauthorized Access,Asia,Desktop,4,784,30,0,15,1,-0.1467991236722812,19.535484054077244,Low,Normal
EVT002662,2026-08-26 12:33:01.735196,Phishing,South America,Server,3,996,44,0,26,1,-0.13622549283540575,22.34920165923028,Low,Normal
EVT002663,2026-08-26 12:41:01.735196,Malware,Africa,Desktop,1,776,18,0,232,1,-0.17203888220795516,12.819006617210036,Low,Normal
EVT002664,2026-08-26 12:49:01.735196,DDoS,Europe,Firewall,6,338,94,0,394,1,-0.13286380794280456,23.24376967576263,Low,Normal
EVT002665,2026-08-26 12:57:01.735196,Ransomware,Africa,Desktop,2,604,42,1,371,1,-0.060805349589843294,42.419032742524635,Medium,Normal
EVT002666,2026-08-26 13:05:01.735196,Unauthorized Access,Europe,Server,1,967,49,0,384,1,-0.1455394178539382,19.870700640798255,Low,Normal
EVT002667,2026-08-26 13:13:01.735196,Malware,Europe,Server,3,115,52,0,476,1,-0.1512159163409842,18.36014443025576,Low,Normal
EVT002668,2026-08-26 13:21:01.735196,Ransomware,Europe,Laptop,3,843,74,0,488,1,-0.15577668465364503,17.14649187397359,Low,Normal
EVT002669,2026-08-26 13:29:01.735196,Phishing,Africa,Desktop,2,198,17,0,157,1,-0.1719770773492454,12.835453325225338,Low,Normal
EVT002670,2026-08-26 13:37:01.735196,Brute Force,Africa,Router,2,958,64,0,389,1,-0.15824963166566797,16.4884232642702,Low,Normal
EVT002671,2026-08-26 13:45:01.735196,Ransomware,Asia,Router,7,651,28,0,137,1,-0.12264487815629582,25.9630988342808,Low,Normal
EVT002672,2026-08-26 13:53:01.735196,Phishing,South America,Router,3,940,25,0,107,1,-0.17579768212798608,11.818763496147554,Low,Normal
EVT002673,2026-08-26 14:01:01.735196,Ransomware,Oceania,Router,2,594,84,0,294,1,-0.19838962666597548,5.80688800495005,Low,Normal
EVT002674,2026-08-26 14:09:01.735196,Phishing,Africa,Laptop,4,197,48,0,381,1,-0.19114691990283472,7.734223264030472,Low,Normal
EVT002675,2026-08-26 14:17:01.735196,Brute Force,Asia,Laptop,1,280,49,0,278,1,-0.1874327010147916,8.722603058625904,Low,Normal
EVT002676,2026-08-26 14:25:01.735196,Unauthorized Access,Oceania,Firewall,0,681,72,0,391,1,-0.1377763064315926,21.936519243395995,Low,Normal
EVT002677,2026-08-26 14:33:01.735196,DDoS,Europe,Desktop,3,600,79,0,195,1,-0.20861661126991327,3.085415402807253,Low,Normal
EVT002678,2026-08-26 14:41:01.735196,DDoS,South America,Server,3,152,89,0,13,1,-0.12104763457684536,26.38813659553344,Low,Normal
EVT002679,2026-08-26 14:49:01.735196,Phishing,North America,Desktop,1,236,86,0,150,1,-0.1593200234669439,16.2035844702811,Low,Normal
EVT002680,2026-08-26 14:57:01.735196,Malware,Oceania,Firewall,5,151,85,0,16,1,-0.11547665907693988,27.870612396305045,Low,Normal
EVT002681,2026-08-26 15:05:01.735196,Ransomware,Oceania,Server,5,144,28,0,149,1,-0.16049054337814822,15.89210088132775,Low,Normal
EVT002682,2026-08-26 15:13:01.735196,Ransomware,Asia,Laptop,3,665,78,0,251,1,-0.20359441759763347,4.421856495766537,Low,Normal
EVT002683,2026-08-26 15:21:01.735196,Phishing,Asia,Server,4,512,65,0,402,1,-0.1919537619922237,7.519516903791867,Low,Normal
EVT002684,2026-08-26 15:29:01.735196,Phishing,South America,Server,3,988,17,0,446,1,-0.13769919485732557,21.957039176181954,Low,Normal
EVT002685,2026-08-26 15:37:01.735196,Malware,Europe,Firewall,6,383,49,0,234,1,-0.17562082263235496,11.865827053044233,Low,Normal
EVT002686,2026-08-26 15:45:01.735196,Ransomware,Africa,Router,7,934,18,0,307,1,-0.09244785014586188,33.99874057807418,Low,Normal
EVT002687,2026-08-26 15:53:01.735196,Ransomware,Oceania,Firewall,2,567,36,0,341,1,-0.20850699656979516,3.1145846462075686,Low,Normal
EVT002688,2026-08-26 16:01:01.735196,Unauthorized Access,Asia,Firewall,5,283,53,0,122,1,-0.18581882936859345,9.152065665503418,Low,Normal
EVT002689,2026-08-26 16:09:01.735196,Malware,Europe,Desktop,2,584,19,0,140,1,-0.19934799610611054,5.551859149909609,Low,Normal
EVT002690,2026-08-26 16:17:01.735196,DDoS,Europe,Desktop,5,197,61,0,97,1,-0.17124365736546704,13.030621546261697,Low,Normal
EVT002691,2026-08-26 16:25:01.735196,Brute Force,Africa,Firewall,7,720,47,0,102,1,-0.12893382703375095,24.28956526313601,Low,Normal
EVT002692,2026-08-26 16:33:01.735196,DDoS,South America,Firewall,2,703,57,0,268,1,-0.20958263118305603,2.8283507030393333,Low,Normal
EVT002693,2026-08-26 16:41:01.735196,Malware,Oceania,Firewall,2,904,47,0,320,1,-0.18621001273256582,9.047969018378815,Low,Normal
EVT002694,2026-08-26 16:49:01.735196,Brute Force,Europe,Laptop,1,286,56,0,405,1,-0.1729267422579444,12.582740807280828,Low,Normal
EVT002695,2026-08-26 16:57:01.735196,Brute Force,Asia,Server,2,847,83,0,208,1,-0.18291755606154275,9.924114917775348,Low,Normal
EVT002696,2026-08-26 17:05:01.735196,Brute Force,Asia,Laptop,2,800,48,0,469,1,-0.1690323173448821,13.619074693803016,Low,Normal
EVT002697,2026-08-26 17:13:01.735196,DDoS,Oceania,Router,3,871,21,0,78,1,-0.17929340453541004,10.888527153282825,Low,Normal
EVT002698,2026-08-26 17:21:01.735196,Ransomware,South America,Firewall,1,762,85,0,124,1,-0.16115487161105507,15.715318461611405,Low,Normal
EVT002699,2026-08-26 17:29:01.735196,DDoS,Africa,Laptop,3,929,57,0,237,1,-0.18959524697459634,8.147134354173453,Low,Normal
EVT002700,2026-08-26 17:37:01.735196,Malware,Asia,Router,3,787,98,0,450,1,-0.15364108693361822,17.714789462102722,Low,Normal
EVT002701,2026-08-26 17:45:01.735196,Malware,Oceania,Server,3,385,19,0,132,1,-0.19102828854926657,7.765791902392022,Low,Normal
EVT002702,2026-08-26 17:53:01.735196,Phishing,North America,Laptop,3,208,82,0,99,1,-0.1746927764647656,12.11278667178127,Low,Normal
EVT002703,2026-08-26 18:01:01.735196,Malware,Oceania,Desktop,3,145,46,0,429,1,-0.17472019252262133,12.105491065773965,Low,Normal
EVT002704,2026-08-26 18:09:01.735196,DDoS,North America,Router,3,420,99,0,255,1,-0.16971727069114856,13.436803786218737,Low,Normal
EVT002705,2026-08-26 18:17:01.735196,Brute Force,Europe,Router,3,438,32,0,150,1,-0.2087833750700056,3.04103838156819,Low,Normal
EVT002706,2026-08-26 18:25:01.735196,Brute Force,Oceania,Firewall,4,636,15,0,378,1,-0.1820770697875838,10.14777423238658,Low,Normal
EVT002707,2026-08-26 18:33:01.735196,DDoS,North America,Firewall,8,233,17,0,84,1,-0.07065966434075299,39.796730211907125,Low,Normal
EVT002708,2026-08-26 18:41:01.735196,Brute Force,North America,Router,4,914,50,0,221,1,-0.1894495877298617,8.185895304653569,Low,Normal
EVT002709,2026-08-26 18:49:01.735196,Brute Force,Asia,Laptop,1,762,99,0,60,1,-0.12706544913911505,24.78675377447326,Low,Normal
EVT002710,2026-08-26 18:57:01.735196,Brute Force,Africa,Firewall,4,464,48,0,100,1,-0.20178083309576578,4.904464099536989,Low,Normal
EVT002711,2026-08-26 19:05:01.735196,DDoS,Europe,Firewall,134,10406,481,1,796,-1,0.11210127197178288,88.43070202066696,High,Suspicious
EVT002712,2026-08-26 19:13:01.735196,Phishing,North America,Desktop,1,120,60,1,412,1,-0.029501400312373582,50.749234028317034,Medium,Normal
EVT002713,2026-08-26 19:21:01.735196,Unauthorized Access,Asia,Server,1,689,78,0,486,1,-0.1494880393400873,18.819944664628164,Low,Normal
EVT002714,2026-08-26 19:29:01.735196,DDoS,Europe,Desktop,4,852,10,0,444,1,-0.14907837879229796,18.928958220447758,Low,Normal
EVT002715,2026-08-26 19:37:01.735196,Ransomware,Oceania,Laptop,2,289,31,0,61,1,-0.18438680348252695,9.533137835396847,Low,Normal
EVT002716,2026-08-26 19:45:01.735196,Malware,Asia,Desktop,3,665,9,0,363,1,-0.17727742637955568,11.424993133251496,Low,Normal
EVT002717,2026-08-26 19:53:01.735196,Ransomware,Europe,Server,6,845,74,0,307,1,-0.14921919862638278,18.891485071211513,Low,Normal
EVT002718,2026-08-26 20:01:01.735196,Unauthorized Access,South America,Laptop,1,982,58,0,216,1,-0.15492881162676625,17.3721168555403,Low,Normal
EVT002719,2026-08-26 20:09:01.735196,Brute Force,Africa,Server,3,140,90,0,246,1,-0.1661107938138741,14.396512673233664,Low,Normal
EVT002720,2026-08-26 20:17:01.735196,Unauthorized Access,South America,Server,2,628,90,0,354,1,-0.184841280216052,9.41219837704237,Low,Normal
EVT002721,2026-08-26 20:25:01.735196,Unauthorized Access,South America,Desktop,1,244,63,0,63,1,-0.1643152156667233,14.874328659247343,Low,Normal
EVT002722,2026-08-26 20:33:01.735196,Malware,North America,Desktop,5,171,67,0,251,1,-0.1737111183009783,12.374012820140615,Low,Normal
EVT002723,2026-08-26 20:41:01.735196,Phishing,South America,Desktop,2,194,95,0,441,1,-0.15257939293218054,17.997313710321446,Low,Normal
EVT002724,2026-08-26 20:49:01.735196,DDoS,South America,Laptop,46,14940,905,1,1317,-1,0.1219897912771416,91.06210662402697,High,Suspicious
EVT002725,2026-08-26 20:57:01.735196,Unauthorized Access,Europe,Router,2,224,6,0,499,1,-0.1088574267966444,29.632036706175157,Low,Normal
EVT002726,2026-08-26 21:05:01.735196,DDoS,North America,Laptop,4,231,15,0,479,1,-0.1453473180542278,19.92181974990376,Low,Normal
EVT002727,2026-08-26 21:13:01.735196,Ransomware,Europe,Router,1,632,73,0,77,1,-0.18383547902458808,9.679849155035887,Low,Normal
EVT002728,2026-08-26 21:21:01.735196,Ransomware,Asia,Router,3,448,77,0,249,1,-0.20276231358079483,4.643285232746096,Low,Normal
EVT002729,2026-08-26 21:29:01.735196,Unauthorized Access,Asia,Server,3,218,97,0,82,1,-0.15800066874454932,16.554674050304722,Low,Normal
EVT002730,2026-08-26 21:37:01.735196,Brute Force,South America,Laptop,7,612,5,0,441,1,-0.08847366898928766,35.056298162487124,Low,Normal
EVT002731,2026-08-26 21:45:01.735196,Brute Force,South America,Server,8,239,33,1,285,-1,0.0005743752598409424,58.75260964467045,Medium,Suspicious
EVT002732,2026-08-26 21:53:01.735196,Brute Force,Europe,Server,3,551,69,0,359,1,-0.20295202931635714,4.592800539894461,Low,Normal
EVT002733,2026-08-26 22:01:01.735196,Malware,Europe,Router,2,543,88,0,199,1,-0.19061219540434865,7.876517217593683,Low,Normal
EVT002734,2026-08-26 22:09:01.735196,Ransomware,North America,Laptop,1,403,44,0,232,1,-0.19030428975878588,7.958453077565694,Low,Normal
EVT002735,2026-08-26 22:17:01.735196,DDoS,Oceania,Desktop,1,587,87,0,192,1,-0.17788685982183472,11.262818603786245,Low,Normal
EVT002736,2026-08-26 22:25:01.735196,DDoS,Africa,Router,2,583,81,0,44,1,-0.1758896233529635,11.79429728890528,Low,Normal
EVT002737,2026-08-26 22:33:01.735196,Brute Force,Europe,Desktop,4,657,65,0,499,1,-0.1587934391167503,16.34371227307619,Low,Normal
EVT002738,2026-08-26 22:41:01.735196,DDoS,Africa,Router,2,281,90,0,83,1,-0.17097843817145159,13.101198240959913,Low,Normal
EVT002739,2026-08-26 22:49:01.735196,Malware,North America,Laptop,2,532,5,0,104,1,-0.15652665855438125,16.946918539093442,Low,Normal
EVT002740,2026-08-26 22:57:01.735196,Unauthorized Access,North America,Laptop,2,442,50,0,134,1,-0.21060927977678923,2.555152284534086,Low,Normal
EVT002741,2026-08-26 23:05:01.735196,Ransomware,South America,Firewall,2,381,39,0,200,1,-0.20909286276815625,2.9586815262647295,Low,Normal
EVT002742,2026-08-26 23:13:01.735196,DDoS,South America,Desktop,3,601,69,1,247,1,-0.0581021446374701,43.13837461119507,Medium,Normal
EVT002743,2026-08-26 23:21:01.735196,Malware,South America,Laptop,3,362,12,0,252,1,-0.18347190593967522,9.77659851252352,Low,Normal
EVT002744,2026-08-26 23:29:01.735196,Brute Force,Africa,Laptop,1,318,13,0,376,1,-0.14923972787191925,18.886022094446236,Low,Normal
EVT002745,2026-08-26 23:37:01.735196,Malware,Asia,Laptop,3,166,45,0,193,1,-0.19470573385032564,6.787197818182926,Low,Normal
EVT002746,2026-08-26 23:45:01.735196,DDoS,Europe,Router,3,841,10,0,253,1,-0.18382429654143856,9.682824892527817,Low,Normal
EVT002747,2026-08-26 23:53:01.735196,Malware,Oceania,Firewall,3,660,32,0,41,1,-0.1907315399377864,7.844758797047971,Low,Normal
EVT002748,2026-08-27 00:01:01.735196,Phishing,Africa,Laptop,2,857,91,0,335,1,-0.1662866496971191,14.34971618465847,Low,Normal
EVT002749,2026-08-27 00:09:01.735196,Phishing,South America,Server,3,631,37,0,481,1,-0.17929365026523625,10.888461762846106,Low,Normal
EVT002750,2026-08-27 00:17:01.735196,Phishing,Europe,Router,0,109,83,0,97,1,-0.0908188318687928,34.4322338100603,Low,Normal
EVT002751,2026-08-27 00:25:01.735196,Phishing,North America,Server,43,9723,640,1,1807,-1,0.10560077324079942,86.7008735441653,High,Suspicious
EVT002752,2026-08-27 00:33:01.735196,Unauthorized Access,Asia,Laptop,3,902,29,0,351,1,-0.18936235164417392,8.209109441206202,Low,Normal
EVT002753,2026-08-27 00:41:01.735196,DDoS,South America,Server,3,511,79,0,256,1,-0.20664969618861473,3.6088253532274748,Low,Normal
EVT002754,2026-08-27 00:49:01.735196,Brute Force,North America,Desktop,2,976,38,1,272,1,-0.0362597937965391,48.95077794238777,Medium,Normal
EVT002755,2026-08-27 00:57:01.735196,Ransomware,Asia,Desktop,1,341,51,0,185,1,-0.18987758252688097,8.07200287603887,Low,Normal
EVT002756,2026-08-27 01:05:01.735196,Phishing,Asia,Server,2,655,9,0,148,1,-0.1816874789260327,10.2514471034055,Low,Normal
EVT002757,2026-08-27 01:13:01.735196,Malware,North America,Desktop,3,222,39,0,337,1,-0.2005445363349645,5.233451371243949,Low,Normal
EVT002758,2026-08-27 01:21:01.735196,DDoS,Asia,Firewall,3,136,64,0,467,1,-0.1561494899390234,17.047285762946437,Low,Normal
EVT002759,2026-08-27 01:29:01.735196,Phishing,Asia,Router,3,126,28,0,155,1,-0.17033670434712828,13.271968129485193,Low,Normal
EVT002760,2026-08-27 01:37:01.735196,Ransomware,North America,Server,3,141,36,0,134,1,-0.18245203017224454,10.047994634268266,Low,Normal
EVT002761,2026-08-27 01:45:01.735196,Brute Force,Africa,Laptop,3,530,79,0,237,1,-0.20551727733784725,3.9101699817631523,Low,Normal
EVT002762,2026-08-27 01:53:01.735196,Brute Force,Asia,Firewall,2,615,41,0,309,1,-0.21374664963413564,1.7202760780842037,Low,Normal
EVT002763,2026-08-27 02:01:01.735196,Ransomware,Europe,Desktop,4,399,59,0,378,1,-0.19582933006084108,6.48820095633062,Low,Normal
EVT002764,2026-08-27 02:09:01.735196,DDoS,North America,Server,2,505,34,0,72,1,-0.19762060403801052,6.011530340250787,Low,Normal
EVT002765,2026-08-27 02:17:01.735196,Brute Force,Africa,Server,3,420,43,0,268,1,-0.21252458036066346,2.0454773152499,Low,Normal
EVT002766,2026-08-27 02:25:01.735196,Brute Force,Europe,Laptop,63,5379,654,1,1442,-1,0.08581915553473796,81.43684580793692,High,Suspicious
EVT002767,2026-08-27 02:33:01.735196,Malware,North America,Firewall,2,446,84,0,275,1,-0.19444272645798644,6.8571859368837735,Low,Normal
EVT002768,2026-08-27 02:41:01.735196,Ransomware,Oceania,Router,5,214,94,0,135,1,-0.15154786439184875,18.27181071697191,Low,Normal
EVT002769,2026-08-27 02:49:01.735196,Phishing,Africa,Laptop,4,794,5,0,204,1,-0.1554453795963167,17.234654482150706,Low,Normal
EVT002770,2026-08-27 02:57:01.735196,Phishing,South America,Firewall,76,8963,891,1,775,-1,0.09848200588565226,84.80651943409829,High,Suspicious
EVT002771,2026-08-27 03:05:01.735196,Unauthorized Access,Asia,Desktop,3,174,90,0,43,1,-0.14480941906027067,20.064958459060595,Low,Normal
EVT002772,2026-08-27 03:13:01.735196,Brute Force,North America,Router,2,127,95,0,436,1,-0.13495492921303787,22.68730758404238,Low,Normal
EVT002773,2026-08-27 03:21:01.735196,DDoS,Africa,Firewall,3,856,46,0,367,1,-0.1951398853959166,6.6716670354291505,Low,Normal
EVT002774,2026-08-27 03:29:01.735196,Phishing,Africa,Desktop,0,839,87,0,279,1,-0.12881560280772392,24.321025561992645,Low,Normal
EVT002775,2026-08-27 03:37:01.735196,Phishing,Asia,Server,5,878,18,0,369,1,-0.15407477324641522,17.599382481070702,Low,Normal
EVT002776,2026-08-27 03:45:01.735196,Malware,Oceania,Laptop,6,157,29,0,57,1,-0.126420617567304,24.958347995413497,Low,Normal
EVT002777,2026-08-27 03:53:01.735196,DDoS,South America,Firewall,4,516,19,0,173,1,-0.1973005775621421,6.09669163849904,Low,Normal
EVT002778,2026-08-27 04:01:01.735196,Malware,Europe,Router,3,596,91,1,325,1,-0.049371397929498406,45.46168777555093,Medium,Normal
EVT002779,2026-08-27 04:09:01.735196,DDoS,Africa,Router,2,848,86,0,82,1,-0.16934951480984095,13.534666215274333,Low,Normal
EVT002780,2026-08-27 04:17:01.735196,Ransomware,Europe,Laptop,2,330,12,0,141,1,-0.17888907562302564,10.996121923385896,Low,Normal
EVT002781,2026-08-27 04:25:01.735196,Unauthorized Access,Europe,Firewall,41,11396,774,1,875,-1,0.10193155373072982,85.72446840084893,High,Suspicious
EVT002782,2026-08-27 04:33:01.735196,Unauthorized Access,South America,Firewall,3,206,47,0,351,1,-0.20125188300745567,5.045221441899928,Low,Normal
EVT002783,2026-08-27 04:41:01.735196,Unauthorized Access,Asia,Desktop,4,201,21,0,270,1,-0.17569324385785268,11.846555255086331,Low,Normal
EVT002784,2026-08-27 04:49:01.735196,Ransomware,Oceania,Desktop,5,270,81,0,429,1,-0.15995575896665454,16.03441077816408,Low,Normal
EVT002785,2026-08-27 04:57:01.735196,Phishing,Europe,Server,2,225,51,0,421,1,-0.18822404245932045,8.512021529110726,Low,Normal
EVT002786,2026-08-27 05:05:01.735196,Ransomware,North America,Laptop,5,515,33,0,227,1,-0.1997665935518116,5.440467422639017,Low,Normal
EVT002787,2026-08-27 05:13:01.735196,Ransomware,Europe,Desktop,3,947,22,0,98,1,-0.1744998107670513,12.164136202441627,Low,Normal
EVT002788,2026-08-27 05:21:01.735196,Malware,Oceania,Laptop,4,182,37,0,363,1,-0.1879325454638528,8.589590931773824,Low,Normal
EVT002789,2026-08-27 05:29:01.735196,Phishing,Africa,Server,5,762,51,0,366,1,-0.18272272325253297,9.975961299896085,Low,Normal
EVT002790,2026-08-27 05:37:01.735196,Ransomware,Oceania,Firewall,107,9494,887,1,1520,-1,0.09181834677115919,83.03327283087867,High,Suspicious
EVT002791,2026-08-27 05:45:01.735196,Ransomware,North America,Firewall,5,457,62,0,18,1,-0.15341419864925993,17.775166031887572,Low,Normal
EVT002792,2026-08-27 05:53:01.735196,Phishing,South America,Firewall,1,742,98,0,162,1,-0.14904737523272782,18.937208485917655,Low,Normal
EVT002793,2026-08-27 06:01:01.735196,Malware,Oceania,Server,3,692,58,0,28,1,-0.17744198930083033,11.381201781360236,Low,Normal
EVT002794,2026-08-27 06:09:01.735196,Phishing,Oceania,Desktop,4,792,50,0,207,1,-0.2021536003016432,4.80526812173312,Low,Normal
EVT002795,2026-08-27 06:17:01.735196,Malware,Africa,Firewall,2,386,64,0,15,1,-0.1607432912913142,15.824842882262693,Low,Normal
EVT002796,2026-08-27 06:25:01.735196,Brute Force,Oceania,Router,1,811,64,0,312,1,-0.18069421612432007,10.515761327614632,Low,Normal
EVT002797,2026-08-27 06:33:01.735196,Ransomware,Oceania,Firewall,7,126,89,0,154,1,-0.08586667684387461,35.750037125877306,Low,Normal
EVT002798,2026-08-27 06:41:01.735196,DDoS,Europe,Desktop,6,396,59,0,155,1,-0.16491613880012723,14.714418782887218,Low,Normal
EVT002799,2026-08-27 06:49:01.735196,Unauthorized Access,Oceania,Router,2,625,25,0,66,1,-0.18916696851586406,8.261102267166992,Low,Normal
EVT002800,2026-08-27 06:57:01.735196,Phishing,Oceania,Router,3,205,47,0,41,1,-0.1708777038589785,13.128004350689034,Low,Normal
EVT002801,2026-08-27 07:05:01.735196,DDoS,North America,Router,3,389,11,0,323,1,-0.17683645394815556,11.542339001738835,Low,Normal
EVT002802,2026-08-27 07:13:01.735196,Phishing,Europe,Laptop,3,300,77,0,381,1,-0.19259381339581938,7.349194719266625,Low,Normal
EVT002803,2026-08-27 07:21:01.735196,Brute Force,Europe,Desktop,7,464,76,0,423,1,-0.12162787943901598,26.233729352725675,Low,Normal
EVT002804,2026-08-27 07:29:01.735196,Phishing,Europe,Router,120,11140,623,1,938,-1,0.10346607503382865,86.13281532279305,High,Suspicious
EVT002805,2026-08-27 07:37:01.735196,Phishing,North America,Laptop,1,452,54,0,471,1,-0.16225591850909332,15.422322130558786,Low,Normal
EVT002806,2026-08-27 07:45:01.735196,Phishing,South America,Router,3,547,59,0,274,1,-0.21652176832866393,0.9817974563460763,Low,Normal
EVT002807,2026-08-27 07:53:01.735196,Unauthorized Access,Europe,Server,4,208,41,0,76,1,-0.18391288550122437,9.659250746653326,Low,Normal
EVT002808,2026-08-27 08:01:01.735196,DDoS,South America,Server,6,212,42,0,87,1,-0.14872501938553462,19.022989646274446,Low,Normal
EVT002809,2026-08-27 08:09:01.735196,Malware,Oceania,Server,1,501,69,0,383,1,-0.17970373783809024,10.779334572650509,Low,Normal
EVT002810,2026-08-27 08:17:01.735196,Malware,Asia,Laptop,3,403,75,0,162,1,-0.19749614518079595,6.044649718358879,Low,Normal
EVT002811,2026-08-27 08:25:01.735196,Unauthorized Access,North America,Server,3,623,61,0,36,1,-0.18790268206211552,8.597537793217565,Low,Normal
EVT002812,2026-08-27 08:33:01.735196,Malware,Africa,Desktop,3,148,39,0,154,1,-0.1859603003579262,9.114419239271497,Low,Normal
EVT002813,2026-08-27 08:41:01.735196,Malware,Europe,Laptop,4,401,79,0,68,1,-0.1839134973017003,9.65908794223954,Low,Normal
EVT002814,2026-08-27 08:49:01.735196,Unauthorized Access,South America,Laptop,4,482,21,0,91,1,-0.18734715117991468,8.74536847196638,Low,Normal
EVT002815,2026-08-27 08:57:01.735196,DDoS,Europe,Laptop,1,535,82,0,412,1,-0.16440626423713423,14.850099993669593,Low,Normal
EVT002816,2026-08-27 09:05:01.735196,Brute Force,Asia,Firewall,0,153,72,0,353,1,-0.11884921238514279,26.973152217866303,Low,Normal
EVT002817,2026-08-27 09:13:01.735196,Malware,North America,Firewall,4,668,75,0,398,1,-0.18979164989628172,8.094870154015984,Low,Normal
EVT002818,2026-08-27 09:21:01.735196,Unauthorized Access,South America,Laptop,4,267,32,0,321,1,-0.19358438853884086,7.08559569995661,Low,Normal
EVT002819,2026-08-27 09:29:01.735196,Phishing,North America,Laptop,66,14086,791,1,988,-1,0.11097024200134598,88.1297269829651,High,Suspicious
EVT002820,2026-08-27 09:37:01.735196,Phishing,Asia,Desktop,3,139,94,0,192,1,-0.16329359737281518,15.146188479555306,Low,Normal
EVT002821,2026-08-27 09:45:01.735196,Brute Force,South America,Server,5,136,91,1,328,1,-0.021998179050189637,52.745894029642,Medium,Normal
EVT002822,2026-08-27 09:53:01.735196,Malware,Europe,Server,1,716,73,0,273,1,-0.18623044635142494,9.042531488545604,Low,Normal
EVT002823,2026-08-27 10:01:01.735196,Ransomware,Asia,Server,7,451,38,0,206,1,-0.13435603888159742,22.846676517488884,Low,Normal
EVT002824,2026-08-27 10:09:01.735196,Malware,Asia,Server,2,418,86,1,441,1,-0.044637355224462105,46.72144986751395,Medium,Normal
EVT002825,2026-08-27 10:17:01.735196,Unauthorized Access,Europe,Laptop,3,466,82,0,423,1,-0.18379228279340426,9.69134397625986,Low,Normal
EVT002826,2026-08-27 10:25:01.735196,Ransomware,Africa,Laptop,2,349,16,0,131,1,-0.18553969979698087,9.226344009610731,Low,Normal
EVT002827,2026-08-27 10:33:01.735196,Phishing,Oceania,Desktop,4,549,44,0,362,1,-0.20411151946905098,4.284252047331397,Low,Normal
EVT002828,2026-08-27 10:41:01.735196,Ransomware,Asia,Server,5,736,8,0,364,1,-0.14747468108032213,19.35571347180316,Low,Normal
EVT002829,2026-08-27 10:49:01.735196,DDoS,Oceania,Desktop,0,338,56,0,152,1,-0.13998193090599398,21.34958704293216,Low,Normal
EVT002830,2026-08-27 10:57:01.735196,Brute Force,North America,Server,5,386,48,0,167,1,-0.19610338785322107,6.415272248382951,Low,Normal
EVT002831,2026-08-27 11:05:01.735196,Phishing,Oceania,Laptop,3,748,66,0,238,1,-0.20428736038529705,4.2374595415799865,Low,Normal
EVT002832,2026-08-27 11:13:01.735196,DDoS,South America,Router,3,478,15,1,118,1,-0.04365914016698835,46.98175978104343,Medium,Normal
EVT002833,2026-08-27 11:21:01.735196,Malware,Africa,Router,1,629,80,0,20,1,-0.13910931053619757,21.58179746667312,Low,Normal
EVT002834,2026-08-27 11:29:01.735196,Ransomware,Europe,Server,1,672,8,0,401,1,-0.14514946944964763,19.97446865645729,Low,Normal
EVT002835,2026-08-27 11:37:01.735196,Phishing,Europe,Router,0,623,39,0,60,1,-0.13654583152733962,22.263957278088977,Low,Normal
EVT002836,2026-08-27 11:45:01.735196,DDoS,South America,Router,3,637,73,0,60,1,-0.19414450871824596,6.936543776912611,Low,Normal
EVT002837,2026-08-27 11:53:01.735196,DDoS,Africa,Desktop,3,155,97,0,454,1,-0.1400772916449805,21.32421087893833,Low,Normal
EVT002838,2026-08-27 12:01:01.735196,Brute Force,Europe,Router,4,259,14,0,114,1,-0.17106367478227752,13.078516178744529,Low,Normal
EVT002839,2026-08-27 12:09:01.735196,DDoS,Africa,Firewall,4,154,82,0,353,1,-0.1725532589503681,12.682127344788203,Low,Normal
EVT002840,2026-08-27 12:17:01.735196,Unauthorized Access,Europe,Router,4,374,73,0,72,1,-0.19014194246242627,8.001654836068834,Low,Normal
EVT002841,2026-08-27 12:25:01.735196,Brute Force,South America,Firewall,3,618,52,0,352,1,-0.21088617567091705,2.4814683377307865,Low,Normal
EVT002842,2026-08-27 12:33:01.735196,Brute Force,Oceania,Laptop,1,667,36,1,296,1,-0.049323866954585904,45.47433610259815,Medium,Normal
EVT002843,2026-08-27 12:41:01.735196,Phishing,Asia,Server,4,406,33,0,271,1,-0.20052226022294312,5.239379201478983,Low,Normal
EVT002844,2026-08-27 12:49:01.735196,Malware,Asia,Firewall,2,613,62,0,371,1,-0.20484430280095128,4.08925324384188,Low,Normal
EVT002845,2026-08-27 12:57:01.735196,Phishing,North America,Server,1,484,60,0,63,1,-0.177961175604687,11.243042650778417,Low,Normal
EVT002846,2026-08-27 13:05:01.735196,Ransomware,Europe,Desktop,2,731,9,0,25,1,-0.12971738847578757,24.081054047056043,Low,Normal
EVT002847,2026-08-27 13:13:01.735196,Unauthorized Access,South America,Laptop,6,832,99,0,363,1,-0.12530777976119306,25.254481970113474,Low,Normal
EVT002848,2026-08-27 13:21:01.735196,Phishing,North America,Laptop,2,624,28,0,256,1,-0.20654462071306684,3.636786677013041,Low,Normal
EVT002849,2026-08-27 13:29:01.735196,Brute Force,Oceania,Laptop,5,494,82,0,216,1,-0.18728668645497265,8.761458560951406,Low,Normal
EVT002850,2026-08-27 13:37:01.735196,Malware,Oceania,Router,4,342,14,0,57,1,-0.16678995915729194,14.215781993955545,Low,Normal
EVT002851,2026-08-27 13:45:01.735196,Brute Force,North America,Firewall,4,777,10,0,85,1,-0.16340768141495948,15.115829912777187,Low,Normal
EVT002852,2026-08-27 13:53:01.735196,Unauthorized Access,Europe,Server,1,645,23,0,237,1,-0.1822499511683966,10.101769279849401,Low,Normal
EVT002853,2026-08-27 14:01:01.735196,Phishing,North America,Laptop,3,857,74,0,89,1,-0.18494142516982354,9.385549099812879,Low,Normal
EVT002854,2026-08-27 14:09:01.735196,Unauthorized Access,South America,Laptop,1,979,5,0,154,1,-0.11193453213371801,28.813197312838355,Low,Normal
EVT002855,2026-08-27 14:17:01.735196,DDoS,Oceania,Laptop,2,606,35,0,45,1,-0.18888767238299625,8.335424934396931,Low,Normal
EVT002856,2026-08-27 14:25:01.735196,Brute Force,Asia,Router,1,985,73,0,343,1,-0.13953429466479794,21.468706198120106,Low,Normal
EVT002857,2026-08-27 14:33:01.735196,Ransomware,South America,Server,2,827,67,0,91,1,-0.18475541140015717,9.435048673477379,Low,Normal
EVT002858,2026-08-27 14:41:01.735196,Phishing,North America,Server,5,177,27,0,151,1,-0.16773569510084818,13.964115001295857,Low,Normal
EVT002859,2026-08-27 14:49:01.735196,Phishing,Africa,Laptop,2,629,99,1,133,1,-0.029787103783838753,50.67320632317801,Medium,Normal
EVT002860,2026-08-27 14:57:01.735196,DDoS,Oceania,Router,125,6044,763,1,1182,-1,0.09904552641938935,84.95647621536888,High,Suspicious
EVT002861,2026-08-27 15:05:01.735196,Ransomware,Africa,Firewall,3,739,18,0,112,1,-0.18877809549386976,8.364584116026185,Low,Normal
EVT002862,2026-08-27 15:13:01.735196,Phishing,South America,Laptop,4,390,41,0,165,1,-0.206642842531089,3.610649159745533,Low,Normal
EVT002863,2026-08-27 15:21:01.735196,Malware,Africa,Router,2,112,51,0,293,1,-0.171245338351455,13.030174224055985,Low,Normal
EVT002864,2026-08-27 15:29:01.735196,Phishing,Oceania,Laptop,8,467,50,0,130,1,-0.10598338292681975,30.396840013503162,Low,Normal
EVT002865,2026-08-27 15:37:01.735196,Malware,Europe,Router,2,774,66,0,203,1,-0.19938474703075498,5.54207947013139,Low,Normal
EVT002866,2026-08-27 15:45:01.735196,Brute Force,Africa,Firewall,4,409,59,0,318,1,-0.20339999591340385,4.4735934746889106,Low,Normal
EVT002867,2026-08-27 15:53:01.735196,Brute Force,South America,Router,2,253,91,0,162,1,-0.17678397377002647,11.556304346604897,Low,Normal
EVT002868,2026-08-27 16:01:01.735196,Brute Force,South America,Router,4,582,53,0,167,1,-0.21009549753733442,2.691873355533396,Low,Normal
EVT002869,2026-08-27 16:09:01.735196,Ransomware,Oceania,Router,1,116,26,0,90,1,-0.13762664926535617,21.97634406893352,Low,Normal
EVT002870,2026-08-27 16:17:01.735196,Malware,North America,Server,4,623,29,0,475,1,-0.1732963372464139,12.484388978861947,Low,Normal
EVT002871,2026-08-27 16:25:01.735196,Ransomware,North America,Laptop,5,892,37,0,180,1,-0.1756428411575786,11.859967768469511,Low,Normal
EVT002872,2026-08-27 16:33:01.735196,Unauthorized Access,North America,Server,2,601,35,0,109,1,-0.2083394689951275,3.1591649132381736,Low,Normal
EVT002873,2026-08-27 16:41:01.735196,Malware,Asia,Laptop,3,776,62,0,288,1,-0.206903507191111,3.541284458607369,Low,Normal
EVT002874,2026-08-27 16:49:01.735196,Brute Force,North America,Laptop,5,639,93,0,261,1,-0.16771399126338088,13.969890545243176,Low,Normal
EVT002875,2026-08-27 16:57:01.735196,Unauthorized Access,Africa,Server,3,551,81,0,332,1,-0.2027320132889771,4.651348353715996,Low,Normal
EVT002876,2026-08-27 17:05:01.735196,DDoS,North America,Server,3,246,12,0,68,1,-0.1597323014770346,16.093874389315907,Low,Normal
EVT002877,2026-08-27 17:13:01.735196,Ransomware,North America,Desktop,4,584,96,0,344,1,-0.1790452452639476,10.954564082486051,Low,Normal
EVT002878,2026-08-27 17:21:01.735196,DDoS,Africa,Laptop,0,337,50,0,463,1,-0.11715050204356331,27.425190998858028,Low,Normal
EVT002879,2026-08-27 17:29:01.735196,DDoS,Oceania,Desktop,2,766,11,0,135,1,-0.17631966610796507,11.679859884253654,Low,Normal
EVT002880,2026-08-27 17:37:01.735196,Brute Force,Oceania,Server,1,677,60,0,371,1,-0.18671343993956052,8.914003494417646,Low,Normal
EVT002881,2026-08-27 17:45:01.735196,Brute Force,Africa,Server,6,808,15,0,57,1,-0.12654566054819638,24.925073177882446,Low,Normal
EVT002882,2026-08-27 17:53:01.735196,Phishing,North America,Firewall,4,754,20,0,429,1,-0.17408912427262374,12.27342276988442,Low,Normal
EVT002883,2026-08-27 18:01:01.735196,DDoS,Africa,Server,2,738,7,0,216,1,-0.17177310009543983,12.88973310848407,Low,Normal
EVT002884,2026-08-27 18:09:01.735196,Phishing,Oceania,Router,4,462,86,0,22,1,-0.14951837566609338,18.81187195470706,Low,Normal
EVT002885,2026-08-27 18:17:01.735196,Brute Force,North America,Laptop,1,885,9,0,53,1,-0.125461664429887,25.213532176409952,Low,Normal
EVT002886,2026-08-27 18:25:01.735196,Brute Force,Oceania,Laptop,4,729,69,0,315,1,-0.19560067318538282,6.549048160658239,Low,Normal
EVT002887,2026-08-27 18:33:01.735196,Phishing,Africa,Firewall,5,131,28,0,241,1,-0.15970113973492606,16.102166748272893,Low,Normal
EVT002888,2026-08-27 18:41:01.735196,Unauthorized Access,Oceania,Firewall,2,931,81,0,486,1,-0.1353831720521942,22.57334914966877,Low,Normal
EVT002889,2026-08-27 18:49:01.735196,Ransomware,South America,Laptop,2,931,5,0,148,1,-0.13911402940079348,21.58054174358285,Low,Normal
EVT002890,2026-08-27 18:57:01.735196,Ransomware,Africa,Router,1,779,8,0,120,1,-0.1502250464577234,18.62382188201846,Low,Normal
EVT002891,2026-08-27 19:05:01.735196,Brute Force,Oceania,Router,110,12677,913,1,1125,-1,0.11433439717577654,89.02495235888328,High,Suspicious
EVT002892,2026-08-27 19:13:01.735196,Unauthorized Access,Africa,Server,4,295,56,0,141,1,-0.20064522552497238,5.206657268920484,Low,Normal
EVT002893,2026-08-27 19:21:01.735196,Unauthorized Access,Oceania,Router,5,884,95,1,149,1,-0.01870221101713876,53.6229743271945,Medium,Normal
EVT002894,2026-08-27 19:29:01.735196,Malware,Europe,Desktop,5,377,10,0,275,1,-0.1574881967795394,16.69104644804978,Low,Normal
EVT002895,2026-08-27 19:37:01.735196,Malware,South America,Server,2,232,48,0,124,1,-0.19513790235432182,6.672194736758337,Low,Normal
EVT002896,2026-08-27 19:45:01.735196,Phishing,Asia,Laptop,3,404,40,0,310,1,-0.20717020481039394,3.4703143445372087,Low,Normal
EVT002897,2026-08-27 19:53:01.735196,Unauthorized Access,Asia,Desktop,1,308,62,0,35,1,-0.16334452368870833,15.132636628369578,Low,Normal
EVT002898,2026-08-27 20:01:01.735196,Phishing,Oceania,Router,4,670,41,0,346,1,-0.20610894184098222,3.7527238920993176,Low,Normal
EVT002899,2026-08-27 20:09:01.735196,DDoS,Asia,Router,3,436,26,0,228,1,-0.20457664573786488,4.160478672662726,Low,Normal
EVT002900,2026-08-27 20:17:01.735196,Phishing,North America,Firewall,2,953,6,0,278,1,-0.14627022941011164,19.676226540711163,Low,Normal
EVT002901,2026-08-27 20:25:01.735196,Ransomware,Asia,Router,1,956,95,0,463,1,-0.10011669847725246,31.95800604760153,Low,Normal
EVT002902,2026-08-27 20:33:01.735196,Unauthorized Access,Oceania,Laptop,2,493,23,0,332,1,-0.19908596526341754,5.62158740187459,Low,Normal
EVT002903,2026-08-27 20:41:01.735196,Unauthorized Access,Africa,Desktop,5,966,93,0,96,1,-0.1270409376700541,24.793276448953673,Low,Normal
EVT002904,2026-08-27 20:49:01.735196,Brute Force,South America,Firewall,3,959,12,0,452,1,-0.13391570292509875,22.963853015524098,Low,Normal
EVT002905,2026-08-27 20:57:01.735196,Brute Force,North America,Firewall,2,485,45,0,114,1,-0.21031732211498722,2.6328442737518962,Low,Normal
EVT002906,2026-08-27 21:05:01.735196,Malware,Oceania,Laptop,4,923,69,0,203,1,-0.1824896308477924,10.037988829792313,Low,Normal
EVT002907,2026-08-27 21:13:01.735196,Unauthorized Access,North America,Laptop,2,460,26,0,370,1,-0.19451355379403829,6.838338284128567,Low,Normal
EVT002908,2026-08-27 21:21:01.735196,Ransomware,South America,Laptop,2,231,80,0,452,1,-0.1660769570966587,14.40551686189869,Low,Normal
EVT002909,2026-08-27 21:29:01.735196,Malware,Europe,Router,7,627,22,0,421,1,-0.10988183891054237,29.359433430699113,Low,Normal
EVT002910,2026-08-27 21:37:01.735196,Brute Force,North America,Desktop,4,800,15,0,331,1,-0.17910440266295835,10.938821882135052,Low,Normal
EVT002911,2026-08-27 21:45:01.735196,Brute Force,Africa,Router,2,486,32,0,103,1,-0.20874483496023177,3.0512941761053867,Low,Normal
EVT002912,2026-08-27 21:53:01.735196,Phishing,Oceania,Server,4,216,75,0,344,1,-0.18920210994749664,8.25175088481023,Low,Normal
EVT002913,2026-08-27 22:01:01.735196,DDoS,South America,Laptop,2,576,91,0,269,1,-0.18778457554684175,8.628966768414065,Low,Normal
EVT002914,2026-08-27 22:09:01.735196,Malware,Asia,Desktop,3,858,39,0,74,1,-0.1910816477929405,7.751592631995761,Low,Normal
EVT002915,2026-08-27 22:17:01.735196,DDoS,Europe,Router,2,345,39,0,291,1,-0.20424605340197166,4.2484516206483285,Low,Normal
EVT002916,2026-08-27 22:25:01.735196,DDoS,North America,Firewall,7,491,15,0,39,1,-0.0932270256293366,33.79139649644513,Low,Normal
EVT002917,2026-08-27 22:33:01.735196,DDoS,Europe,Laptop,4,142,46,0,312,1,-0.18144644244223046,10.315588608667186,Low,Normal
EVT002918,2026-08-27 22:41:01.735196,Malware,Africa,Router,3,674,97,0,442,1,-0.16568846099093526,14.50889841068468,Low,Normal
EVT002919,2026-08-27 22:49:01.735196,Ransomware,South America,Router,3,493,14,0,482,1,-0.15799806518159804,16.555366876735413,Low,Normal
EVT002920,2026-08-27 22:57:01.735196,Phishing,North America,Router,1,186,59,0,337,1,-0.17303538641491045,12.553829832246006,Low,Normal
EVT002921,2026-08-27 23:05:01.735196,Brute Force,Europe,Server,3,595,86,0,472,1,-0.16828966645777338,13.816699323202108,Low,Normal
EVT002922,2026-08-27 23:13:01.735196,Ransomware,South America,Server,3,646,89,1,148,1,-0.04109427166973856,47.6642893451025,Medium,Normal
EVT002923,2026-08-27 23:21:01.735196,Brute Force,South America,Router,1,494,26,0,91,1,-0.18091328426315906,10.457465753607103,Low,Normal
EVT002924,2026-08-27 23:29:01.735196,Brute Force,Asia,Laptop,5,312,64,0,406,1,-0.17561975584601736,11.866110932398954,Low,Normal
EVT002925,2026-08-27 23:37:01.735196,Malware,South America,Desktop,4,642,82,0,20,1,-0.15354391305359855,17.74064811569017,Low,Normal
EVT002926,2026-08-27 23:45:01.735196,Ransomware,Europe,Laptop,2,770,12,0,139,1,-0.17811002160338413,11.203433682633802,Low,Normal
EVT002927,2026-08-27 23:53:01.735196,DDoS,South America,Router,5,397,81,0,182,1,-0.18428408735983565,9.560471318777184,Low,Normal
EVT002928,2026-08-28 00:01:01.735196,Phishing,Oceania,Router,2,658,98,0,464,1,-0.15007202561334604,18.66454180598993,Low,Normal
EVT002929,2026-08-28 00:09:01.735196,Brute Force,Africa,Router,2,900,31,0,156,1,-0.18849831345379015,8.439036086586022,Low,Normal
EVT002930,2026-08-28 00:17:01.735196,Unauthorized Access,Africa,Laptop,2,227,29,0,348,1,-0.18642380891432642,8.991076349264972,Low,Normal
EVT002931,2026-08-28 00:25:01.735196,Brute Force,Africa,Firewall,3,773,11,0,265,1,-0.186070640087538,9.085057060418634,Low,Normal
EVT002932,2026-08-28 00:33:01.735196,Brute Force,Oceania,Desktop,5,968,71,0,79,1,-0.14683125016759346,19.526934967500786,Low,Normal
EVT002933,2026-08-28 00:41:01.735196,DDoS,Europe,Router,125,5500,892,1,1106,-1,0.11034679691524119,87.96382385643439,High,Suspicious
EVT002934,2026-08-28 00:49:01.735196,Malware,Oceania,Router,5,402,80,0,323,1,-0.18330424130302658,9.821215252712195,Low,Normal
EVT002935,2026-08-28 00:57:01.735196,Brute Force,North America,Router,2,544,11,0,252,1,-0.191039580956554,7.762786913313118,Low,Normal
EVT002936,2026-08-28 01:05:01.735196,Phishing,Oceania,Router,1,988,93,0,63,1,-0.10427929363572341,30.850310170829687,Low,Normal
EVT002937,2026-08-28 01:13:01.735196,Unauthorized Access,North America,Server,4,790,80,0,40,1,-0.16254445260570788,15.34554117613961,Low,Normal
EVT002938,2026-08-28 01:21:01.735196,Phishing,South America,Firewall,7,790,73,0,493,1,-0.09070814168459618,34.461689247345426,Low,Normal
EVT002939,2026-08-28 01:29:01.735196,Unauthorized Access,South America,Laptop,3,583,84,0,436,1,-0.18265358185010766,9.99436031384412,Low,Normal
EVT002940,2026-08-28 01:37:01.735196,Phishing,Oceania,Firewall,2,369,97,0,186,1,-0.1734309244603705,12.448574373720119,Low,Normal
EVT002941,2026-08-28 01:45:01.735196,Ransomware,Asia,Server,4,760,18,0,157,1,-0.18204391078296422,10.156598076958693,Low,Normal
EVT002942,2026-08-28 01:53:01.735196,Ransomware,Africa,Server,5,994,28,0,104,1,-0.14385807789238142,20.31811704137666,Low,Normal
EVT002943,2026-08-28 02:01:01.735196,Brute Force,South America,Router,0,642,57,1,349,1,-0.03212925543937384,50.049943278648946,Medium,Normal
EVT002944,2026-08-28 02:09:01.735196,Ransomware,Africa,Router,0,385,39,0,497,1,-0.10470726392625251,30.736424263564555,Low,Normal
EVT002945,2026-08-28 02:17:01.735196,Ransomware,North America,Laptop,6,934,19,0,127,1,-0.129007217248491,24.270035610318935,Low,Normal
EVT002946,2026-08-28 02:25:01.735196,Ransomware,Europe,Firewall,3,535,84,0,239,1,-0.20063071424852136,5.210518821744996,Low,Normal
EVT002947,2026-08-28 02:33:01.735196,Unauthorized Access,South America,Router,2,199,13,0,58,1,-0.151239772907091,18.353796030062032,Low,Normal
EVT002948,2026-08-28 02:41:01.735196,Brute Force,Oceania,Router,4,654,5,0,140,1,-0.1604602177683072,15.90017073960189,Low,Normal
EVT002949,2026-08-28 02:49:01.735196,Brute Force,Africa,Server,0,900,13,0,321,1,-0.12128504425206454,26.32496020956882,Low,Normal
EVT002950,2026-08-28 02:57:01.735196,Malware,North America,Server,2,290,91,0,248,1,-0.1816015668746197,10.274308905116277,Low,Normal
EVT002951,2026-08-28 03:05:01.735196,DDoS,North America,Router,3,855,57,0,311,1,-0.2001999778434379,5.325140811566781,Low,Normal
EVT002952,2026-08-28 03:13:01.735196,Unauthorized Access,Africa,Server,3,583,10,0,205,1,-0.19275592590908885,7.306055438196668,Low,Normal
EVT002953,2026-08-28 03:21:01.735196,Unauthorized Access,Africa,Server,4,842,62,0,303,1,-0.19465048791825595,6.8018991496437735,Low,Normal
EVT002954,2026-08-28 03:29:01.735196,DDoS,Europe,Laptop,1,794,10,0,389,1,-0.14545081694411172,19.894277966662703,Low,Normal
EVT002955,2026-08-28 03:37:01.735196,Unauthorized Access,South America,Server,4,135,74,0,104,1,-0.164138911655542,14.921244397821257,Low,Normal
EVT002956,2026-08-28 03:45:01.735196,DDoS,North America,Desktop,3,892,78,0,176,1,-0.18493143742018153,9.388206910307414,Low,Normal
EVT002957,2026-08-28 03:53:01.735196,DDoS,South America,Router,2,355,26,0,279,1,-0.19910860207266756,5.61556358756767,Low,Normal
EVT002958,2026-08-28 04:01:01.735196,Ransomware,Europe,Firewall,45,6042,624,1,1607,-1,0.09024633746840893,82.61495008830789,High,Suspicious
EVT002959,2026-08-28 04:09:01.735196,Brute Force,Asia,Desktop,5,848,20,0,51,1,-0.1476103804784391,19.31960290662636,Low,Normal
EVT002960,2026-08-28 04:17:01.735196,DDoS,Oceania,Laptop,3,551,28,0,49,1,-0.18927631376008464,8.232004727878008,Low,Normal
EVT002961,2026-08-28 04:25:01.735196,DDoS,North America,Server,117,6394,332,1,1448,-1,0.10747106641349258,87.19857172447735,High,Suspicious
EVT002962,2026-08-28 04:33:01.735196,Ransomware,Africa,Firewall,93,8065,869,1,1727,-1,0.09622909006006386,84.20700267214757,High,Suspicious
EVT002963,2026-08-28 04:41:01.735196,Phishing,Africa,Router,2,848,23,0,409,1,-0.16760312089684742,13.99939393031664,Low,Normal
EVT002964,2026-08-28 04:49:01.735196,DDoS,Europe,Firewall,3,673,40,0,281,1,-0.21671687692622155,0.9298776849511822,Low,Normal
EVT002965,2026-08-28 04:57:01.735196,Malware,Africa,Router,2,997,99,0,446,1,-0.10950337010117311,29.460146645332035,Low,Normal
EVT002966,2026-08-28 05:05:01.735196,Brute Force,South America,Laptop,2,723,70,0,446,1,-0.18072963622820115,10.506335788610661,Low,Normal
EVT002967,2026-08-28 05:13:01.735196,Ransomware,Africa,Laptop,2,456,53,0,199,1,-0.21411257528206795,1.6229006870148082,Low,Normal
EVT002968,2026-08-28 05:21:01.735196,Malware,Oceania,Laptop,1,249,74,0,353,1,-0.17217312876890567,12.783282662231358,Low,Normal
EVT002969,2026-08-28 05:29:01.735196,Brute Force,Africa,Router,1,209,53,0,44,1,-0.15930178895139901,16.208436803240478,Low,Normal
EVT002970,2026-08-28 05:37:01.735196,Brute Force,Asia,Firewall,4,978,36,0,319,1,-0.16862441308014964,13.72762089033676,Low,Normal
EVT002971,2026-08-28 05:45:01.735196,Ransomware,Europe,Server,4,179,48,0,230,1,-0.1939038174291482,7.000593423433226,Low,Normal
EVT002972,2026-08-28 05:53:01.735196,DDoS,North America,Firewall,4,425,48,0,338,1,-0.20646238575335207,3.658669978735807,Low,Normal
EVT002973,2026-08-28 06:01:01.735196,Unauthorized Access,Oceania,Firewall,1,438,37,0,281,1,-0.19572303169591437,6.516487699589158,Low,Normal
EVT002974,2026-08-28 06:09:01.735196,Malware,Africa,Router,4,364,98,0,325,1,-0.16927498653349876,13.554498714295804,Low,Normal
EVT002975,2026-08-28 06:17:01.735196,Brute Force,Europe,Router,40,10950,762,1,1846,-1,0.11999390708600688,90.5309877895338,High,Suspicious
EVT002976,2026-08-28 06:25:01.735196,Ransomware,Europe,Laptop,4,984,54,0,171,1,-0.16640765649114675,14.317515424867299,Low,Normal
EVT002977,2026-08-28 06:33:01.735196,Phishing,Asia,Laptop,1,818,80,0,391,1,-0.16063039017616865,15.854886663838515,Low,Normal
EVT002978,2026-08-28 06:41:01.735196,Phishing,Oceania,Router,2,729,5,0,320,1,-0.15660851796178904,16.92513517448349,Low,Normal
EVT002979,2026-08-28 06:49:01.735196,Brute Force,North America,Desktop,2,603,19,0,407,1,-0.1772485726512127,11.432671313496815,Low,Normal
EVT002980,2026-08-28 06:57:01.735196,Phishing,Oceania,Server,4,599,95,0,66,1,-0.16682581278070535,14.206241092352002,Low,Normal
EVT002981,2026-08-28 07:05:01.735196,Unauthorized Access,North America,Server,1,129,62,0,65,1,-0.1473141986846649,19.398418967100305,Low,Normal
EVT002982,2026-08-28 07:13:01.735196,Unauthorized Access,North America,Server,5,439,8,0,202,1,-0.1586745054131189,16.37536136891815,Low,Normal
EVT002983,2026-08-28 07:21:01.735196,Ransomware,Europe,Server,4,613,26,0,360,1,-0.19361939634551445,7.076279876142166,Low,Normal
EVT002984,2026-08-28 07:29:01.735196,Ransomware,Europe,Router,3,850,63,0,19,1,-0.15512720157158882,17.319323894537174,Low,Normal
EVT002985,2026-08-28 07:37:01.735196,Malware,South America,Server,2,876,11,0,92,1,-0.1635822376867515,15.069379259959028,Low,Normal
EVT002986,2026-08-28 07:45:01.735196,Brute Force,North America,Laptop,2,832,59,0,494,1,-0.1494636693814867,18.826429682178826,Low,Normal
EVT002987,2026-08-28 07:53:01.735196,DDoS,Asia,Router,3,632,84,0,331,1,-0.1997367998109203,5.448395746841224,Low,Normal
EVT002988,2026-08-28 08:01:01.735196,Phishing,Asia,Server,2,278,82,0,271,1,-0.18891553022105811,8.328011767566593,Low,Normal
EVT002989,2026-08-28 08:09:01.735196,Brute Force,Africa,Firewall,4,496,62,0,160,1,-0.2111995320794786,2.398081991350858,Low,Normal
EVT002990,2026-08-28 08:17:01.735196,Malware,Asia,Desktop,2,223,94,0,342,1,-0.1707752929157168,13.15525662367466,Low,Normal
EVT002991,2026-08-28 08:25:01.735196,Unauthorized Access,Africa,Firewall,1,558,80,0,54,1,-0.16096072661362387,15.766981812228813,Low,Normal
EVT002992,2026-08-28 08:33:01.735196,Unauthorized Access,Oceania,Desktop,41,7568,391,1,776,-1,0.0880000993255714,82.01721030474874,High,Suspicious
EVT002993,2026-08-28 08:41:01.735196,Phishing,Africa,Server,2,896,26,0,115,1,-0.1839710423534356,9.643774798849634,Low,Normal
EVT002994,2026-08-28 08:49:01.735196,Unauthorized Access,Africa,Laptop,2,866,58,0,119,1,-0.18988156564739178,8.070942939629361,Low,Normal
EVT002995,2026-08-28 08:57:01.735196,Ransomware,North America,Laptop,3,134,74,0,326,1,-0.1758666712387057,11.80040500809455,Low,Normal
EVT002996,2026-08-28 09:05:01.735196,Phishing,Europe,Server,69,6560,654,1,1585,-1,0.08010937080273672,79.9174318932732,High,Suspicious
EVT002997,2026-08-28 09:13:01.735196,Phishing,Asia,Desktop,5,734,82,0,371,1,-0.17511478344617404,12.000487643055461,Low,Normal
EVT002998,2026-08-28 09:21:01.735196,Malware,Asia,Firewall,2,900,85,0,462,1,-0.14203105073383226,20.804301830727752,Low,Normal
EVT002999,2026-08-28 09:29:01.735196,DDoS,Oceania,Router,0,124,76,0,397,1,-0.10508279833936762,30.636491912433307,Low,Normal
EVT003000,2026-08-28 09:37:01.735196,DDoS,Europe,Desktop,6,839,76,0,189,1,-0.14769020768534818,19.298360324876022,Low,Normal
EVT003001,2026-08-28 09:45:01.735196,Brute Force,Oceania,Desktop,5,764,71,0,176,1,-0.1810559140460008,10.419510964264415,Low,Normal
EVT003002,2026-08-28 09:53:01.735196,Malware,Africa,Firewall,6,838,39,0,262,1,-0.16139683687088258,15.650929802510719,Low,Normal
EVT003003,2026-08-28 10:01:01.735196,Phishing,Oceania,Router,3,153,11,0,368,1,-0.15249898041515414,18.01871204721465,Low,Normal
EVT003004,2026-08-28 10:09:01.735196,DDoS,South America,Firewall,5,550,26,0,393,1,-0.17657616645838198,11.611603335218575,Low,Normal
EVT003005,2026-08-28 10:17:01.735196,Ransomware,Africa,Server,3,554,78,0,196,1,-0.20759925304589133,3.3561415885271666,Low,Normal
EVT003006,2026-08-28 10:25:01.735196,DDoS,Europe,Firewall,3,688,35,0,343,1,-0.2074988669375522,3.3828550386848475,Low,Normal
EVT003007,2026-08-28 10:33:01.735196,Brute Force,North America,Router,0,264,92,0,60,1,-0.09733993369154714,32.69692270579051,Low,Normal
EVT003008,2026-08-28 10:41:01.735196,Malware,Africa,Desktop,3,365,77,0,41,1,-0.17261525671163647,12.665629304044005,Low,Normal
EVT003009,2026-08-28 10:49:01.735196,Ransomware,Africa,Firewall,0,164,69,0,27,1,-0.08891391513999958,34.939145562404015,Low,Normal
EVT003010,2026-08-28 10:57:01.735196,Malware,North America,Laptop,4,569,96,0,467,1,-0.15557963041854966,17.198929393214772,Low,Normal
EVT003011,2026-08-28 11:05:01.735196,DDoS,Europe,Desktop,4,623,62,0,377,1,-0.2017360837020652,4.916372228241099,Low,Normal
EVT003012,2026-08-28 11:13:01.735196,Phishing,Oceania,Desktop,1,189,20,0,442,1,-0.1365003054166367,22.276072096655575,Low,Normal
EVT003013,2026-08-28 11:21:01.735196,Ransomware,North America,Server,5,673,22,0,114,1,-0.1792751296227711,10.893390236193333,Low,Normal
EVT003014,2026-08-28 11:29:01.735196,Malware,Oceania,Desktop,1,142,48,0,320,1,-0.16227380585019524,15.417562183162822,Low,Normal
EVT003015,2026-08-28 11:37:01.735196,Unauthorized Access,Asia,Laptop,1,488,61,0,356,1,-0.19049494615579854,7.907718068079768,Low,Normal
EVT003016,2026-08-28 11:45:01.735196,DDoS,Asia,Firewall,6,499,74,0,347,1,-0.16516480089612978,14.64824804853393,Low,Normal
EVT003017,2026-08-28 11:53:01.735196,Phishing,North America,Firewall,3,181,52,0,180,1,-0.19516563916292679,6.664813776718541,Low,Normal
EVT003018,2026-08-28 12:01:01.735196,Unauthorized Access,Oceania,Server,2,311,12,0,494,1,-0.13013340778670868,23.970348379600733,Low,Normal
EVT003019,2026-08-28 12:09:01.735196,Brute Force,South America,Router,2,966,78,0,109,1,-0.15926096911964216,16.219299247846838,Low,Normal
EVT003020,2026-08-28 12:17:01.735196,Ransomware,Europe,Laptop,5,428,55,0,371,1,-0.19173404215867074,7.577985898350782,Low,Normal
EVT003021,2026-08-28 12:25:01.735196,DDoS,South America,Server,102,7657,733,1,1287,-1,0.08039063161413196,79.99227737529083,High,Suspicious
EVT003022,2026-08-28 12:33:01.735196,DDoS,North America,Server,6,755,5,1,458,1,-0.005133776093741993,57.233630383503,Medium,Normal
EVT003023,2026-08-28 12:41:01.735196,Unauthorized Access,Asia,Firewall,4,426,61,0,421,1,-0.19095460064071818,7.785400773627287,Low,Normal
EVT003024,2026-08-28 12:49:01.735196,Unauthorized Access,North America,Desktop,3,428,38,0,422,1,-0.19306789193365392,7.223039082786655,Low,Normal
EVT003025,2026-08-28 12:57:01.735196,Unauthorized Access,North America,Router,48,13186,848,1,1205,-1,0.10824818262280411,87.40536781875406,High,Suspicious
EVT003026,2026-08-28 13:05:01.735196,DDoS,North America,Firewall,3,411,84,0,456,1,-0.16994468711125477,13.376286675793233,Low,Normal
EVT003027,2026-08-28 13:13:01.735196,Malware,Asia,Server,2,632,8,0,136,1,-0.1762407912691839,11.700849034140386,Low,Normal
EVT003028,2026-08-28 13:21:01.735196,Malware,South America,Desktop,2,193,64,0,90,1,-0.18401696347056384,9.631554866292365,Low,Normal
EVT003029,2026-08-28 13:29:01.735196,Ransomware,South America,Server,1,719,30,0,374,1,-0.17127793640853112,13.02149965157432,Low,Normal
EVT003030,2026-08-28 13:37:01.735196,Ransomware,South America,Firewall,2,706,20,0,370,1,-0.18154308098331307,10.28987241253973,Low,Normal
EVT003031,2026-08-28 13:45:01.735196,Ransomware,Oceania,Router,74,13425,498,1,1196,-1,0.10154225693360164,85.62087378244318,High,Suspicious
EVT003032,2026-08-28 13:53:01.735196,Brute Force,North America,Desktop,4,105,88,0,117,1,-0.13370151934708174,23.02084877350908,Low,Normal
EVT003033,2026-08-28 14:01:01.735196,Malware,North America,Laptop,1,439,38,0,42,1,-0.17265759471737518,12.65436286265297,Low,Normal
EVT003034,2026-08-28 14:09:01.735196,Malware,Europe,Server,118,6924,733,1,1533,-1,0.09427553367061614,83.68714756367542,High,Suspicious
EVT003035,2026-08-28 14:17:01.735196,Brute Force,Oceania,Router,4,154,9,1,358,1,-0.028271676807514634,51.07647211034133,Medium,Normal
EVT003036,2026-08-28 14:25:01.735196,Malware,Europe,Desktop,6,616,50,0,202,1,-0.1784576625608802,11.110923976415613,Low,Normal
EVT003037,2026-08-28 14:33:01.735196,Unauthorized Access,North America,Server,2,318,60,0,267,1,-0.21104149367032,2.4401371246348003,Low,Normal
EVT003038,2026-08-28 14:41:01.735196,Malware,North America,Server,5,125,51,0,431,1,-0.14930051492413587,18.869846231904226,Low,Normal
EVT003039,2026-08-28 14:49:01.735196,Malware,Asia,Desktop,4,930,28,0,364,1,-0.17314071470498088,12.52580123273615,Low,Normal
EVT003040,2026-08-28 14:57:01.735196,DDoS,Asia,Laptop,3,959,44,0,307,1,-0.17998198712677332,10.705290478028017,Low,Normal
EVT003041,2026-08-28 15:05:01.735196,Unauthorized Access,South America,Server,2,282,32,0,18,1,-0.15890697709557122,16.31349901759277,Low,Normal
EVT003042,2026-08-28 15:13:01.735196,Phishing,Africa,Router,3,645,41,0,279,1,-0.21832825388917648,0.5010789308475132,Low,Normal
EVT003043,2026-08-28 15:21:01.735196,Brute Force,North America,Firewall,4,333,21,0,41,1,-0.16531216607528176,14.609033136895402,Low,Normal
EVT003044,2026-08-28 15:29:01.735196,Unauthorized Access,South America,Router,5,456,68,0,126,1,-0.18746405015305906,8.714260832231737,Low,Normal
EVT003045,2026-08-28 15:37:01.735196,Ransomware,Oceania,Router,1,200,31,0,114,1,-0.16877192718623707,13.688366348192249,Low,Normal
EVT003046,2026-08-28 15:45:01.735196,Ransomware,Asia,Server,2,838,21,0,133,1,-0.18480902773503494,9.420780989301832,Low,Normal
EVT003047,2026-08-28 15:53:01.735196,Phishing,Oceania,Laptop,2,723,53,0,32,1,-0.17646492629124721,11.64120512683548,Low,Normal
EVT003048,2026-08-28 16:01:01.735196,Malware,South America,Server,4,563,9,0,323,1,-0.1786530517025372,11.05892955026081,Low,Normal
EVT003049,2026-08-28 16:09:01.735196,Brute Force,Europe,Router,5,682,90,0,425,1,-0.15491148884318207,17.376726570206248,Low,Normal
EVT003050,2026-08-28 16:17:01.735196,Phishing,South America,Server,9,894,51,0,48,1,-0.05797966016620759,43.17096859130143,Medium,Normal
EVT003051,2026-08-28 16:25:01.735196,Unauthorized Access,Africa,Firewall,6,587,85,0,150,1,-0.15607260283790264,17.067745961847855,Low,Normal
EVT003052,2026-08-28 16:33:01.735196,Ransomware,Oceania,Router,1,252,90,0,326,1,-0.16059252227343512,15.864963579349881,Low,Normal
EVT003053,2026-08-28 16:41:01.735196,Unauthorized Access,North America,Laptop,3,651,89,0,461,1,-0.16177075445681333,15.551427700475864,Low,Normal
EVT003054,2026-08-28 16:49:01.735196,Ransomware,South America,Router,2,884,45,0,207,1,-0.1954117566236625,6.599320187724253,Low,Normal
EVT003055,2026-08-28 16:57:01.735196,Unauthorized Access,Europe,Router,5,372,75,0,216,1,-0.188607527364254,8.4099734961343,Low,Normal
EVT003056,2026-08-28 17:05:01.735196,Ransomware,South America,Laptop,3,351,15,0,452,1,-0.1641429318040386,14.920174608004046,Low,Normal
EVT003057,2026-08-28 17:13:01.735196,Unauthorized Access,Oceania,Server,4,930,82,0,483,1,-0.13982763339752208,21.390646696207035,Low,Normal
EVT003058,2026-08-28 17:21:01.735196,Malware,Oceania,Server,5,232,19,0,425,1,-0.14919866953842303,18.896948006044518,Low,Normal
EVT003059,2026-08-28 17:29:01.735196,DDoS,Europe,Desktop,1,871,57,0,164,1,-0.17845007100269578,11.112944143493845,Low,Normal
EVT003060,2026-08-28 17:37:01.735196,Brute Force,Africa,Router,36,7685,382,1,727,-1,0.0872937454698165,81.82924457092778,High,Suspicious
EVT003061,2026-08-28 17:45:01.735196,Malware,Africa,Server,3,482,47,0,335,1,-0.2154707193293443,1.2614889945592658,Low,Normal
EVT003062,2026-08-28 17:53:01.735196,Phishing,Europe,Router,2,426,97,0,411,1,-0.16100130912467175,15.756182520333878,Low,Normal
EVT003063,2026-08-28 18:01:01.735196,Unauthorized Access,Asia,Server,2,278,62,0,472,1,-0.17730788946462928,11.416886691850126,Low,Normal
EVT003064,2026-08-28 18:09:01.735196,Ransomware,North America,Server,1,502,13,0,360,1,-0.16419987074794268,14.905022754175087,Low,Normal
EVT003065,2026-08-28 18:17:01.735196,Brute Force,South America,Laptop,6,839,23,0,257,1,-0.15071935999998848,18.49228156840299,Low,Normal
EVT003066,2026-08-28 18:25:01.735196,DDoS,Europe,Firewall,1,868,96,0,392,1,-0.13860436937806336,21.716165863690886,Low,Normal
EVT003067,2026-08-28 18:33:01.735196,Unauthorized Access,South America,Firewall,3,327,13,0,155,1,-0.18487210194518344,9.403996497932319,Low,Normal
EVT003068,2026-08-28 18:41:01.735196,Brute Force,North America,Laptop,2,803,48,0,485,1,-0.16071554588925624,15.832226129080833,Low,Normal
EVT003069,2026-08-28 18:49:01.735196,Phishing,North America,Server,1,603,65,0,61,1,-0.17549768351299821,11.898595239617265,Low,Normal
EVT003070,2026-08-28 18:57:01.735196,Unauthorized Access,Asia,Laptop,2,150,99,0,401,1,-0.1408665495439147,21.11418379557427,Low,Normal
EVT003071,2026-08-28 19:05:01.735196,Malware,Asia,Laptop,7,294,75,0,82,1,-0.1159313052949652,27.74962783693186,Low,Normal
EVT003072,2026-08-28 19:13:01.735196,Brute Force,Oceania,Router,2,757,17,0,239,1,-0.18853483915168273,8.429316341232093,Low,Normal
EVT003073,2026-08-28 19:21:01.735196,Malware,Europe,Desktop,2,662,91,0,386,1,-0.1752228122743546,11.97174041134243,Low,Normal
EVT003074,2026-08-28 19:29:01.735196,Phishing,Europe,Desktop,1,282,30,0,249,1,-0.17777067241636169,11.293736890354033,Low,Normal
EVT003075,2026-08-28 19:37:01.735196,Brute Force,Africa,Desktop,3,850,7,1,237,1,-0.031074791047063788,50.33054367698161,Medium,Normal
EVT003076,2026-08-28 19:45:01.735196,Malware,Europe,Firewall,5,771,85,0,215,1,-0.17170214260039895,12.908615397462592,Low,Normal
EVT003077,2026-08-28 19:53:01.735196,Unauthorized Access,South America,Desktop,2,214,28,0,240,1,-0.1869004027672161,8.864251369740753,Low,Normal
EVT003078,2026-08-28 20:01:01.735196,Brute Force,Europe,Laptop,4,423,43,0,306,1,-0.2059161122515667,3.804037203383146,Low,Normal
EVT003079,2026-08-28 20:09:01.735196,Malware,Europe,Laptop,4,371,72,0,287,1,-0.2027467057431966,4.647438588211787,Low,Normal
EVT003080,2026-08-28 20:17:01.735196,DDoS,Europe,Server,3,902,61,0,342,1,-0.19172763198924186,7.579691689564064,Low,Normal
EVT003081,2026-08-28 20:25:01.735196,DDoS,Asia,Server,4,646,73,0,148,1,-0.20203710526281782,4.83626827170174,Low,Normal
EVT003082,2026-08-28 20:33:01.735196,Ransomware,North America,Laptop,3,670,6,0,415,1,-0.16230863139489887,15.40829486054173,Low,Normal
EVT003083,2026-08-28 20:41:01.735196,Malware,Africa,Desktop,1,319,33,0,131,1,-0.1845885387825476,9.479454651823861,Low,Normal
EVT003084,2026-08-28 20:49:01.735196,Unauthorized Access,North America,Router,0,686,79,0,348,1,-0.14062847544500545,21.17753698936043,Low,Normal
EVT003085,2026-08-28 20:57:01.735196,DDoS,North America,Server,6,182,51,0,280,1,-0.15672771536908459,16.89341590524,Low,Normal
EVT003086,2026-08-28 21:05:01.735196,Unauthorized Access,Oceania,Desktop,2,240,84,0,465,1,-0.1567439139696546,16.889105343588493,Low,Normal
EVT003087,2026-08-28 21:13:01.735196,Unauthorized Access,Africa,Laptop,3,309,18,0,58,1,-0.1713669953801253,12.99780043224869,Low,Normal
EVT003088,2026-08-28 21:21:01.735196,Malware,North America,Desktop,3,544,94,0,173,1,-0.18520444231470562,9.31555838589171,Low,Normal
EVT003089,2026-08-28 21:29:01.735196,Ransomware,South America,Router,0,817,36,0,260,1,-0.15601937805870914,17.081909450299225,Low,Normal
EVT003090,2026-08-28 21:37:01.735196,Unauthorized Access,Asia,Router,4,684,45,1,108,1,-0.048609735213740124,45.66437158639892,Medium,Normal
EVT003091,2026-08-28 21:45:01.735196,DDoS,North America,Desktop,4,594,89,0,242,1,-0.18760286102417117,8.677322282185838,Low,Normal
EVT003092,2026-08-28 21:53:01.735196,Ransomware,Africa,Firewall,4,192,10,0,360,1,-0.1595110142006103,16.152760491457844,Low,Normal
EVT003093,2026-08-28 22:01:01.735196,Ransomware,Oceania,Firewall,1,585,99,0,444,1,-0.14063131151891395,21.176782290127125,Low,Normal
EVT003094,2026-08-28 22:09:01.735196,Malware,Europe,Router,4,419,18,1,165,1,-0.05384720386551478,44.27064430583781,Medium,Normal
EVT003095,2026-08-28 22:17:01.735196,Brute Force,Europe,Desktop,3,824,37,0,480,1,-0.16999668819260283,13.362448821953492,Low,Normal
EVT003096,2026-08-28 22:25:01.735196,Phishing,Africa,Router,2,701,94,0,126,1,-0.1717127299378745,12.90579803242439,Low,Normal
EVT003097,2026-08-28 22:33:01.735196,Brute Force,North America,Laptop,6,525,29,0,12,1,-0.12155183353025117,26.253965704419098,Low,Normal
EVT003098,2026-08-28 22:41:01.735196,DDoS,Oceania,Server,4,452,19,0,391,1,-0.17851380815803053,11.095983237743066,Low,Normal
EVT003099,2026-08-28 22:49:01.735196,Brute Force,Oceania,Firewall,3,313,7,0,486,1,-0.13285358254276247,23.246490726701705,Low,Normal
EVT003100,2026-08-28 22:57:01.735196,DDoS,Africa,Laptop,2,300,26,0,238,1,-0.19457514288220407,6.821948994174069,Low,Normal
EVT003101,2026-08-28 23:05:01.735196,Brute Force,Asia,Desktop,0,248,21,0,242,1,-0.12514528316418183,25.297723458571102,Low,Normal
EVT003102,2026-08-28 23:13:01.735196,DDoS,Asia,Desktop,1,861,81,0,96,1,-0.15545858845623173,17.231139511535574,Low,Normal
EVT003103,2026-08-28 23:21:01.735196,Unauthorized Access,Africa,Desktop,3,375,97,0,222,1,-0.1758692117905527,11.799728949362311,Low,Normal
EVT003104,2026-08-28 23:29:01.735196,Malware,South America,Router,4,123,69,0,461,1,-0.15126222291566327,18.34782192473056,Low,Normal
EVT003105,2026-08-28 23:37:01.735196,Ransomware,Asia,Server,2,556,58,0,296,1,-0.21415841645274575,1.610702028770839,Low,Normal
EVT003106,2026-08-28 23:45:01.735196,DDoS,Oceania,Laptop,3,361,24,0,439,1,-0.17665434932156865,11.590798324909118,Low,Normal
EVT003107,2026-08-28 23:53:01.735196,Phishing,Africa,Desktop,4,165,20,0,185,1,-0.17591671226415062,11.787088738929635,Low,Normal
EVT003108,2026-08-29 00:01:01.735196,Brute Force,Europe,Desktop,5,993,81,0,74,1,-0.1327858152438069,23.264524082042616,Low,Normal
EVT003109,2026-08-29 00:09:01.735196,Malware,Asia,Server,3,434,29,0,331,1,-0.20555707042189458,3.8995807619507077,Low,Normal
EVT003110,2026-08-29 00:17:01.735196,Phishing,Asia,Firewall,3,152,82,0,314,1,-0.1754984204522927,11.898399134882876,Low,Normal
EVT003111,2026-08-29 00:25:01.735196,DDoS,Asia,Server,1,100,43,0,462,1,-0.1218920136012947,26.163441392611347,Low,Normal
EVT003112,2026-08-29 00:33:01.735196,Brute Force,North America,Server,4,398,80,0,205,1,-0.19483944812716486,6.751615507753596,Low,Normal
EVT003113,2026-08-29 00:41:01.735196,Ransomware,Asia,Firewall,0,459,55,1,342,1,-0.03321025405037337,49.76228193791935,Medium,Normal
EVT003114,2026-08-29 00:49:01.735196,Unauthorized Access,Europe,Server,3,493,92,0,217,1,-0.1893137781008089,8.222035203058429,Low,Normal
EVT003115,2026-08-29 00:57:01.735196,Phishing,Oceania,Laptop,4,647,25,0,100,1,-0.19728390292072712,6.1011288779707735,Low,Normal
EVT003116,2026-08-29 01:05:01.735196,Malware,Asia,Laptop,3,143,98,0,45,1,-0.12339875787304128,25.762486134263245,Low,Normal
EVT003117,2026-08-29 01:13:01.735196,Ransomware,Europe,Router,90,7768,681,1,1436,-1,0.07269672066711586,77.94487350635681,High,Suspicious
EVT003118,2026-08-29 01:21:01.735196,Malware,Asia,Desktop,4,998,35,0,66,1,-0.14735933882303787,19.38640685848799,Low,Normal
EVT003119,2026-08-29 01:29:01.735196,Phishing,Africa,Router,2,442,80,0,350,1,-0.19370531829014304,7.0534154417770765,Low,Normal
EVT003120,2026-08-29 01:37:01.735196,Ransomware,Africa,Laptop,0,948,58,0,273,1,-0.1338885889041453,22.97106824738534,Low,Normal
EVT003121,2026-08-29 01:45:01.735196,Phishing,Asia,Laptop,0,281,64,0,227,1,-0.1390311907752595,21.60258568502998,Low,Normal
EVT003122,2026-08-29 01:53:01.735196,Phishing,Asia,Desktop,1,186,46,0,217,1,-0.1749078378503085,12.055557323033792,Low,Normal
EVT003123,2026-08-29 02:01:01.735196,Unauthorized Access,Oceania,Router,4,584,87,0,266,1,-0.19200785552143806,7.505122234843853,Low,Normal
EVT003124,2026-08-29 02:09:01.735196,DDoS,South America,Server,5,396,71,0,497,1,-0.14013426445031002,21.309050014345672,Low,Normal
EVT003125,2026-08-29 02:17:01.735196,DDoS,Oceania,Desktop,4,981,51,1,349,1,-0.04055466187854839,47.80788330944724,Medium,Normal
EVT003126,2026-08-29 02:25:01.735196,Brute Force,Oceania,Desktop,1,510,46,0,498,1,-0.13965595421059168,21.436331736488544,Low,Normal
EVT003127,2026-08-29 02:33:01.735196,DDoS,South America,Router,2,523,27,0,136,1,-0.20574684279973915,3.849080996188997,Low,Normal
EVT003128,2026-08-29 02:41:01.735196,DDoS,North America,Firewall,3,949,21,1,304,1,-0.03818236454918977,48.43916833000942,Medium,Normal
EVT003129,2026-08-29 02:49:01.735196,DDoS,North America,Laptop,67,9027,573,1,960,-1,0.08295836828500769,80.67557018054401,High,Suspicious
EVT003130,2026-08-29 02:57:01.735196,Ransomware,Europe,Firewall,4,505,53,0,269,1,-0.21175853761343882,2.2493266833069647,Low,Normal
EVT003131,2026-08-29 03:05:01.735196,Phishing,Africa,Firewall,8,253,8,0,37,1,-0.05277040532721178,44.55718797765391,Medium,Normal
EVT003132,2026-08-29 03:13:01.735196,Ransomware,North America,Router,4,508,62,0,442,1,-0.19068563151846002,7.856975350630768,Low,Normal
EVT003133,2026-08-29 03:21:01.735196,Brute Force,North America,Router,3,545,71,0,180,1,-0.2074015846489281,3.4087425405651475,Low,Normal
EVT003134,2026-08-29 03:29:01.735196,Unauthorized Access,South America,Server,4,636,39,0,115,1,-0.20666989280901332,3.6034508903531015,Low,Normal
EVT003135,2026-08-29 03:37:01.735196,Ransomware,Oceania,Server,4,785,53,0,163,1,-0.19650470624805155,6.308478598195332,Low,Normal
EVT003136,2026-08-29 03:45:01.735196,Malware,Asia,Firewall,2,411,10,0,408,1,-0.16099745530561954,15.757208048714958,Low,Normal
EVT003137,2026-08-29 03:53:01.735196,Ransomware,North America,Server,2,329,57,0,476,1,-0.17542526754018628,11.9178656397985,Low,Normal
EVT003138,2026-08-29 04:01:01.735196,Brute Force,Africa,Server,4,979,21,0,16,1,-0.11221473394632442,28.738633637853894,Low,Normal
EVT003139,2026-08-29 04:09:01.735196,Unauthorized Access,Europe,Firewall,1,502,5,0,256,1,-0.15134610213148986,18.3255010748807,Low,Normal
EVT003140,2026-08-29 04:17:01.735196,DDoS,Europe,Laptop,2,825,47,0,490,1,-0.1544062236024082,17.511181207896005,Low,Normal
EVT003141,2026-08-29 04:25:01.735196,Brute Force,Europe,Desktop,5,274,19,0,293,1,-0.16557375651995165,14.539422077944817,Low,Normal
EVT003142,2026-08-29 04:33:01.735196,Brute Force,North America,Router,2,752,66,0,465,1,-0.17352253302697984,12.42419668921154,Low,Normal
EVT003143,2026-08-29 04:41:01.735196,Phishing,North America,Server,4,253,28,0,226,1,-0.19480654909760575,6.760370171131863,Low,Normal
EVT003144,2026-08-29 04:49:01.735196,Unauthorized Access,North America,Firewall,90,7819,963,1,830,-1,0.10789127694032952,87.31039270399445,High,Suspicious
EVT003145,2026-08-29 04:57:01.735196,Phishing,North America,Router,1,665,86,0,404,1,-0.16585022508753994,14.465851845742113,Low,Normal
EVT003146,2026-08-29 05:05:01.735196,Unauthorized Access,South America,Router,69,7395,728,1,1246,-1,0.07268311645158432,77.94125332882878,High,Suspicious
EVT003147,2026-08-29 05:13:01.735196,Malware,Asia,Router,3,736,76,0,174,1,-0.199052025667857,5.63061896719153,Low,Normal
EVT003148,2026-08-29 05:21:01.735196,Phishing,Europe,Firewall,3,560,12,0,48,1,-0.1727964703688426,12.617407074098463,Low,Normal
EVT003149,2026-08-29 05:29:01.735196,Unauthorized Access,Oceania,Router,4,177,23,1,333,1,-0.04560032313575124,46.4651973269257,Medium,Normal
EVT003150,2026-08-29 05:37:01.735196,Unauthorized Access,North America,Router,1,371,72,0,240,1,-0.18214070669656668,10.130840002895782,Low,Normal
EVT003151,2026-08-29 05:45:01.735196,Malware,Europe,Laptop,2,811,82,0,199,1,-0.18717432121530064,8.791359742291098,Low,Normal
EVT003152,2026-08-29 05:53:01.735196,Brute Force,Europe,Laptop,3,229,74,0,16,1,-0.15272235977293874,17.95926922749426,Low,Normal
EVT003153,2026-08-29 06:01:01.735196,Brute Force,Africa,Laptop,1,409,45,0,482,1,-0.150773233702149,18.477945396981607,Low,Normal
EVT003154,2026-08-29 06:09:01.735196,Ransomware,Asia,Server,2,529,19,0,158,1,-0.19892439712670684,5.664581820509789,Low,Normal
EVT003155,2026-08-29 06:17:01.735196,DDoS,Asia,Desktop,4,362,80,1,263,1,-0.05363715986320505,44.32653849358405,Medium,Normal
EVT003156,2026-08-29 06:25:01.735196,Brute Force,North America,Router,4,612,7,0,158,1,-0.1739337292040412,12.31477449163167,Low,Normal
EVT003157,2026-08-29 06:33:01.735196,DDoS,Europe,Server,0,752,86,0,426,1,-0.12317166356278908,25.822917528988913,Low,Normal
EVT003158,2026-08-29 06:41:01.735196,Malware,Africa,Router,0,506,92,0,397,1,-0.11352957196209962,28.38874598525977,Low,Normal
EVT003159,2026-08-29 06:49:01.735196,Ransomware,North America,Firewall,135,6685,650,1,1785,-1,0.11112703509740351,88.17145072966571,High,Suspicious
EVT003160,2026-08-29 06:57:01.735196,Ransomware,Europe,Router,2,403,23,0,222,1,-0.19459913818096136,6.815563676245354,Low,Normal
EVT003161,2026-08-29 07:05:01.735196,DDoS,Asia,Server,0,233,68,0,412,1,-0.12194231766487962,26.15005512714556,Low,Normal
EVT003162,2026-08-29 07:13:01.735196,Ransomware,Africa,Firewall,4,994,25,0,45,1,-0.13678867840961884,22.199334013047174,Low,Normal
EVT003163,2026-08-29 07:21:01.735196,Brute Force,Africa,Router,0,692,51,0,437,1,-0.1389851836727054,21.61482849891441,Low,Normal
EVT003164,2026-08-29 07:29:01.735196,Phishing,Oceania,Laptop,2,823,56,0,71,1,-0.1868180172218305,8.886174743370663,Low,Normal
EVT003165,2026-08-29 07:37:01.735196,Brute Force,Africa,Desktop,2,229,93,0,329,1,-0.17088238003944412,13.126759986146336,Low,Normal
EVT003166,2026-08-29 07:45:01.735196,Phishing,Asia,Desktop,1,698,35,0,448,1,-0.16682316382176116,14.206945998975998,Low,Normal
EVT003167,2026-08-29 07:53:01.735196,Malware,Oceania,Router,3,742,58,0,480,1,-0.17719288468089278,11.447490274448043,Low,Normal
EVT003168,2026-08-29 08:01:01.735196,DDoS,Africa,Laptop,2,213,88,0,348,1,-0.17474883948689157,12.097867906904048,Low,Normal
EVT003169,2026-08-29 08:09:01.735196,Unauthorized Access,Oceania,Firewall,4,635,97,0,176,1,-0.1720956024786648,12.8039129538576,Low,Normal
EVT003170,2026-08-29 08:17:01.735196,Brute Force,Asia,Firewall,3,894,8,0,401,1,-0.15336736926877836,17.787627659717426,Low,Normal
EVT003171,2026-08-29 08:25:01.735196,Ransomware,Africa,Firewall,4,336,25,0,53,1,-0.17180212337282014,12.88200981004628,Low,Normal
EVT003172,2026-08-29 08:33:01.735196,Malware,North America,Server,4,200,56,0,266,1,-0.193684536789696,7.058945545349958,Low,Normal
EVT003173,2026-08-29 08:41:01.735196,Phishing,Europe,Server,3,358,31,0,109,1,-0.19912797603531512,5.610408039712442,Low,Normal
EVT003174,2026-08-29 08:49:01.735196,DDoS,Oceania,Router,5,910,95,0,245,1,-0.14414854366994911,20.240822053056622,Low,Normal
EVT003175,2026-08-29 08:57:01.735196,Phishing,Oceania,Laptop,5,570,43,0,285,1,-0.20423273675605613,4.251995273877023,Low,Normal
EVT003176,2026-08-29 09:05:01.735196,Phishing,Oceania,Router,4,960,45,0,496,1,-0.12932473162443514,24.185542799545985,Low,Normal
EVT003177,2026-08-29 09:13:01.735196,DDoS,North America,Server,5,894,21,0,384,1,-0.15550190751856957,17.21961200407677,Low,Normal
EVT003178,2026-08-29 09:21:01.735196,Malware,North America,Server,2,771,21,0,229,1,-0.19343751634746936,7.124679424076062,Low,Normal
EVT003179,2026-08-29 09:29:01.735196,Ransomware,Africa,Server,3,138,49,0,288,1,-0.18583713843573207,9.147193493840094,Low,Normal
EVT003180,2026-08-29 09:37:01.735196,Ransomware,North America,Router,4,778,93,0,58,1,-0.15343739668615708,17.768992870952648,Low,Normal
EVT003181,2026-08-29 09:45:01.735196,Brute Force,Africa,Firewall,1,270,19,0,472,1,-0.13494657163439672,22.68953159455701,Low,Normal
EVT003182,2026-08-29 09:53:01.735196,Ransomware,South America,Router,2,289,64,0,159,1,-0.2052380087351417,3.984485323023099,Low,Normal
EVT003183,2026-08-29 10:01:01.735196,Phishing,Europe,Laptop,4,759,82,0,287,1,-0.19060810547244172,7.877605577267661,Low,Normal
EVT003184,2026-08-29 10:09:01.735196,Unauthorized Access,Europe,Server,2,937,53,0,367,1,-0.17268570047142606,12.646883723632602,Low,Normal
EVT003185,2026-08-29 10:17:01.735196,Brute Force,Oceania,Server,3,520,53,0,315,1,-0.21372906406158837,1.7249557227432926,Low,Normal
EVT003186,2026-08-29 10:25:01.735196,Phishing,North America,Desktop,5,375,53,0,130,1,-0.1904730310811273,7.913549823734193,Low,Normal
EVT003187,2026-08-29 10:33:01.735196,Unauthorized Access,Africa,Server,0,218,30,0,115,1,-0.12773885337695523,24.60755616594814,Low,Normal
EVT003188,2026-08-29 10:41:01.735196,Brute Force,Oceania,Firewall,3,422,16,0,375,1,-0.181227302191025,10.373903372283111,Low,Normal
EVT003189,2026-08-29 10:49:01.735196,Phishing,Africa,Router,3,671,47,0,118,1,-0.21111552277500928,2.4204374587043866,Low,Normal
EVT003190,2026-08-29 10:57:01.735196,Ransomware,Africa,Firewall,5,127,7,0,117,1,-0.11947422467123991,26.806832048384376,Low,Normal
EVT003191,2026-08-29 11:05:01.735196,Malware,South America,Router,5,552,61,0,75,1,-0.18849851968085435,8.438981208112377,Low,Normal
EVT003192,2026-08-29 11:13:01.735196,Malware,Africa,Server,5,730,61,0,477,1,-0.15764844297846287,16.64840380636634,Low,Normal
EVT003193,2026-08-29 11:21:01.735196,Unauthorized Access,Asia,Server,0,252,25,0,217,1,-0.13066419671574636,23.829101708774555,Low,Normal
EVT003194,2026-08-29 11:29:01.735196,Phishing,North America,Firewall,5,393,51,0,215,1,-0.19748609028534647,6.047325396825494,Low,Normal
EVT003195,2026-08-29 11:37:01.735196,Malware,Europe,Desktop,3,655,36,0,313,1,-0.21361592767243592,1.7550621123887014,Low,Normal
EVT003196,2026-08-29 11:45:01.735196,Ransomware,South America,Desktop,5,356,17,0,427,1,-0.15611363797065986,17.056826224129555,Low,Normal
EVT003197,2026-08-29 11:53:01.735196,Phishing,Asia,Server,5,847,28,0,266,1,-0.17806546164626047,11.21529140093114,Low,Normal
EVT003198,2026-08-29 12:01:01.735196,Phishing,Africa,Firewall,2,705,63,0,31,1,-0.17056557485100154,13.21106407713237,Low,Normal
EVT003199,2026-08-29 12:09:01.735196,DDoS,Africa,Server,3,656,74,0,410,1,-0.19194666897231122,7.521404406326174,Low,Normal
EVT003200,2026-08-29 12:17:01.735196,Malware,Africa,Router,1,485,86,0,352,1,-0.17491893872380404,12.052603302445325,Low,Normal
EVT003201,2026-08-29 12:25:01.735196,Ransomware,Oceania,Server,2,758,77,0,359,1,-0.1879945385059118,8.573094146844461,Low,Normal
EVT003202,2026-08-29 12:33:01.735196,DDoS,Asia,Laptop,107,8918,862,1,1061,-1,0.09048270811723402,82.67784998203419,High,Suspicious
EVT003203,2026-08-29 12:41:01.735196,Malware,Europe,Laptop,4,672,95,0,406,1,-0.16542389650807365,14.579300882135618,Low,Normal
EVT003204,2026-08-29 12:49:01.735196,Brute Force,Asia,Server,5,332,74,0,19,1,-0.1485807912567067,19.06136976673658,Low,Normal
EVT003205,2026-08-29 12:57:01.735196,Malware,Africa,Firewall,4,256,20,0,440,1,-0.16445655779634605,14.836716523491441,Low,Normal
EVT003206,2026-08-29 13:05:01.735196,Malware,Asia,Server,1,897,71,0,366,1,-0.15489621535459414,17.380790953046443,Low,Normal
EVT003207,2026-08-29 13:13:01.735196,Unauthorized Access,Oceania,Firewall,3,819,38,0,315,1,-0.20482423902708813,4.0945923553179195,Low,Normal
EVT003208,2026-08-29 13:21:01.735196,Unauthorized Access,South America,Laptop,5,228,73,0,407,1,-0.1667290187816074,14.231998656951783,Low,Normal
EVT003209,2026-08-29 13:29:01.735196,Malware,North America,Server,1,562,7,0,160,1,-0.15554681549430727,17.20766167557615,Low,Normal
EVT003210,2026-08-29 13:37:01.735196,Phishing,Oceania,Desktop,2,969,71,0,12,1,-0.11823373474372412,27.1369351512744,Low,Normal
EVT003211,2026-08-29 13:45:01.735196,Ransomware,Europe,Server,1,973,44,0,283,1,-0.15674282547715473,16.889394999105807,Low,Normal
EVT003212,2026-08-29 13:53:01.735196,Malware,Europe,Firewall,1,444,11,0,395,1,-0.15356119336674895,17.73604970270565,Low,Normal
EVT003213,2026-08-29 14:01:01.735196,DDoS,Oceania,Server,6,488,28,0,293,1,-0.16847778810681846,13.766638827995244,Low,Normal
EVT003214,2026-08-29 14:09:01.735196,Malware,South America,Router,0,208,11,0,384,1,-0.09846698610266191,32.397006124626714,Low,Normal
EVT003215,2026-08-29 14:17:01.735196,DDoS,Oceania,Router,2,943,58,0,36,1,-0.14878081894630502,19.008140990318733,Low,Normal
EVT003216,2026-08-29 14:25:01.735196,Malware,South America,Server,4,425,97,0,19,1,-0.1275597556638915,24.655215328260923,Low,Normal
EVT003217,2026-08-29 14:33:01.735196,Ransomware,Asia,Laptop,1,879,70,0,222,1,-0.17065302272213745,13.187793582981003,Low,Normal
EVT003218,2026-08-29 14:41:01.735196,Malware,Europe,Laptop,6,844,28,0,425,1,-0.13704308809770088,22.131633803977888,Low,Normal
EVT003219,2026-08-29 14:49:01.735196,Malware,Europe,Router,4,112,79,0,51,1,-0.13978223021387082,21.402728803019773,Low,Normal
EVT003220,2026-08-29 14:57:01.735196,Unauthorized Access,Africa,Server,1,538,20,0,482,1,-0.13758266848398804,21.988047664484856,Low,Normal
EVT003221,2026-08-29 15:05:01.735196,Malware,Oceania,Laptop,1,520,64,0,239,1,-0.19314674836790363,7.202054830475311,Low,Normal
EVT003222,2026-08-29 15:13:01.735196,Malware,North America,Laptop,1,886,32,0,479,1,-0.1347378721331236,22.745068001111974,Low,Normal
EVT003223,2026-08-29 15:21:01.735196,Ransomware,North America,Desktop,4,762,10,0,426,1,-0.1607473141831523,15.823772362423,Low,Normal
EVT003224,2026-08-29 15:29:01.735196,Brute Force,Europe,Desktop,1,453,30,0,125,1,-0.18697506716336265,8.84438264828104,Low,Normal
EVT003225,2026-08-29 15:37:01.735196,DDoS,South America,Server,1,576,29,0,484,1,-0.14982367709825833,18.730629094254137,Low,Normal
EVT003226,2026-08-29 15:45:01.735196,Malware,Asia,Firewall,0,911,24,0,353,1,-0.12562199093440385,25.17086816484276,Low,Normal
EVT003227,2026-08-29 15:53:01.735196,Brute Force,Oceania,Desktop,2,906,18,0,30,1,-0.13911382631779412,21.580595785398703,Low,Normal
EVT003228,2026-08-29 16:01:01.735196,Phishing,South America,Desktop,6,852,62,0,375,1,-0.14808167629049557,19.194187773066616,Low,Normal
EVT003229,2026-08-29 16:09:01.735196,Unauthorized Access,Asia,Laptop,5,672,69,0,425,1,-0.17365984925315714,12.387655874705251,Low,Normal
EVT003230,2026-08-29 16:17:01.735196,Ransomware,Asia,Firewall,2,303,38,0,473,1,-0.17503348587158735,12.022121499996357,Low,Normal
EVT003231,2026-08-29 16:25:01.735196,Malware,Asia,Router,4,129,30,0,338,1,-0.1748986274956444,12.058008263251766,Low,Normal
EVT003232,2026-08-29 16:33:01.735196,Unauthorized Access,South America,Desktop,3,752,97,0,97,1,-0.16465581532184098,14.783692693163545,Low,Normal
EVT003233,2026-08-29 16:41:01.735196,Phishing,Africa,Laptop,4,807,96,1,262,1,-0.028737714610300835,50.95245617006534,Medium,Normal
EVT003234,2026-08-29 16:49:01.735196,Unauthorized Access,Europe,Server,7,125,46,0,381,1,-0.10696324702111881,30.136091279665077,Low,Normal
EVT003235,2026-08-29 16:57:01.735196,Phishing,North America,Laptop,0,630,26,0,276,1,-0.15449759254672885,17.48686728856541,Low,Normal
EVT003236,2026-08-29 17:05:01.735196,Brute Force,South America,Server,1,239,71,0,27,1,-0.1453834843492166,19.91219564419276,Low,Normal
EVT003237,2026-08-29 17:13:01.735196,Malware,Asia,Desktop,68,9505,379,1,812,-1,0.0953746798545182,83.97963810131517,High,Suspicious
EVT003238,2026-08-29 17:21:01.735196,Ransomware,North America,Server,5,856,49,0,496,1,-0.13196891375878284,23.481907318278907,Low,Normal
EVT003239,2026-08-29 17:29:01.735196,Unauthorized Access,South America,Router,3,607,69,0,46,1,-0.18505510577142903,9.355297891402403,Low,Normal
EVT003240,2026-08-29 17:37:01.735196,DDoS,South America,Router,146,6356,972,1,1712,-1,0.1445452491894913,97.0642727672721,High,Suspicious
EVT003241,2026-08-29 17:45:01.735196,Phishing,South America,Laptop,121,13056,487,1,1918,-1,0.14327282752127513,96.72567240337894,High,Suspicious
EVT003242,2026-08-29 17:53:01.735196,Unauthorized Access,North America,Desktop,2,176,78,0,386,1,-0.1755790306167887,11.876948202606547,Low,Normal
EVT003243,2026-08-29 18:01:01.735196,Ransomware,North America,Firewall,103,14992,701,1,1480,-1,0.112345037246114,88.49556967629934,High,Suspicious
EVT003244,2026-08-29 18:09:01.735196,Ransomware,Asia,Firewall,5,970,90,0,51,1,-0.1130523459390963,28.515739189701776,Low,Normal
EVT003245,2026-08-29 18:17:01.735196,Malware,Asia,Firewall,5,737,87,0,318,1,-0.17092629850615904,13.115072972962924,Low,Normal
EVT003246,2026-08-29 18:25:01.735196,DDoS,Oceania,Server,0,919,83,0,263,1,-0.11589933825552373,27.758134491178517,Low,Normal
EVT003247,2026-08-29 18:33:01.735196,Unauthorized Access,South America,Desktop,4,895,5,0,122,1,-0.13874386719627696,21.679044512185104,Low,Normal
EVT003248,2026-08-29 18:41:01.735196,Unauthorized Access,South America,Router,2,497,71,0,222,1,-0.20945338084139625,2.862745128890845,Low,Normal
EVT003249,2026-08-29 18:49:01.735196,Unauthorized Access,Africa,Desktop,1,944,74,0,492,1,-0.10862570432962276,29.693699685999874,Low,Normal
EVT003250,2026-08-29 18:57:01.735196,DDoS,South America,Laptop,0,811,63,0,350,1,-0.14286682281289514,20.581896996566783,Low,Normal
EVT003251,2026-08-29 19:05:01.735196,Malware,Asia,Desktop,1,776,88,0,386,1,-0.15570988871771724,17.16426674277431,Low,Normal
EVT003252,2026-08-29 19:13:01.735196,Phishing,Africa,Desktop,0,580,57,0,271,1,-0.16258420320900213,15.33496326075463,Low,Normal
EVT003253,2026-08-29 19:21:01.735196,DDoS,North America,Firewall,5,496,36,0,427,1,-0.1785943865364698,11.074540763960213,Low,Normal
EVT003254,2026-08-29 19:29:01.735196,Ransomware,Oceania,Desktop,8,717,68,0,391,1,-0.10252878547885169,31.31613271513268,Low,Normal
EVT003255,2026-08-29 19:37:01.735196,Unauthorized Access,North America,Server,1,779,92,0,337,1,-0.15794598885046773,16.56922475507197,Low,Normal
EVT003256,2026-08-29 19:45:01.735196,Brute Force,Asia,Desktop,5,972,56,0,15,1,-0.11694626921536733,27.479538792261327,Low,Normal
EVT003257,2026-08-29 19:53:01.735196,DDoS,South America,Server,4,826,64,0,44,1,-0.1691688865946248,13.582732654984763,Low,Normal
EVT003258,2026-08-29 20:01:01.735196,DDoS,North America,Desktop,3,738,59,0,49,1,-0.187438330250017,8.721105079502022,Low,Normal
EVT003259,2026-08-29 20:09:01.735196,Unauthorized Access,Europe,Router,5,344,25,1,55,1,-0.03297471429524268,49.82496072498399,Medium,Normal
EVT003260,2026-08-29 20:17:01.735196,Malware,Asia,Firewall,0,994,57,0,30,1,-0.08787931693269635,35.21445942904635,Low,Normal
EVT003261,2026-08-29 20:25:01.735196,Malware,South America,Laptop,7,977,75,0,225,1,-0.09112106960548894,34.35180622054037,Low,Normal
EVT003262,2026-08-29 20:33:01.735196,Ransomware,Asia,Router,0,325,63,0,453,1,-0.11539674938118832,27.891876928917103,Low,Normal
EVT003263,2026-08-29 20:41:01.735196,Brute Force,Europe,Laptop,5,463,22,0,328,1,-0.18031769398013126,10.615956520938319,Low,Normal
EVT003264,2026-08-29 20:49:01.735196,Brute Force,North America,Laptop,6,912,20,0,162,1,-0.13408700591625106,22.918268083587602,Low,Normal
EVT003265,2026-08-29 20:57:01.735196,Malware,Europe,Firewall,3,317,78,0,218,1,-0.19896653558927535,5.653368478961152,Low,Normal
EVT003266,2026-08-29 21:05:01.735196,Unauthorized Access,Asia,Server,5,558,43,0,338,1,-0.19833606278172722,5.821141731643827,Low,Normal
EVT003267,2026-08-29 21:13:01.735196,Phishing,North America,Desktop,2,240,82,0,287,1,-0.1839058675318357,9.66111827771489,Low,Normal
EVT003268,2026-08-29 21:21:01.735196,Malware,Oceania,Desktop,4,129,95,0,480,1,-0.1210887306229354,26.377200648348442,Low,Normal
EVT003269,2026-08-29 21:29:01.735196,Malware,Africa,Laptop,4,722,20,0,304,1,-0.18463686999321455,9.46659337640864,Low,Normal
EVT003270,2026-08-29 21:37:01.735196,Malware,Africa,Router,4,255,68,0,224,1,-0.19868250631396334,5.728950668717308,Low,Normal
EVT003271,2026-08-29 21:45:01.735196,Malware,Europe,Laptop,5,544,24,0,473,1,-0.1508347459105595,18.46157656527123,Low,Normal
EVT003272,2026-08-29 21:53:01.735196,Ransomware,Oceania,Router,6,183,64,0,214,1,-0.1532839178943956,17.80983465794703,Low,Normal
EVT003273,2026-08-29 22:01:01.735196,DDoS,Asia,Laptop,4,160,71,0,460,1,-0.1628923993797876,15.252950089975526,Low,Normal
EVT003274,2026-08-29 22:09:01.735196,Unauthorized Access,Asia,Desktop,104,10971,608,1,1111,-1,0.08506636249386124,81.23652228001833,High,Suspicious
EVT003275,2026-08-29 22:17:01.735196,Brute Force,Asia,Router,4,717,92,0,451,1,-0.15814388499799692,16.516563197005,Low,Normal
EVT003276,2026-08-29 22:25:01.735196,Ransomware,Africa,Server,1,189,9,0,389,1,-0.12839968390042145,24.431704511338186,Low,Normal
EVT003277,2026-08-29 22:33:01.735196,Malware,Asia,Laptop,6,645,16,0,371,1,-0.14185630090826506,20.850803989568124,Low,Normal
EVT003278,2026-08-29 22:41:01.735196,Malware,North America,Firewall,5,915,96,0,353,1,-0.1449807983875745,20.019353213536764,Low,Normal
EVT003279,2026-08-29 22:49:01.735196,Ransomware,Africa,Firewall,2,290,39,0,14,1,-0.15668784287834658,16.904026255731868,Low,Normal
EVT003280,2026-08-29 22:57:01.735196,Brute Force,Asia,Laptop,2,238,44,1,96,1,-0.039699709179533804,48.035392241610914,Medium,Normal
EVT003281,2026-08-29 23:05:01.735196,Unauthorized Access,North America,Laptop,1,797,98,1,240,1,-0.018563188070417347,53.65996931205306,Medium,Normal
EVT003282,2026-08-29 23:13:01.735196,Brute Force,North America,Server,1,148,71,0,214,1,-0.15994602237227268,16.037001754475728,Low,Normal
EVT003283,2026-08-29 23:21:01.735196,Phishing,Africa,Firewall,4,368,46,1,416,1,-0.056066746767169384,43.680008313894724,Medium,Normal
EVT003284,2026-08-29 23:29:01.735196,Brute Force,Africa,Router,1,318,58,0,140,1,-0.18902663626827954,8.298445666202849,Low,Normal
EVT003285,2026-08-29 23:37:01.735196,Malware,Africa,Server,2,851,78,0,494,1,-0.13877964660254033,21.66952336028768,Low,Normal
EVT003286,2026-08-29 23:45:01.735196,Brute Force,Africa,Firewall,2,440,40,0,255,1,-0.21451282564562196,1.516391247468911,Low,Normal
EVT003287,2026-08-29 23:53:01.735196,Ransomware,Europe,Firewall,3,805,68,0,375,1,-0.1907723521232898,7.833898387163489,Low,Normal
EVT003288,2026-08-30 00:01:01.735196,Phishing,Asia,Laptop,1,907,23,0,142,1,-0.1570696393195386,16.80242753484403,Low,Normal
EVT003289,2026-08-30 00:09:01.735196,Ransomware,Europe,Router,4,312,9,0,258,1,-0.1703287067655873,13.27409634223705,Low,Normal
EVT003290,2026-08-30 00:17:01.735196,Malware,Oceania,Laptop,5,413,5,0,403,1,-0.1321486427302513,23.434080173660508,Low,Normal
EVT003291,2026-08-30 00:25:01.735196,DDoS,Asia,Server,3,947,31,0,242,1,-0.18573367399431823,9.174726110100744,Low,Normal
EVT003292,2026-08-30 00:33:01.735196,Unauthorized Access,North America,Desktop,2,425,34,0,452,1,-0.17901013143523303,10.963908119512004,Low,Normal
EVT003293,2026-08-30 00:41:01.735196,Unauthorized Access,Europe,Router,2,679,61,0,89,1,-0.20144854438607135,4.992888464533742,Low,Normal
EVT003294,2026-08-30 00:49:01.735196,Phishing,Africa,Laptop,3,498,83,0,301,1,-0.19802439281370843,5.904079304322608,Low,Normal
EVT003295,2026-08-30 00:57:01.735196,Phishing,South America,Firewall,1,576,26,1,245,1,-0.04552389832454318,46.48553450722678,Medium,Normal
EVT003296,2026-08-30 01:05:01.735196,Unauthorized Access,Asia,Desktop,4,272,91,0,76,1,-0.16542862879706788,14.578041586718449,Low,Normal
EVT003297,2026-08-30 01:13:01.735196,Malware,North America,Router,3,224,33,0,182,1,-0.2001136321997143,5.348117995243945,Low,Normal
EVT003298,2026-08-30 01:21:01.735196,Phishing,Africa,Router,6,418,9,0,133,1,-0.13377693651743594,23.000779733533108,Low,Normal
EVT003299,2026-08-30 01:29:01.735196,Phishing,Europe,Router,7,756,83,0,169,1,-0.11519945202214943,27.94437914515127,Low,Normal
EVT003300,2026-08-30 01:37:01.735196,Malware,South America,Desktop,91,9287,577,1,874,-1,0.08432822237944837,81.04009799898994,High,Suspicious
EVT003301,2026-08-30 01:45:01.735196,Brute Force,South America,Server,3,136,31,0,79,1,-0.16752803035155522,14.01937605306414,Low,Normal
EVT003302,2026-08-30 01:53:01.735196,Malware,South America,Server,5,605,14,0,71,1,-0.16199398404730703,15.492024734885963,Low,Normal
EVT003303,2026-08-30 02:01:01.735196,Malware,Europe,Firewall,1,331,84,0,25,1,-0.13591681769437408,22.431342287363893,Low,Normal
EVT003304,2026-08-30 02:09:01.735196,DDoS,South America,Desktop,2,533,21,0,181,1,-0.2011546355043446,5.071099687110318,Low,Normal
EVT003305,2026-08-30 02:17:01.735196,Brute Force,Africa,Laptop,4,319,63,0,212,1,-0.20444492739477538,4.195529851069673,Low,Normal
EVT003306,2026-08-30 02:25:01.735196,Malware,Asia,Desktop,6,806,84,0,190,1,-0.1473804836122114,19.380780081227396,Low,Normal
EVT003307,2026-08-30 02:33:01.735196,Unauthorized Access,North America,Server,1,334,41,0,174,1,-0.192615952586077,7.343303324876871,Low,Normal
EVT003308,2026-08-30 02:41:01.735196,Ransomware,South America,Router,2,174,55,0,339,1,-0.18912513970567357,8.272233208037855,Low,Normal
EVT003309,2026-08-30 02:49:01.735196,Brute Force,South America,Desktop,3,116,93,0,255,1,-0.14977951783133986,18.742380186066974,Low,Normal
EVT003310,2026-08-30 02:57:01.735196,Brute Force,Europe,Laptop,1,300,83,0,22,1,-0.13069463277456167,23.82100245925078,Low,Normal
EVT003311,2026-08-30 03:05:01.735196,Unauthorized Access,Africa,Server,2,524,57,0,364,1,-0.204163083244553,4.270530563655966,Low,Normal
EVT003312,2026-08-30 03:13:01.735196,Malware,Africa,Firewall,4,665,83,0,433,1,-0.17934542574134615,10.874683944148526,Low,Normal
EVT003313,2026-08-30 03:21:01.735196,Brute Force,South America,Router,1,402,24,0,313,1,-0.1740252498238108,12.290420210396306,Low,Normal
EVT003314,2026-08-30 03:29:01.735196,Phishing,Africa,Firewall,2,173,25,0,448,1,-0.1592233796110748,16.22930208071066,Low,Normal
EVT003315,2026-08-30 03:37:01.735196,Malware,Europe,Desktop,2,297,57,0,210,1,-0.20895211196182917,2.9961363067286775,Low,Normal
EVT003316,2026-08-30 03:45:01.735196,Malware,Africa,Firewall,0,990,40,1,420,1,-0.007507217182799564,56.602041000432735,Medium,Normal
EVT003317,2026-08-30 03:53:01.735196,Unauthorized Access,Africa,Router,3,304,76,0,309,1,-0.19746419738356702,6.053151252117311,Low,Normal
EVT003318,2026-08-30 04:01:01.735196,DDoS,Asia,Laptop,2,812,5,0,320,1,-0.15467831442281482,17.438775925038136,Low,Normal
EVT003319,2026-08-30 04:09:01.735196,Malware,Oceania,Laptop,8,981,70,0,81,1,-0.06556439302106454,41.15261778131609,Medium,Normal
EVT003320,2026-08-30 04:17:01.735196,Ransomware,Africa,Firewall,6,921,6,0,476,1,-0.08236080432068993,36.68297448600383,Low,Normal
EVT003321,2026-08-30 04:25:01.735196,Ransomware,Asia,Laptop,3,756,61,0,53,1,-0.1868892414331335,8.86722147931708,Low,Normal
EVT003322,2026-08-30 04:33:01.735196,Ransomware,South America,Router,3,629,32,0,391,1,-0.1968454693304793,6.217799142953777,Low,Normal
EVT003323,2026-08-30 04:41:01.735196,Phishing,Asia,Desktop,8,423,29,0,405,1,-0.09343940357999192,33.7348812286129,Low,Normal
EVT003324,2026-08-30 04:49:01.735196,Malware,Europe,Desktop,3,493,16,0,497,1,-0.14554963829072964,19.867980910615117,Low,Normal
EVT003325,2026-08-30 04:57:01.735196,Phishing,Africa,Firewall,5,848,28,0,385,1,-0.1657771003404347,14.485310855752642,Low,Normal
EVT003326,2026-08-30 05:05:01.735196,Malware,Africa,Server,4,523,15,0,423,1,-0.17638606217538944,11.662191423276811,Low,Normal
EVT003327,2026-08-30 05:13:01.735196,Unauthorized Access,Africa,Laptop,4,484,75,0,68,1,-0.19199903388013623,7.507469735699544,Low,Normal
EVT003328,2026-08-30 05:21:01.735196,Malware,Asia,Laptop,58,11125,979,1,1987,-1,0.14276446118043096,96.5903925411284,High,Suspicious
EVT003329,2026-08-30 05:29:01.735196,Unauthorized Access,South America,Router,3,760,61,0,271,1,-0.21006815959244168,2.6991481751313273,Low,Normal
EVT003330,2026-08-30 05:37:01.735196,DDoS,Asia,Server,3,876,73,0,465,1,-0.16044787155543422,15.903456153766015,Low,Normal
EVT003331,2026-08-30 05:45:01.735196,Malware,South America,Router,4,562,54,0,236,1,-0.21227379077737368,2.112214188948052,Low,Normal
EVT003332,2026-08-30 05:53:01.735196,Malware,Europe,Desktop,1,112,38,0,444,1,-0.13232308202963716,23.38766064802312,Low,Normal
EVT003333,2026-08-30 06:01:01.735196,Malware,Asia,Server,0,301,36,0,406,1,-0.1288193660719073,24.320024130899675,Low,Normal
EVT003334,2026-08-30 06:09:01.735196,Phishing,Oceania,Server,3,915,55,0,127,1,-0.19204514022586,7.49520051250898,Low,Normal
EVT003335,2026-08-30 06:17:01.735196,Unauthorized Access,Asia,Desktop,3,240,80,0,139,1,-0.18414231346372795,9.598198350634414,Low,Normal
EVT003336,2026-08-30 06:25:01.735196,Brute Force,Africa,Server,3,727,99,0,182,1,-0.16727040414246436,14.087932201018516,Low,Normal
EVT003337,2026-08-30 06:33:01.735196,Ransomware,North America,Router,3,434,10,0,303,1,-0.18322609935789658,9.842009374438708,Low,Normal
EVT003338,2026-08-30 06:41:01.735196,Brute Force,Africa,Desktop,2,317,13,0,177,1,-0.18038885520968245,10.59702001677229,Low,Normal
EVT003339,2026-08-30 06:49:01.735196,Unauthorized Access,Oceania,Server,6,192,92,0,176,1,-0.12940010932568635,24.165484262576182,Low,Normal
EVT003340,2026-08-30 06:57:01.735196,Brute Force,North America,Laptop,3,734,45,0,384,1,-0.19965252472867762,5.470821939531342,Low,Normal
EVT003341,2026-08-30 07:05:01.735196,DDoS,Europe,Laptop,2,662,69,0,231,1,-0.20875275216113698,3.049187353206594,Low,Normal
EVT003342,2026-08-30 07:13:01.735196,Phishing,South America,Laptop,3,621,92,0,424,1,-0.17043272157573613,13.246417268981366,Low,Normal
EVT003343,2026-08-30 07:21:01.735196,Ransomware,Europe,Laptop,4,749,49,0,408,1,-0.18726999411118955,8.765900511147924,Low,Normal
EVT003344,2026-08-30 07:29:01.735196,Malware,Africa,Laptop,1,267,95,0,339,1,-0.15525932110841045,17.28416595565366,Low,Normal
EVT003345,2026-08-30 07:37:01.735196,Malware,South America,Firewall,147,14463,465,1,1127,-1,0.1344258850295661,94.37143872294017,High,Suspicious
EVT003346,2026-08-30 07:45:01.735196,Brute Force,Europe,Server,0,642,41,0,229,1,-0.15909679860033088,16.262986178813094,Low,Normal
EVT003347,2026-08-30 07:53:01.735196,Ransomware,Africa,Router,3,665,6,0,255,1,-0.17579890398539816,11.818438351288195,Low,Normal
EVT003348,2026-08-30 08:01:01.735196,Phishing,Oceania,Desktop,0,357,84,0,194,1,-0.12907095714093675,24.253073976203655,Low,Normal
EVT003349,2026-08-30 08:09:01.735196,Brute Force,Europe,Desktop,2,507,86,0,455,1,-0.1706113959317967,13.198870764947609,Low,Normal
EVT003350,2026-08-30 08:17:01.735196,Ransomware,Oceania,Router,4,471,98,0,476,1,-0.1471784879393207,19.43453255185415,Low,Normal
EVT003351,2026-08-30 08:25:01.735196,Brute Force,South America,Firewall,1,250,16,0,306,1,-0.15170059974781896,18.23116676347545,Low,Normal
EVT003352,2026-08-30 08:33:01.735196,DDoS,Asia,Server,4,591,13,0,86,1,-0.1823716531999478,10.06938351245867,Low,Normal
EVT003353,2026-08-30 08:41:01.735196,Ransomware,South America,Router,3,721,19,0,236,1,-0.19904334112370775,5.632929985529741,Low,Normal
EVT003354,2026-08-30 08:49:01.735196,Brute Force,South America,Server,1,154,41,0,21,1,-0.1266218486175406,24.904798996258016,Low,Normal
EVT003355,2026-08-30 08:57:01.735196,Ransomware,Oceania,Server,0,796,98,0,213,1,-0.11192852843373119,28.81479493967152,Low,Normal
EVT003356,2026-08-30 09:05:01.735196,DDoS,Oceania,Laptop,4,174,43,0,445,1,-0.17644748900383284,11.645845311776762,Low,Normal
EVT003357,2026-08-30 09:13:01.735196,DDoS,South America,Firewall,2,560,45,0,321,1,-0.21394939110374894,1.6663251456990789,Low,Normal
EVT003358,2026-08-30 09:21:01.735196,Phishing,North America,Desktop,5,483,46,0,485,1,-0.15856769230483303,16.403785089008405,Low,Normal
EVT003359,2026-08-30 09:29:01.735196,Phishing,South America,Server,0,535,57,0,437,1,-0.13709400816075568,22.11808361671647,Low,Normal
EVT003360,2026-08-30 09:37:01.735196,Ransomware,Asia,Desktop,2,590,81,0,55,1,-0.17854372130909152,11.088023137654043,Low,Normal
EVT003361,2026-08-30 09:45:01.735196,DDoS,South America,Router,1,538,76,0,260,1,-0.1902096410647497,7.983639761385372,Low,Normal
EVT003362,2026-08-30 09:53:01.735196,Malware,Asia,Router,4,419,96,0,301,1,-0.1735205928815608,12.424712975566374,Low,Normal
EVT003363,2026-08-30 10:01:01.735196,Ransomware,Oceania,Server,6,654,22,0,242,1,-0.16291360853451575,15.247306184587714,Low,Normal
EVT003364,2026-08-30 10:09:01.735196,DDoS,Europe,Firewall,1,648,45,0,393,1,-0.182417142004623,10.057278621288685,Low,Normal
EVT003365,2026-08-30 10:17:01.735196,Unauthorized Access,Europe,Server,2,775,6,0,442,1,-0.14273230794655833,20.617692349497656,Low,Normal
EVT003366,2026-08-30 10:25:01.735196,Unauthorized Access,Africa,Desktop,5,557,65,0,320,1,-0.19773733179858977,5.980468261385077,Low,Normal
EVT003367,2026-08-30 10:33:01.735196,Unauthorized Access,North America,Server,1,523,52,0,17,1,-0.15644213939879065,16.969409681419744,Low,Normal
EVT003368,2026-08-30 10:41:01.735196,Malware,Oceania,Desktop,1,539,58,0,438,1,-0.17261693203605227,12.665183488422501,Low,Normal
EVT003369,2026-08-30 10:49:01.735196,Unauthorized Access,North America,Server,4,819,37,0,200,1,-0.19933136721651795,5.556284214499307,Low,Normal
EVT003370,2026-08-30 10:57:01.735196,Ransomware,Africa,Laptop,0,463,93,0,247,1,-0.11972329158082695,26.740553590286332,Low,Normal
EVT003371,2026-08-30 11:05:01.735196,Unauthorized Access,South America,Laptop,7,892,80,0,418,1,-0.09737096394324107,32.688665337358564,Low,Normal
EVT003372,2026-08-30 11:13:01.735196,Phishing,Asia,Desktop,1,991,47,0,23,1,-0.10950761961074373,29.459015820918307,Low,Normal
EVT003373,2026-08-30 11:21:01.735196,Unauthorized Access,Oceania,Laptop,4,476,43,0,160,1,-0.20953928028350277,2.8398866826052966,Low,Normal
EVT003374,2026-08-30 11:29:01.735196,Malware,North America,Firewall,2,929,57,0,125,1,-0.18024286962139258,10.635867809569946,Low,Normal
EVT003375,2026-08-30 11:37:01.735196,DDoS,South America,Server,2,909,55,0,428,1,-0.16999974316576333,13.361635872088156,Low,Normal
EVT003376,2026-08-30 11:45:01.735196,Ransomware,North America,Laptop,5,259,84,0,133,1,-0.16619180756832552,14.374954342828888,Low,Normal
EVT003377,2026-08-30 11:53:01.735196,Brute Force,Europe,Server,1,754,43,0,336,1,-0.18457618621321692,9.48274175748613,Low,Normal
EVT003378,2026-08-30 12:01:01.735196,Malware,South America,Router,4,342,55,0,183,1,-0.2065554790959212,3.633897184891351,Low,Normal
EVT003379,2026-08-30 12:09:01.735196,Brute Force,Asia,Server,3,855,85,0,412,1,-0.17046992835828062,13.236516282206662,Low,Normal
EVT003380,2026-08-30 12:17:01.735196,Unauthorized Access,Oceania,Router,3,659,60,0,119,1,-0.2091590411947944,2.9410709810333153,Low,Normal
EVT003381,2026-08-30 12:25:01.735196,Brute Force,Africa,Firewall,32,12792,364,1,862,-1,0.10783635156593607,87.29577667518802,High,Suspicious
EVT003382,2026-08-30 12:33:01.735196,Malware,Oceania,Firewall,2,459,17,0,84,1,-0.18132907971687123,10.346819656131066,Low,Normal
EVT003383,2026-08-30 12:41:01.735196,Phishing,Africa,Desktop,1,203,13,0,112,1,-0.14617201131067176,19.702363068437748,Low,Normal
EVT003384,2026-08-30 12:49:01.735196,DDoS,Africa,Server,3,228,63,0,244,1,-0.20120072215445184,5.058835705061972,Low,Normal
EVT003385,2026-08-30 12:57:01.735196,DDoS,Europe,Server,2,308,36,0,162,1,-0.20567657970627595,3.8677785000190377,Low,Normal
EVT003386,2026-08-30 13:05:01.735196,Brute Force,Africa,Router,5,534,28,0,21,1,-0.14651930608518726,19.60994548394785,Low,Normal
EVT003387,2026-08-30 13:13:01.735196,DDoS,North America,Laptop,3,336,42,0,207,1,-0.21106692451706804,2.433369797279338,Low,Normal
EVT003388,2026-08-30 13:21:01.735196,Unauthorized Access,Asia,Router,2,614,10,0,201,1,-0.1878765234214403,8.604498791660795,Low,Normal
EVT003389,2026-08-30 13:29:01.735196,Brute Force,Africa,Firewall,0,135,83,0,114,1,-0.10230314265352003,31.37617785950239,Low,Normal
EVT003390,2026-08-30 13:37:01.735196,Malware,South America,Router,4,232,29,0,28,1,-0.16157458906539723,15.603628692156438,Low,Normal
EVT003391,2026-08-30 13:45:01.735196,Unauthorized Access,Oceania,Server,2,566,5,0,65,1,-0.14724483026422502,19.416878392140248,Low,Normal
EVT003392,2026-08-30 13:53:01.735196,Unauthorized Access,North America,Router,3,958,42,0,324,1,-0.18311032209338934,9.872818519608064,Low,Normal
EVT003393,2026-08-30 14:01:01.735196,DDoS,Asia,Router,5,708,26,1,89,1,-0.034453181749888206,49.43153012673822,Medium,Normal
EVT003394,2026-08-30 14:09:01.735196,Brute Force,Asia,Desktop,7,398,87,0,483,1,-0.09882896314727452,32.300681484699275,Low,Normal
EVT003395,2026-08-30 14:17:01.735196,Brute Force,North America,Server,2,269,17,0,183,1,-0.18145274895784658,10.313910400463213,Low,Normal
EVT003396,2026-08-30 14:25:01.735196,Phishing,South America,Firewall,0,231,32,0,429,1,-0.1205429308519011,26.52244180990781,Low,Normal
EVT003397,2026-08-30 14:33:01.735196,Phishing,South America,Firewall,2,964,18,0,169,1,-0.16330917424589692,15.142043363965449,Low,Normal
EVT003398,2026-08-30 14:41:01.735196,Unauthorized Access,Oceania,Firewall,6,228,32,0,446,1,-0.13761105562896664,21.980493645357598,Low,Normal
EVT003399,2026-08-30 14:49:01.735196,Malware,South America,Desktop,3,829,73,0,231,1,-0.19595989673569758,6.453456244948337,Low,Normal
EVT003400,2026-08-30 14:57:01.735196,Brute Force,Asia,Laptop,3,186,15,0,342,1,-0.16982899875275909,13.407072162447006,Low,Normal
EVT003401,2026-08-30 15:05:01.735196,Brute Force,Africa,Firewall,117,13610,502,1,1250,-1,0.11121362459125106,88.19449280357759,High,Suspicious
EVT003402,2026-08-30 15:13:01.735196,Malware,Asia,Laptop,4,493,45,0,364,1,-0.20307009640105683,4.561382057451321,Low,Normal
EVT003403,2026-08-30 15:21:01.735196,DDoS,Africa,Router,2,534,66,0,251,1,-0.20837382837182772,3.150021641204663,Low,Normal
EVT003404,2026-08-30 15:29:01.735196,Brute Force,Europe,Desktop,3,998,28,0,57,1,-0.1559406772154351,17.10285229875657,Low,Normal
EVT003405,2026-08-30 15:37:01.735196,DDoS,Africa,Firewall,2,600,80,0,215,1,-0.20291299455179268,4.603187965553865,Low,Normal
EVT003406,2026-08-30 15:45:01.735196,Brute Force,North America,Server,5,947,73,0,405,1,-0.14439763862047483,20.174536133067377,Low,Normal
EVT003407,2026-08-30 15:53:01.735196,Malware,South America,Laptop,9,436,48,0,422,1,-0.0901564669052275,34.60849378998324,Low,Normal
EVT003408,2026-08-30 16:01:01.735196,Phishing,Africa,Server,5,532,46,0,226,1,-0.20486814450825286,4.082908797680833,Low,Normal
EVT003409,2026-08-30 16:09:01.735196,DDoS,North America,Server,4,865,42,1,14,1,-0.017769749601760698,53.87110887445191,Medium,Normal
EVT003410,2026-08-30 16:17:01.735196,DDoS,Europe,Firewall,2,101,93,0,232,1,-0.13711461027794336,22.11260124829178,Low,Normal
EVT003411,2026-08-30 16:25:01.735196,Brute Force,Africa,Router,1,680,73,0,191,1,-0.18925793616428233,8.23689513550119,Low,Normal
EVT003412,2026-08-30 16:33:01.735196,Ransomware,North America,Router,6,327,20,0,473,1,-0.12467812289499652,25.42203809505818,Low,Normal
EVT003413,2026-08-30 16:41:01.735196,Brute Force,Oceania,Desktop,3,754,56,0,47,1,-0.1861712090683208,9.058294946616247,Low,Normal
EVT003414,2026-08-30 16:49:01.735196,Unauthorized Access,Asia,Firewall,1,710,91,0,496,1,-0.11724637969586482,27.399677280591956,Low,Normal
EVT003415,2026-08-30 16:57:01.735196,Phishing,Asia,Firewall,0,217,54,0,81,1,-0.12225576196083898,26.06664539331034,Low,Normal
EVT003416,2026-08-30 17:05:01.735196,Unauthorized Access,Oceania,Desktop,4,671,38,1,82,1,-0.04631269016281547,46.27563144588596,Medium,Normal
EVT003417,2026-08-30 17:13:01.735196,Ransomware,South America,Router,1,829,16,0,284,1,-0.16864726232692823,13.721540544907903,Low,Normal
EVT003418,2026-08-30 17:21:01.735196,Ransomware,Oceania,Laptop,2,461,61,0,211,1,-0.21201485737550319,2.181118190103863,Low,Normal
EVT003419,2026-08-30 17:29:01.735196,Brute Force,South America,Server,7,326,64,0,105,1,-0.12347939197545693,25.741028831937978,Low,Normal
EVT003420,2026-08-30 17:37:01.735196,Phishing,Europe,Router,6,267,69,0,255,1,-0.1603461782339461,15.930517462545563,Low,Normal
EVT003421,2026-08-30 17:45:01.735196,Malware,Asia,Laptop,2,599,17,0,271,1,-0.1984088404536155,5.801775080791976,Low,Normal
EVT003422,2026-08-30 17:53:01.735196,Malware,Africa,Router,5,281,88,0,175,1,-0.16622336989975134,14.366555384234383,Low,Normal
EVT003423,2026-08-30 18:01:01.735196,Malware,Africa,Router,3,647,62,0,460,1,-0.18730337073647563,8.757018756184387,Low,Normal
EVT003424,2026-08-30 18:09:01.735196,Malware,Asia,Firewall,2,535,63,1,76,1,-0.04679368378929938,46.14763565563345,Medium,Normal
EVT003425,2026-08-30 18:17:01.735196,Ransomware,Oceania,Server,1,131,91,0,472,1,-0.11281799181284546,28.57810247257454,Low,Normal
EVT003426,2026-08-30 18:25:01.735196,Ransomware,Asia,Router,2,977,5,0,428,1,-0.11396470461202363,28.2729541237359,Low,Normal
EVT003427,2026-08-30 18:33:01.735196,Ransomware,Asia,Firewall,5,974,95,0,146,1,-0.12707501953942907,24.78420702357309,Low,Normal
EVT003428,2026-08-30 18:41:01.735196,Ransomware,Africa,Firewall,4,452,15,0,223,1,-0.19147157134239107,7.6478312303846385,Low,Normal
EVT003429,2026-08-30 18:49:01.735196,Phishing,North America,Firewall,3,816,96,0,150,1,-0.17038118840768818,13.260130607797791,Low,Normal
EVT003430,2026-08-30 18:57:01.735196,Brute Force,Europe,Desktop,3,787,72,1,347,1,-0.05311325517591259,44.46595321921605,Medium,Normal
EVT003431,2026-08-30 19:05:01.735196,Unauthorized Access,North America,Laptop,6,716,89,0,256,1,-0.14707411293086442,19.46230747641528,Low,Normal
EVT003432,2026-08-30 19:13:01.735196,Unauthorized Access,Oceania,Router,3,591,93,1,313,1,-0.0445940194776796,46.73298181482094,Medium,Normal
EVT003433,2026-08-30 19:21:01.735196,Unauthorized Access,Africa,Desktop,4,530,41,0,235,1,-0.21608934790843087,1.0968675744548124,Low,Normal
EVT003434,2026-08-30 19:29:01.735196,Brute Force,Africa,Router,4,337,8,0,128,1,-0.16396360282903089,14.967895310748231,Low,Normal
EVT003435,2026-08-30 19:37:01.735196,Malware,Europe,Laptop,3,333,57,0,178,1,-0.20900341219576463,2.9824849533194713,Low,Normal
EVT003436,2026-08-30 19:45:01.735196,Unauthorized Access,Europe,Laptop,1,528,22,0,157,1,-0.1830021130947253,9.901613695955165,Low,Normal
EVT003437,2026-08-30 19:53:01.735196,Malware,Asia,Server,4,899,26,0,138,1,-0.1764860070199591,11.635595396514727,Low,Normal
EVT003438,2026-08-30 20:01:01.735196,Malware,Europe,Firewall,4,674,65,0,268,1,-0.206764116375165,3.5783773360564353,Low,Normal
EVT003439,2026-08-30 20:09:01.735196,DDoS,Oceania,Router,1,656,19,0,14,1,-0.12845214237126812,24.417744942932796,Low,Normal
EVT003440,2026-08-30 20:17:01.735196,Unauthorized Access,North America,Laptop,5,193,9,0,214,1,-0.14499908736075112,20.01448638901819,Low,Normal
EVT003441,2026-08-30 20:25:01.735196,DDoS,South America,Router,1,798,29,0,158,1,-0.1744550874638926,12.176037388268858,Low,Normal
EVT003442,2026-08-30 20:33:01.735196,Unauthorized Access,Asia,Firewall,1,320,51,0,224,1,-0.19211998765809546,7.475283083857419,Low,Normal
EVT003443,2026-08-30 20:41:01.735196,Unauthorized Access,Europe,Laptop,4,226,65,0,318,1,-0.19692269364831216,6.197249208311226,Low,Normal
EVT003444,2026-08-30 20:49:01.735196,Ransomware,Oceania,Laptop,3,362,35,0,489,1,-0.1640887014469235,14.93460568781973,Low,Normal
EVT003445,2026-08-30 20:57:01.735196,Unauthorized Access,South America,Router,1,104,34,0,403,1,-0.13155485461076732,23.592091372585287,Low,Normal
EVT003446,2026-08-30 21:05:01.735196,Ransomware,Oceania,Server,3,728,12,0,270,1,-0.1904306516901354,7.924827278032452,Low,Normal
EVT003447,2026-08-30 21:13:01.735196,DDoS,Oceania,Desktop,1,571,55,0,21,1,-0.1584273677737053,16.441126434640783,Low,Normal
EVT003448,2026-08-30 21:21:01.735196,Ransomware,South America,Desktop,1,457,49,0,224,1,-0.19948009564738778,5.516706531981228,Low,Normal
EVT003449,2026-08-30 21:29:01.735196,Phishing,Africa,Firewall,2,387,66,0,471,1,-0.17021091422252277,13.305441767218273,Low,Normal
EVT003450,2026-08-30 21:37:01.735196,Phishing,South America,Desktop,1,392,49,0,95,1,-0.1858232087617725,9.150900278147091,Low,Normal
EVT003451,2026-08-30 21:45:01.735196,Brute Force,North America,Laptop,4,911,70,0,28,1,-0.14874209129663052,19.0184466905438,Low,Normal
EVT003452,2026-08-30 21:53:01.735196,Unauthorized Access,Europe,Server,4,262,63,0,82,1,-0.18791666975750998,8.593815568998272,Low,Normal
EVT003453,2026-08-30 22:01:01.735196,Ransomware,North America,Desktop,3,360,71,0,340,1,-0.20144038881368337,4.995058719762262,Low,Normal
EVT003454,2026-08-30 22:09:01.735196,Unauthorized Access,North America,Firewall,3,679,66,0,195,1,-0.20920804202658588,2.928031514722649,Low,Normal
EVT003455,2026-08-30 22:17:01.735196,Brute Force,Asia,Router,2,371,91,0,499,1,-0.12995862878395992,24.016858302694526,Low,Normal
EVT003456,2026-08-30 22:25:01.735196,Brute Force,Oceania,Desktop,4,980,6,0,360,1,-0.1284781621913989,24.410820885613756,Low,Normal
EVT003457,2026-08-30 22:33:01.735196,Malware,Africa,Server,4,848,42,0,237,1,-0.1959311255335936,6.461112464380461,Low,Normal
EVT003458,2026-08-30 22:41:01.735196,DDoS,Africa,Router,1,210,16,0,328,1,-0.15155170705244314,18.270788157935012,Low,Normal
EVT003459,2026-08-30 22:49:01.735196,DDoS,Oceania,Firewall,1,783,42,0,61,1,-0.1683855844069309,13.791174881658955,Low,Normal
EVT003460,2026-08-30 22:57:01.735196,Malware,Asia,Server,3,721,64,0,172,1,-0.20729174095665864,3.437972720389066,Low,Normal
EVT003461,2026-08-30 23:05:01.735196,Brute Force,Europe,Laptop,1,667,25,0,62,1,-0.1629829824059869,15.228845308989971,Low,Normal
EVT003462,2026-08-30 23:13:01.735196,Phishing,North America,Router,2,434,51,0,250,1,-0.2120702600234035,2.1663751554571844,Low,Normal
EVT003463,2026-08-30 23:21:01.735196,Malware,North America,Router,4,558,19,0,220,1,-0.1983536101722197,5.816472247498326,Low,Normal
EVT003464,2026-08-30 23:29:01.735196,Malware,Asia,Server,4,687,8,0,472,1,-0.14997133966699666,18.691335045153032,Low,Normal
EVT003465,2026-08-30 23:37:01.735196,Ransomware,Europe,Firewall,4,190,48,0,393,1,-0.18710030964459595,8.81105474230477,Low,Normal
EVT003466,2026-08-30 23:45:01.735196,Ransomware,Oceania,Desktop,2,516,81,0,325,1,-0.19795688848734416,5.922042680805615,Low,Normal
EVT003467,2026-08-30 23:53:01.735196,Phishing,Africa,Desktop,0,947,80,0,78,1,-0.10364453155401465,31.019224829563445,Low,Normal
EVT003468,2026-08-31 00:01:01.735196,Brute Force,South America,Router,1,444,25,0,275,1,-0.18558801730601737,9.213486380295832,Low,Normal
EVT003469,2026-08-31 00:09:01.735196,Brute Force,North America,Server,5,287,94,0,95,1,-0.15285553503502425,17.92383035268562,Low,Normal
EVT003470,2026-08-31 00:17:01.735196,Unauthorized Access,Europe,Desktop,4,450,64,0,492,1,-0.16306242061794923,15.207706241533526,Low,Normal
EVT003471,2026-08-31 00:25:01.735196,DDoS,North America,Desktop,2,561,49,0,184,1,-0.21749128502336929,0.7238022383866467,Low,Normal
EVT003472,2026-08-31 00:33:01.735196,Brute Force,Africa,Router,2,985,69,0,394,1,-0.15089168264227698,18.4464253001207,Low,Normal
EVT003473,2026-08-31 00:41:01.735196,Brute Force,North America,Desktop,2,272,44,0,443,1,-0.18399372295521288,9.637739331042901,Low,Normal
EVT003474,2026-08-31 00:49:01.735196,Ransomware,North America,Desktop,5,577,25,0,336,1,-0.18548047409622098,9.242104385538031,Low,Normal
EVT003475,2026-08-31 00:57:01.735196,Brute Force,North America,Firewall,1,113,76,0,400,1,-0.1392007234182075,21.557471855214082,Low,Normal
EVT003476,2026-08-31 01:05:01.735196,Malware,North America,Server,4,287,7,0,465,1,-0.1419103703547338,20.836415729208266,Low,Normal
EVT003477,2026-08-31 01:13:01.735196,Malware,Europe,Desktop,2,468,95,0,324,1,-0.1850888137115212,9.346327971236475,Low,Normal
EVT003478,2026-08-31 01:21:01.735196,Malware,Europe,Server,3,397,27,0,74,1,-0.18698116538705417,8.842759868024599,Low,Normal
EVT003479,2026-08-31 01:29:01.735196,Ransomware,South America,Server,3,930,26,0,482,1,-0.14306389899097893,20.529453638141902,Low,Normal
EVT003480,2026-08-31 01:37:01.735196,Phishing,Asia,Laptop,4,189,70,0,83,1,-0.17677434155549926,11.558867546702379,Low,Normal
EVT003481,2026-08-31 01:45:01.735196,Brute Force,Europe,Desktop,2,533,92,0,45,1,-0.15778994930572948,16.610747976461436,Low,Normal
EVT003482,2026-08-31 01:53:01.735196,Brute Force,Asia,Laptop,4,324,6,0,445,1,-0.14591622921785113,19.770428484069843,Low,Normal
EVT003483,2026-08-31 02:01:01.735196,Unauthorized Access,Asia,Router,3,192,59,0,151,1,-0.1924515843007919,7.387042882761054,Low,Normal
EVT003484,2026-08-31 02:09:01.735196,Phishing,Asia,Laptop,3,682,86,0,381,1,-0.18848712286999209,8.44201397971756,Low,Normal
EVT003485,2026-08-31 02:17:01.735196,Ransomware,Asia,Router,1,912,12,0,272,1,-0.15287091090177962,17.919738726294312,Low,Normal
EVT003486,2026-08-31 02:25:01.735196,DDoS,Asia,Firewall,3,814,52,0,141,1,-0.20242554482262748,4.7329017701815,Low,Normal
EVT003487,2026-08-31 02:33:01.735196,Brute Force,Africa,Router,0,131,7,0,322,1,-0.08476013087532219,36.044496798307776,Low,Normal
EVT003488,2026-08-31 02:41:01.735196,Brute Force,Europe,Server,2,897,74,0,465,1,-0.15179630991297088,18.20569761471901,Low,Normal
EVT003489,2026-08-31 02:49:01.735196,Unauthorized Access,South America,Laptop,5,135,13,0,188,1,-0.14396818947101847,20.28881557510438,Low,Normal
EVT003490,2026-08-31 02:57:01.735196,Phishing,Oceania,Router,1,167,78,0,12,1,-0.11944932490483534,26.813458051521582,Low,Normal
EVT003491,2026-08-31 03:05:01.735196,Brute Force,Asia,Laptop,3,893,6,0,94,1,-0.15098568232023918,18.421411324047455,Low,Normal
EVT003492,2026-08-31 03:13:01.735196,Unauthorized Access,Africa,Desktop,4,301,18,0,313,1,-0.17895363193981695,10.978943033004548,Low,Normal
EVT003493,2026-08-31 03:21:01.735196,Phishing,Asia,Laptop,2,600,88,0,196,1,-0.19245209989567835,7.386905679331927,Low,Normal
EVT003494,2026-08-31 03:29:01.735196,Malware,North America,Firewall,3,107,29,0,47,1,-0.14092883614733498,21.09760889189997,Low,Normal
EVT003495,2026-08-31 03:37:01.735196,Phishing,South America,Laptop,2,685,76,0,285,1,-0.20063001130948338,5.210705878771766,Low,Normal
EVT003496,2026-08-31 03:45:01.735196,Ransomware,Asia,Firewall,3,663,41,0,428,1,-0.19768431188516694,5.994577233612594,Low,Normal
EVT003497,2026-08-31 03:53:01.735196,Unauthorized Access,North America,Desktop,2,331,80,0,359,1,-0.1902770935732782,7.965690173993259,Low,Normal
EVT003498,2026-08-31 04:01:01.735196,Brute Force,Asia,Server,2,692,81,1,389,1,-0.0545476673424925,44.084246043278334,Medium,Normal
EVT003499,2026-08-31 04:09:01.735196,DDoS,Asia,Desktop,2,554,58,0,87,1,-0.2060091464592651,3.779280145744105,Low,Normal
EVT003500,2026-08-31 04:17:01.735196,Malware,Europe,Desktop,3,420,68,0,251,1,-0.20651068355750035,3.645817593030387,Low,Normal
EVT003501,2026-08-31 04:25:01.735196,DDoS,Africa,Laptop,5,714,95,0,99,1,-0.15139371284304826,18.312831529350653,Low,Normal
EVT003502,2026-08-31 04:33:01.735196,DDoS,Africa,Router,2,777,50,0,18,1,-0.15793985490090878,16.57085704223325,Low,Normal
EVT003503,2026-08-31 04:41:01.735196,Brute Force,South America,Router,2,338,77,0,383,1,-0.1870289098458503,8.830054731412993,Low,Normal
EVT003504,2026-08-31 04:49:01.735196,Phishing,Asia,Desktop,5,603,73,0,100,1,-0.18983961628032497,8.082105961533745,Low,Normal
EVT003505,2026-08-31 04:57:01.735196,DDoS,Oceania,Router,1,482,41,1,179,1,-0.05186722911435937,44.797529526348384,Medium,Normal
EVT003506,2026-08-31 05:05:01.735196,Phishing,Africa,Server,2,742,16,0,148,1,-0.1864200138894589,8.99208623209959,Low,Normal
EVT003507,2026-08-31 05:13:01.735196,Ransomware,Africa,Router,6,278,15,0,446,1,-0.12593614596069552,25.08726930066249,Low,Normal
EVT003508,2026-08-31 05:21:01.735196,Phishing,Africa,Laptop,1,259,54,0,64,1,-0.16773832733360222,13.963414545628813,Low,Normal
EVT003509,2026-08-31 05:29:01.735196,Unauthorized Access,Oceania,Firewall,4,326,31,0,203,1,-0.2020966236658534,4.820430005638224,Low,Normal
EVT003510,2026-08-31 05:37:01.735196,Unauthorized Access,Europe,Laptop,5,144,92,0,349,1,-0.14135661168141084,20.983774810698144,Low,Normal
EVT003511,2026-08-31 05:45:01.735196,Malware,North America,Desktop,5,673,47,0,105,1,-0.18915922597258,8.26316261244319,Low,Normal
EVT003512,2026-08-31 05:53:01.735196,Phishing,Asia,Router,0,994,79,1,76,-1,0.00806844705117149,60.746834907388106,Medium,Suspicious
EVT003513,2026-08-31 06:01:01.735196,DDoS,North America,Laptop,2,330,99,1,26,1,-0.010590295257715154,55.781612219507494,Medium,Normal
EVT003514,2026-08-31 06:09:01.735196,Phishing,Asia,Desktop,4,269,76,0,347,1,-0.18924056738861672,8.241517088983793,Low,Normal
EVT003515,2026-08-31 06:17:01.735196,Phishing,Europe,Router,4,150,25,0,315,1,-0.17296929948061435,12.571416030721085,Low,Normal
EVT003516,2026-08-31 06:25:01.735196,Phishing,Europe,Firewall,9,952,93,0,152,1,-0.048704428521668786,45.639173030508374,Medium,Normal
EVT003517,2026-08-31 06:33:01.735196,Ransomware,North America,Router,6,690,95,0,423,1,-0.12949351097064515,24.14062942729535,Low,Normal
EVT003518,2026-08-31 06:41:01.735196,Malware,South America,Firewall,3,290,22,0,327,1,-0.19139235935662963,7.668910097456375,Low,Normal
EVT003519,2026-08-31 06:49:01.735196,Brute Force,Europe,Router,3,541,55,1,440,1,-0.059690487878179654,42.715705292740694,Medium,Normal
EVT003520,2026-08-31 06:57:01.735196,DDoS,Oceania,Laptop,5,327,22,0,250,1,-0.1785995744155912,11.073160232802799,Low,Normal
EVT003521,2026-08-31 07:05:01.735196,Malware,South America,Laptop,7,655,39,1,393,1,-0.02096374561197112,53.021164050070915,Medium,Normal
EVT003522,2026-08-31 07:13:01.735196,Phishing,South America,Desktop,1,847,67,0,214,1,-0.1744341210625049,12.181616695283774,Low,Normal
EVT003523,2026-08-31 07:21:01.735196,Brute Force,Oceania,Router,3,859,33,0,189,1,-0.20062634357490988,5.211681888763007,Low,Normal
EVT003524,2026-08-31 07:29:01.735196,Unauthorized Access,North America,Desktop,2,771,28,0,154,1,-0.19577330812069216,6.50310878900453,Low,Normal
EVT003525,2026-08-31 07:37:01.735196,Brute Force,Africa,Server,3,255,44,0,151,1,-0.2024504472507126,4.7262750587523685,Low,Normal
EVT003526,2026-08-31 07:45:01.735196,Unauthorized Access,Europe,Laptop,3,224,68,0,451,1,-0.17558162557347318,11.876257666364044,Low,Normal
EVT003527,2026-08-31 07:53:01.735196,Ransomware,Africa,Server,3,665,17,0,88,1,-0.1900816919975596,8.017687908939394,Low,Normal
EVT003528,2026-08-31 08:01:01.735196,DDoS,North America,Laptop,2,137,33,0,121,1,-0.17568461621718878,11.848851131006482,Low,Normal
EVT003529,2026-08-31 08:09:01.735196,Phishing,North America,Laptop,2,260,8,0,329,1,-0.15780126796083105,16.607736002654402,Low,Normal
EVT003530,2026-08-31 08:17:01.735196,Malware,Asia,Router,4,688,96,0,352,1,-0.17256047577214312,12.680206897706695,Low,Normal
EVT003531,2026-08-31 08:25:01.735196,DDoS,Europe,Desktop,1,232,48,0,18,1,-0.14212384274262602,20.779609223922343,Low,Normal
EVT003532,2026-08-31 08:33:01.735196,Brute Force,South America,Server,2,410,94,1,352,1,-0.04163355846888994,47.52078133121318,Medium,Normal
EVT003533,2026-08-31 08:41:01.735196,DDoS,Europe,Laptop,3,737,8,0,223,1,-0.18212699449412934,10.134488916499691,Low,Normal
EVT003534,2026-08-31 08:49:01.735196,Unauthorized Access,North America,Router,1,235,56,0,414,1,-0.1669654439046261,14.169084267259063,Low,Normal
EVT003535,2026-08-31 08:57:01.735196,Ransomware,Oceania,Server,0,440,65,0,27,1,-0.10753186532668813,29.984777945421094,Low,Normal
EVT003536,2026-08-31 09:05:01.735196,DDoS,North America,Laptop,4,657,52,0,129,1,-0.2048493430397756,4.087912000806927,Low,Normal
EVT003537,2026-08-31 09:13:01.735196,Unauthorized Access,Africa,Router,2,843,46,1,57,1,-0.03841070401954527,48.378405589414214,Medium,Normal
EVT003538,2026-08-31 09:21:01.735196,Malware,South America,Router,6,940,60,0,406,1,-0.12340887634682163,25.75979353715519,Low,Normal
EVT003539,2026-08-31 09:29:01.735196,Malware,Asia,Router,2,330,72,0,266,1,-0.2031000767826403,4.553404066846955,Low,Normal
EVT003540,2026-08-31 09:37:01.735196,Brute Force,North America,Firewall,0,300,13,0,353,1,-0.11503735630745543,27.98751395600203,Low,Normal
EVT003541,2026-08-31 09:45:01.735196,DDoS,Africa,Desktop,4,729,13,0,323,1,-0.1791325718046225,10.931325875224536,Low,Normal
EVT003542,2026-08-31 09:53:01.735196,Brute Force,Asia,Firewall,10,854,33,0,266,1,-0.07240946017683558,39.331097221180926,Low,Normal
EVT003543,2026-08-31 10:01:01.735196,Malware,Europe,Router,3,243,51,0,496,1,-0.15885666438745366,16.326887583429546,Low,Normal
EVT003544,2026-08-31 10:09:01.735196,DDoS,Oceania,Server,3,998,20,0,106,1,-0.16128955896327224,15.679477208973452,Low,Normal
EVT003545,2026-08-31 10:17:01.735196,Ransomware,Oceania,Firewall,5,116,53,0,476,1,-0.13514112430281255,22.637759759820543,Low,Normal
EVT003546,2026-08-31 10:25:01.735196,Unauthorized Access,Africa,Router,1,333,76,1,49,1,-0.03142080738743647,50.23846629281742,Medium,Normal
EVT003547,2026-08-31 10:33:01.735196,DDoS,Asia,Server,3,460,54,0,105,1,-0.2041263886870886,4.280295243730746,Low,Normal
EVT003548,2026-08-31 10:41:01.735196,DDoS,South America,Desktop,1,532,11,0,359,1,-0.15690533009681573,16.846151375764595,Low,Normal
EVT003549,2026-08-31 10:49:01.735196,Unauthorized Access,Oceania,Desktop,1,142,59,0,237,1,-0.16462360510664048,14.792264058191662,Low,Normal
EVT003550,2026-08-31 10:57:01.735196,Ransomware,Oceania,Desktop,6,645,94,0,177,1,-0.14008633177483087,21.321805236741692,Low,Normal
EVT003551,2026-08-31 11:05:01.735196,Malware,Africa,Desktop,3,214,37,0,13,1,-0.15336725409789903,17.78765830749923,Low,Normal
EVT003552,2026-08-31 11:13:01.735196,Ransomware,South America,Server,3,505,11,0,83,1,-0.18093995509556887,10.450368457337417,Low,Normal
EVT003553,2026-08-31 11:21:01.735196,Ransomware,Oceania,Server,3,536,89,0,354,1,-0.18923882635296385,8.241980390828093,Low,Normal
EVT003554,2026-08-31 11:29:01.735196,Ransomware,Oceania,Server,5,440,36,0,386,1,-0.18134614225009893,10.342279195917168,Low,Normal
EVT003555,2026-08-31 11:37:01.735196,DDoS,Europe,Laptop,5,610,21,0,31,1,-0.14866377418690008,19.039287424803664,Low,Normal
EVT003556,2026-08-31 11:45:01.735196,Malware,Europe,Laptop,3,315,76,0,386,1,-0.18963039192831277,8.137782034565385,Low,Normal
EVT003557,2026-08-31 11:53:01.735196,DDoS,Asia,Desktop,1,812,71,0,135,1,-0.17192170259570677,12.850188936985985,Low,Normal
EVT003558,2026-08-31 12:01:01.735196,Brute Force,Africa,Laptop,6,309,17,0,497,1,-0.10263438748209064,31.28803127862172,Low,Normal
EVT003559,2026-08-31 12:09:01.735196,Brute Force,Africa,Firewall,8,666,36,0,389,1,-0.1036381350687936,31.020926979312684,Low,Normal
EVT003560,2026-08-31 12:17:01.735196,Malware,Asia,Desktop,0,449,93,1,422,1,-0.008822127407197011,56.252134132615886,Medium,Normal
EVT003561,2026-08-31 12:25:01.735196,Unauthorized Access,Oceania,Server,52,13749,773,1,1317,-1,0.10538084932205782,86.64235024110091,High,Suspicious
EVT003562,2026-08-31 12:33:01.735196,Brute Force,North America,Desktop,0,618,83,0,267,1,-0.14529272096059132,19.93634842088964,Low,Normal
EVT003563,2026-08-31 12:41:01.735196,Brute Force,Asia,Router,6,306,75,0,381,1,-0.15355330287353353,17.738149418500164,Low,Normal
EVT003564,2026-08-31 12:49:01.735196,Phishing,Oceania,Desktop,2,434,15,0,309,1,-0.18928332638222495,8.230138619756884,Low,Normal
EVT003565,2026-08-31 12:57:01.735196,Brute Force,North America,Router,0,480,74,0,344,1,-0.1431462734097882,20.507533225372285,Low,Normal
EVT003566,2026-08-31 13:05:01.735196,Phishing,Africa,Desktop,2,562,16,0,385,1,-0.17832452840385316,11.146351912878815,Low,Normal
EVT003567,2026-08-31 13:13:01.735196,Unauthorized Access,Africa,Firewall,5,136,15,0,241,1,-0.14532560791931765,19.927596969644956,Low,Normal
EVT003568,2026-08-31 13:21:01.735196,Phishing,Oceania,Server,5,248,97,1,228,1,-0.02709588219517256,51.38935933440189,Medium,Normal
EVT003569,2026-08-31 13:29:01.735196,DDoS,Europe,Router,1,157,45,0,32,1,-0.1397473085679194,21.412021698859462,Low,Normal
EVT003570,2026-08-31 13:37:01.735196,Brute Force,Europe,Desktop,3,266,27,0,104,1,-0.19021519378130552,7.982162144418162,Low,Normal
EVT003571,2026-08-31 13:45:01.735196,Malware,Africa,Router,5,659,84,0,418,1,-0.17038325624974976,13.25958034046738,Low,Normal
EVT003572,2026-08-31 13:53:01.735196,Brute Force,Asia,Desktop,5,837,98,0,119,1,-0.14147320591887436,20.95274826327355,Low,Normal
EVT003573,2026-08-31 14:01:01.735196,Phishing,North America,Router,56,12645,920,1,758,-1,0.12191649242422664,91.04260128323475,High,Suspicious
EVT003574,2026-08-31 14:09:01.735196,Ransomware,Asia,Router,4,131,93,0,28,1,-0.11804513832056412,27.1871219872157,Low,Normal
EVT003575,2026-08-31 14:17:01.735196,Brute Force,Asia,Server,6,518,23,0,44,1,-0.13749178580819188,22.012232184337698,Low,Normal
EVT003576,2026-08-31 14:25:01.735196,Malware,Oceania,Desktop,2,733,52,0,282,1,-0.2085019376065929,3.115930871931312,Low,Normal
EVT003577,2026-08-31 14:33:01.735196,Unauthorized Access,Asia,Firewall,1,309,18,0,362,1,-0.15723615353689863,16.758116929327123,Low,Normal
EVT003578,2026-08-31 14:41:01.735196,Unauthorized Access,South America,Firewall,2,403,30,0,474,1,-0.1659352701845438,14.443220746703062,Low,Normal
EVT003579,2026-08-31 14:49:01.735196,DDoS,South America,Firewall,3,876,44,0,272,1,-0.20150947104956712,4.976675450447471,Low,Normal
EVT003580,2026-08-31 14:57:01.735196,Ransomware,Asia,Desktop,147,13845,323,1,1443,-1,0.1417487597783207,96.32010724738339,High,Suspicious
EVT003581,2026-08-31 15:05:01.735196,Phishing,South America,Router,1,930,30,0,371,1,-0.1514290293218758,18.30343356570296,Low,Normal
EVT003582,2026-08-31 15:13:01.735196,Brute Force,Europe,Router,7,137,83,0,355,1,-0.09413531177355794,33.54969515903894,Low,Normal
EVT003583,2026-08-31 15:21:01.735196,Malware,Oceania,Firewall,5,387,16,0,203,1,-0.17477731877101899,12.09028936890062,Low,Normal
EVT003584,2026-08-31 15:29:01.735196,Brute Force,South America,Firewall,5,785,26,0,253,1,-0.1793290463279027,10.879042621378604,Low,Normal
EVT003585,2026-08-31 15:37:01.735196,Malware,Europe,Firewall,6,130,85,0,282,1,-0.12109989868010174,26.3742287497122,Low,Normal
EVT003586,2026-08-31 15:45:01.735196,Ransomware,Asia,Router,2,933,41,0,349,1,-0.18022140831820355,10.641578813438352,Low,Normal
EVT003587,2026-08-31 15:53:01.735196,Malware,Europe,Firewall,3,754,46,0,116,1,-0.20654163943853165,3.637580015155336,Low,Normal
EVT003588,2026-08-31 16:01:01.735196,Unauthorized Access,Asia,Firewall,3,565,74,0,386,1,-0.1948369276964218,6.752286212118418,Low,Normal
EVT003589,2026-08-31 16:09:01.735196,Malware,Asia,Firewall,1,255,83,0,457,1,-0.1413890960347851,20.975130495572024,Low,Normal
EVT003590,2026-08-31 16:17:01.735196,Phishing,South America,Firewall,2,234,48,0,103,1,-0.1927155777434889,7.316792369118096,Low,Normal
EVT003591,2026-08-31 16:25:01.735196,Unauthorized Access,North America,Server,3,719,74,0,188,1,-0.20341773988168405,4.46887167981017,Low,Normal
EVT003592,2026-08-31 16:33:01.735196,Phishing,North America,Firewall,3,526,23,0,224,1,-0.2093109097522094,2.900657688734749,Low,Normal
EVT003593,2026-08-31 16:41:01.735196,Phishing,Oceania,Router,3,432,15,0,250,1,-0.1919571848010202,7.5186060702741875,Low,Normal
EVT003594,2026-08-31 16:49:01.735196,Ransomware,Europe,Router,4,961,76,0,442,1,-0.1479938572238781,19.21755704494889,Low,Normal
EVT003595,2026-08-31 16:57:01.735196,Ransomware,Asia,Desktop,1,539,62,0,71,1,-0.1868105694473281,8.888156648598859,Low,Normal
EVT003596,2026-08-31 17:05:01.735196,Brute Force,Oceania,Desktop,5,360,99,0,493,1,-0.11785431568307647,27.237901234462374,Low,Normal
EVT003597,2026-08-31 17:13:01.735196,Unauthorized Access,South America,Laptop,4,705,46,0,462,1,-0.18119382306106663,10.38281240446159,Low,Normal
EVT003598,2026-08-31 17:21:01.735196,DDoS,South America,Desktop,10,778,15,0,25,1,-0.037415515209517025,48.64323233799542,Medium,Normal
EVT003599,2026-08-31 17:29:01.735196,DDoS,Europe,Laptop,2,557,55,0,52,1,-0.19515932897954413,6.666492960941012,Low,Normal
EVT003600,2026-08-31 17:37:01.735196,Malware,Africa,Desktop,3,553,51,0,17,1,-0.17568302852222517,11.849273627813837,Low,Normal
EVT003601,2026-08-31 17:45:01.735196,Brute Force,Europe,Server,3,244,8,0,337,1,-0.15872592922757012,16.36167712986368,Low,Normal
EVT003602,2026-08-31 17:53:01.735196,Brute Force,South America,Router,4,235,17,0,187,1,-0.18319240052098523,9.850976872184134,Low,Normal
EVT003603,2026-08-31 18:01:01.735196,Brute Force,North America,Firewall,1,690,78,0,210,1,-0.1844635558576292,9.512713488037438,Low,Normal
EVT003604,2026-08-31 18:09:01.735196,Unauthorized Access,Africa,Firewall,2,603,41,0,397,1,-0.20241077633204596,4.736831769496951,Low,Normal
EVT003605,2026-08-31 18:17:01.735196,Unauthorized Access,Africa,Router,0,173,35,0,214,1,-0.1281352819703419,24.50206372634943,Low,Normal
EVT003606,2026-08-31 18:25:01.735196,Ransomware,Africa,Laptop,3,390,83,0,348,1,-0.1885094426931379,8.436074517644581,Low,Normal
EVT003607,2026-08-31 18:33:01.735196,Brute Force,South America,Server,2,988,43,0,288,1,-0.17309498545418484,12.537970108311658,Low,Normal
EVT003608,2026-08-31 18:41:01.735196,Malware,Oceania,Firewall,2,509,26,0,353,1,-0.19935695832457073,5.5494742404824,Low,Normal
EVT003609,2026-08-31 18:49:01.735196,Brute Force,South America,Firewall,3,623,30,0,140,1,-0.20985944568336912,2.7546884157031584,Low,Normal
EVT003610,2026-08-31 18:57:01.735196,Phishing,Europe,Router,2,123,15,0,170,1,-0.15085701756661052,18.455649920801285,Low,Normal
EVT003611,2026-08-31 19:05:01.735196,Phishing,Europe,Router,1,291,47,0,130,1,-0.18991615530322403,8.061738388697625,Low,Normal
EVT003612,2026-08-31 19:13:01.735196,Phishing,Asia,Laptop,3,102,54,0,481,1,-0.14100789725904445,21.076570173475634,Low,Normal
EVT003613,2026-08-31 19:21:01.735196,Malware,Europe,Firewall,4,224,42,0,489,1,-0.1582986498307643,16.475379185445085,Low,Normal
EVT003614,2026-08-31 19:29:01.735196,Phishing,Oceania,Firewall,2,813,13,0,114,1,-0.17972171434754886,10.774550896927074,Low,Normal
EVT003615,2026-08-31 19:37:01.735196,Phishing,Europe,Router,3,322,22,0,190,1,-0.19887701073074882,5.677191674079374,Low,Normal
EVT003616,2026-08-31 19:45:01.735196,Malware,Africa,Desktop,2,512,28,0,191,1,-0.20797194411335546,3.2569658716910976,Low,Normal
EVT003617,2026-08-31 19:53:01.735196,Phishing,Europe,Router,3,893,83,0,351,1,-0.17839656139078286,11.127183427937105,Low,Normal
EVT003618,2026-08-31 20:01:01.735196,Malware,North America,Server,0,155,43,0,176,1,-0.12689095917588228,24.833186782116986,Low,Normal
EVT003619,2026-08-31 20:09:01.735196,DDoS,Africa,Router,3,889,27,0,471,1,-0.1562749861545708,17.013890336482866,Low,Normal
EVT003620,2026-08-31 20:17:01.735196,Malware,South America,Desktop,5,320,77,1,437,1,-0.03892937908922045,48.24038250184723,Medium,Normal
EVT003621,2026-08-31 20:25:01.735196,Unauthorized Access,North America,Firewall,3,899,15,0,118,1,-0.1783012583664147,11.152544233664672,Low,Normal
EVT003622,2026-08-31 20:33:01.735196,Unauthorized Access,Oceania,Server,3,743,51,1,62,1,-0.04316720581308253,47.11266697588677,Medium,Normal
EVT003623,2026-08-31 20:41:01.735196,Brute Force,North America,Desktop,7,414,27,0,101,1,-0.11907455735644212,26.913186334551526,Low,Normal
EVT003624,2026-08-31 20:49:01.735196,Brute Force,North America,Desktop,2,590,57,0,256,1,-0.2165186071312904,0.9826386732223323,Low,Normal
EVT003625,2026-08-31 20:57:01.735196,Unauthorized Access,Oceania,Router,2,348,56,0,318,1,-0.20349406242706913,4.448561713164543,Low,Normal
EVT003626,2026-08-31 21:05:01.735196,Malware,North America,Laptop,3,884,42,0,121,1,-0.1986358192521797,5.7413744245397,Low,Normal
EVT003627,2026-08-31 21:13:01.735196,Unauthorized Access,North America,Laptop,4,819,34,0,249,1,-0.19651328822978337,6.306194872438454,Low,Normal
EVT003628,2026-08-31 21:21:01.735196,Brute Force,Asia,Laptop,2,219,15,1,419,1,-0.03913629986887024,48.18531942563862,Medium,Normal
EVT003629,2026-08-31 21:29:01.735196,DDoS,Europe,Desktop,5,303,69,0,363,1,-0.18222563590068974,10.108239743768209,Low,Normal
EVT003630,2026-08-31 21:37:01.735196,Brute Force,Oceania,Server,1,789,69,0,213,1,-0.18196075758851815,10.178725727407926,Low,Normal
EVT003631,2026-08-31 21:45:01.735196,Brute Force,South America,Laptop,1,321,17,0,478,1,-0.1315289135814579,23.59899446311207,Low,Normal
EVT003632,2026-08-31 21:53:01.735196,Ransomware,Asia,Router,3,110,5,0,199,1,-0.11849208740214895,27.06818569003798,Low,Normal
EVT003633,2026-08-31 22:01:01.735196,DDoS,Oceania,Desktop,0,351,81,0,222,1,-0.1317909422314661,23.52926679463595,Low,Normal
EVT003634,2026-08-31 22:09:01.735196,Unauthorized Access,North America,Laptop,5,760,11,0,104,1,-0.15455696610149006,17.471067567647456,Low,Normal
EVT003635,2026-08-31 22:17:01.735196,Ransomware,North America,Laptop,4,576,42,0,304,1,-0.21154646497147483,2.305760706347032,Low,Normal
EVT003636,2026-08-31 22:25:01.735196,Unauthorized Access,Asia,Desktop,1,415,44,0,133,1,-0.18992092469963057,8.0604692187368,Low,Normal
EVT003637,2026-08-31 22:33:01.735196,Brute Force,Europe,Firewall,0,284,39,0,22,1,-0.10128344939788803,31.64752541357261,Low,Normal
EVT003638,2026-08-31 22:41:01.735196,DDoS,Oceania,Router,2,357,48,0,480,1,-0.17198318444656902,12.833828183632919,Low,Normal
EVT003639,2026-08-31 22:49:01.735196,Phishing,Oceania,Laptop,3,269,32,0,126,1,-0.19902894237297408,5.636761594468672,Low,Normal
EVT003640,2026-08-31 22:57:01.735196,Ransomware,South America,Desktop,4,491,18,0,425,1,-0.17804689160337311,11.220233020078497,Low,Normal
EVT003641,2026-08-31 23:05:01.735196,Malware,Europe,Firewall,1,422,88,1,128,1,-0.03550165447556508,49.152524153078595,Medium,Normal
EVT003642,2026-08-31 23:13:01.735196,Unauthorized Access,North America,Desktop,0,179,51,0,319,1,-0.13398168903678132,22.94629364665628,Low,Normal
EVT003643,2026-08-31 23:21:01.735196,Unauthorized Access,Oceania,Firewall,7,852,54,0,86,1,-0.1054771705546641,30.531546689521516,Low,Normal
EVT003644,2026-08-31 23:29:01.735196,Unauthorized Access,Europe,Desktop,5,705,93,0,448,1,-0.14618643657175318,19.698524404908646,Low,Normal
EVT003645,2026-08-31 23:37:01.735196,Unauthorized Access,Africa,Desktop,2,470,92,1,472,1,-0.03256820110692571,49.93313674629025,Medium,Normal
EVT003646,2026-08-31 23:45:01.735196,DDoS,South America,Laptop,3,936,94,0,185,1,-0.160019121307013,16.017549613317225,Low,Normal
EVT003647,2026-08-31 23:53:01.735196,DDoS,Europe,Router,1,458,34,0,348,1,-0.18810313664640038,8.54419541711825,Low,Normal
EVT003648,2026-09-01 00:01:01.735196,Malware,Oceania,Server,3,864,29,0,40,1,-0.1729227084476347,12.583814232602691,Low,Normal
EVT003649,2026-09-01 00:09:01.735196,Ransomware,Europe,Laptop,4,231,96,0,480,1,-0.1413244908536792,20.9923223890915,Low,Normal
EVT003650,2026-09-01 00:17:01.735196,Unauthorized Access,Oceania,Server,1,611,47,0,68,1,-0.1825886637682375,10.011635472459814,Low,Normal
EVT003651,2026-09-01 00:25:01.735196,Ransomware,South America,Router,4,839,40,0,111,1,-0.18576045023510668,9.167600763919419,Low,Normal
EVT003652,2026-09-01 00:33:01.735196,Brute Force,North America,Firewall,4,635,81,0,174,1,-0.19516228801186125,6.665705541609531,Low,Normal
EVT003653,2026-09-01 00:41:01.735196,Brute Force,Europe,Desktop,6,806,77,0,256,1,-0.15229264481283938,18.073619403614703,Low,Normal
EVT003654,2026-09-01 00:49:01.735196,DDoS,Oceania,Server,1,692,45,0,14,1,-0.14506118183494698,19.997962612283114,Low,Normal
EVT003655,2026-09-01 00:57:01.735196,Unauthorized Access,North America,Desktop,4,380,73,0,36,1,-0.16760932889620134,13.997741937983601,Low,Normal
EVT003656,2026-09-01 01:05:01.735196,Unauthorized Access,Oceania,Firewall,3,683,35,0,77,1,-0.19935671119360787,5.549540003771445,Low,Normal
EVT003657,2026-09-01 01:13:01.735196,Malware,South America,Firewall,5,491,26,0,381,1,-0.18106662545105623,10.416660583969758,Low,Normal
EVT003658,2026-09-01 01:21:01.735196,Phishing,Asia,Laptop,2,836,99,0,432,1,-0.14481245069034016,20.064151720956115,Low,Normal
EVT003659,2026-09-01 01:29:01.735196,Brute Force,Europe,Laptop,2,239,45,0,484,1,-0.16864321093152151,13.722618649747876,Low,Normal
EVT003660,2026-09-01 01:37:01.735196,DDoS,Europe,Server,4,612,39,0,47,1,-0.18646861341677817,8.979153555734204,Low,Normal
EVT003661,2026-09-01 01:45:01.735196,Ransomware,Africa,Desktop,4,403,91,0,317,1,-0.17747930577792387,11.371271604093765,Low,Normal
EVT003662,2026-09-01 01:53:01.735196,Phishing,Oceania,Server,4,677,81,0,114,1,-0.18755480604713942,8.690110049886023,Low,Normal
EVT003663,2026-09-01 02:01:01.735196,Phishing,Africa,Desktop,3,469,24,0,187,1,-0.20679983988055167,3.5688710597758515,Low,Normal
EVT003664,2026-09-01 02:09:01.735196,Phishing,Europe,Firewall,2,462,39,0,124,1,-0.20937951288434886,2.8824019122992537,Low,Normal
EVT003665,2026-09-01 02:17:01.735196,DDoS,South America,Server,3,961,86,0,389,1,-0.1484831204081774,19.08736066714315,Low,Normal
EVT003666,2026-09-01 02:25:01.735196,Malware,Asia,Server,2,655,17,0,133,1,-0.19213885195279318,7.470263162231761,Low,Normal
EVT003667,2026-09-01 02:33:01.735196,Malware,South America,Server,1,959,9,0,390,1,-0.11815122295894315,27.158892118096162,Low,Normal
EVT003668,2026-09-01 02:41:01.735196,Malware,Africa,Firewall,5,620,16,0,146,1,-0.176170516488806,11.719549647940708,Low,Normal
EVT003669,2026-09-01 02:49:01.735196,DDoS,Asia,Firewall,2,260,51,0,486,1,-0.16855564512819138,13.745920526486385,Low,Normal
EVT003670,2026-09-01 02:57:01.735196,DDoS,North America,Router,92,7165,895,1,1966,-1,0.11529852160918186,89.2815126581487,High,Suspicious
EVT003671,2026-09-01 03:05:01.735196,Phishing,Africa,Firewall,5,763,68,0,159,1,-0.18272026011151482,9.976616759061782,Low,Normal
EVT003672,2026-09-01 03:13:01.735196,Malware,Asia,Router,3,995,16,0,158,1,-0.1572666623974675,16.749998306744192,Low,Normal
EVT003673,2026-09-01 03:21:01.735196,DDoS,Oceania,Laptop,6,274,63,0,278,1,-0.1657964766042826,14.480154695531802,Low,Normal
EVT003674,2026-09-01 03:29:01.735196,DDoS,Africa,Desktop,4,475,64,0,185,1,-0.2113809997211159,2.3497921743601107,Low,Normal
EVT003675,2026-09-01 03:37:01.735196,Ransomware,Asia,Firewall,3,402,79,0,358,1,-0.1921152796144605,7.476535927413795,Low,Normal
EVT003676,2026-09-01 03:45:01.735196,Ransomware,Oceania,Firewall,2,538,13,0,256,1,-0.19514286087188587,6.670875240326065,Low,Normal
EVT003677,2026-09-01 03:53:01.735196,Brute Force,South America,Server,2,912,67,0,72,1,-0.1703807911861035,13.260236311257955,Low,Normal
EVT003678,2026-09-01 04:01:01.735196,Phishing,South America,Server,2,399,69,1,150,1,-0.05159362170247106,44.87033838487649,Medium,Normal
EVT003679,2026-09-01 04:09:01.735196,Unauthorized Access,South America,Router,6,462,44,0,56,1,-0.14907110547456448,18.93089370150155,Low,Normal
EVT003680,2026-09-01 04:17:01.735196,Malware,South America,Desktop,2,929,41,0,296,1,-0.1834015088648676,9.79533166973255,Low,Normal
EVT003681,2026-09-01 04:25:01.735196,DDoS,Asia,Firewall,4,955,42,0,440,1,-0.1548980979141923,17.38028999068396,Low,Normal
EVT003682,2026-09-01 04:33:01.735196,Phishing,North America,Laptop,3,810,92,0,225,1,-0.1772428142128396,11.434203674487895,Low,Normal
EVT003683,2026-09-01 04:41:01.735196,Unauthorized Access,Asia,Desktop,7,307,50,0,27,1,-0.09845665175653195,32.39975616688677,Low,Normal
EVT003684,2026-09-01 04:49:01.735196,DDoS,North America,Desktop,5,616,26,0,141,1,-0.18455246426377847,9.489054335236693,Low,Normal
EVT003685,2026-09-01 04:57:01.735196,Phishing,Africa,Laptop,3,567,6,0,155,1,-0.1757066283932473,11.842993535989303,Low,Normal
EVT003686,2026-09-01 05:05:01.735196,Phishing,South America,Laptop,2,576,56,0,486,1,-0.1749613009331532,12.041330420303154,Low,Normal
EVT003687,2026-09-01 05:13:01.735196,Unauthorized Access,Oceania,Laptop,4,441,86,0,51,1,-0.1679874387595724,13.897124241407809,Low,Normal
EVT003688,2026-09-01 05:21:01.735196,Unauthorized Access,South America,Firewall,2,334,33,0,299,1,-0.19767043168467158,5.998270852682465,Low,Normal
EVT003689,2026-09-01 05:29:01.735196,Brute Force,Asia,Laptop,4,308,98,0,113,1,-0.15887193090710938,16.322825055071274,Low,Normal
EVT003690,2026-09-01 05:37:01.735196,DDoS,Asia,Desktop,4,489,60,0,346,1,-0.20803247468777236,3.2408582596972213,Low,Normal
EVT003691,2026-09-01 05:45:01.735196,Ransomware,Oceania,Desktop,5,844,21,0,116,1,-0.16671579706868733,14.235517047842047,Low,Normal
EVT003692,2026-09-01 05:53:01.735196,Ransomware,South America,Desktop,2,760,36,0,362,1,-0.19616843502706133,6.397962737485191,Low,Normal
EVT003693,2026-09-01 06:01:01.735196,DDoS,South America,Server,5,414,40,0,40,1,-0.16835501805128422,13.79930880408686,Low,Normal
EVT003694,2026-09-01 06:09:01.735196,DDoS,North America,Router,3,549,90,0,20,1,-0.1475192483699458,19.343853802275955,Low,Normal
EVT003695,2026-09-01 06:17:01.735196,Phishing,South America,Desktop,5,557,62,0,250,1,-0.20282939446013648,4.625434538496917,Low,Normal
EVT003696,2026-09-01 06:25:01.735196,Brute Force,Europe,Laptop,134,5158,871,1,1816,-1,0.1328157492986849,93.94297026942972,High,Suspicious
EVT003697,2026-09-01 06:33:01.735196,Ransomware,Asia,Desktop,3,503,54,0,423,1,-0.19603348043283186,6.433875105104027,Low,Normal
EVT003698,2026-09-01 06:41:01.735196,DDoS,South America,Desktop,76,6944,799,1,1612,-1,0.07553570165019485,78.70034633267544,High,Suspicious
EVT003699,2026-09-01 06:49:01.735196,Brute Force,Europe,Laptop,4,307,67,0,270,1,-0.20264555310095023,4.6743560184386626,Low,Normal
EVT003700,2026-09-01 06:57:01.735196,DDoS,Asia,Server,2,935,52,0,471,1,-0.1517938855450987,18.206342756077596,Low,Normal
EVT003701,2026-09-01 07:05:01.735196,Phishing,Asia,Router,3,804,21,0,95,1,-0.18980863349031146,8.090350700078403,Low,Normal
EVT003702,2026-09-01 07:13:01.735196,Unauthorized Access,South America,Server,3,836,98,0,145,1,-0.1637471785346924,15.025487339121238,Low,Normal
EVT003703,2026-09-01 07:21:01.735196,DDoS,Oceania,Router,4,832,99,0,239,1,-0.15664658575352164,16.915005067102236,Low,Normal
EVT003704,2026-09-01 07:29:01.735196,Unauthorized Access,Africa,Router,1,615,12,0,172,1,-0.17169131803567472,12.91149589034177,Low,Normal
EVT003705,2026-09-01 07:37:01.735196,Malware,Oceania,Desktop,1,630,86,0,13,1,-0.13141225085704772,23.63003923539533,Low,Normal
EVT003706,2026-09-01 07:45:01.735196,Ransomware,South America,Desktop,3,925,32,0,99,1,-0.18626096668817593,9.03440981206982,Low,Normal
EVT003707,2026-09-01 07:53:01.735196,Phishing,Oceania,Server,3,645,60,0,377,1,-0.20570740393665504,3.8595759553093743,Low,Normal
EVT003708,2026-09-01 08:01:01.735196,Brute Force,South America,Laptop,2,906,26,0,365,1,-0.17537132008741046,11.932221436777821,Low,Normal
EVT003709,2026-09-01 08:09:01.735196,Unauthorized Access,Asia,Firewall,4,338,75,0,261,1,-0.19742261238452763,6.064217313124409,Low,Normal
EVT003710,2026-09-01 08:17:01.735196,Malware,South America,Laptop,4,991,70,0,352,1,-0.16221583668364814,15.432988186489965,Low,Normal
EVT003711,2026-09-01 08:25:01.735196,Unauthorized Access,Oceania,Desktop,7,847,38,0,449,1,-0.10176612180678135,31.519082887502154,Low,Normal
EVT003712,2026-09-01 08:33:01.735196,Ransomware,Oceania,Server,2,345,11,0,87,1,-0.1701173707757173,13.330334336968797,Low,Normal
EVT003713,2026-09-01 08:41:01.735196,Malware,Oceania,Desktop,5,144,25,0,394,1,-0.1515706579933836,18.265745179134164,Low,Normal
EVT003714,2026-09-01 08:49:01.735196,Ransomware,South America,Laptop,0,143,66,0,344,1,-0.11598031095497557,27.73658708579816,Low,Normal
EVT003715,2026-09-01 08:57:01.735196,DDoS,Europe,Router,1,566,54,0,42,1,-0.17553826379985826,11.887796539594369,Low,Normal
EVT003716,2026-09-01 09:05:01.735196,Phishing,Oceania,Desktop,3,901,83,1,416,1,-0.04101326340864064,47.68584621368724,Medium,Normal
EVT003717,2026-09-01 09:13:01.735196,Brute Force,North America,Laptop,2,815,50,0,270,1,-0.20433541243078657,4.2246725539838295,Low,Normal
EVT003718,2026-09-01 09:21:01.735196,DDoS,South America,Router,3,711,75,0,362,1,-0.1945593103849339,6.826162133160087,Low,Normal
EVT003719,2026-09-01 09:29:01.735196,Malware,Africa,Server,4,431,78,0,61,1,-0.18292704406163462,9.921590094154393,Low,Normal
EVT003720,2026-09-01 09:37:01.735196,Unauthorized Access,Asia,Server,2,574,12,0,465,1,-0.15526442126087098,17.282808769178313,Low,Normal
EVT003721,2026-09-01 09:45:01.735196,Malware,Africa,Desktop,3,382,33,0,79,1,-0.1932860552358328,7.1649842921845215,Low,Normal
EVT003722,2026-09-01 09:53:01.735196,DDoS,Asia,Firewall,5,935,35,0,490,1,-0.12001355178668455,26.663313306045595,Low,Normal
EVT003723,2026-09-01 10:01:01.735196,Malware,Oceania,Server,1,834,12,0,38,1,-0.12899851430614173,24.272351524547698,Low,Normal
EVT003724,2026-09-01 10:09:01.735196,Unauthorized Access,North America,Firewall,5,396,46,0,125,1,-0.1871468133693061,8.79867977376834,Low,Normal
EVT003725,2026-09-01 10:17:01.735196,Unauthorized Access,North America,Firewall,3,690,24,0,46,1,-0.18109833198223296,10.408223252806353,Low,Normal
EVT003726,2026-09-01 10:25:01.735196,Unauthorized Access,Oceania,Laptop,4,469,99,0,49,1,-0.14121597671472746,21.021198765417378,Low,Normal
EVT003727,2026-09-01 10:33:01.735196,Brute Force,South America,Desktop,0,727,33,0,443,1,-0.12410740452190505,25.573910272054505,Low,Normal
EVT003728,2026-09-01 10:41:01.735196,Brute Force,Europe,Desktop,5,799,31,0,132,1,-0.18120501050751764,10.379835346200192,Low,Normal
EVT003729,2026-09-01 10:49:01.735196,Brute Force,Africa,Desktop,1,665,25,0,118,1,-0.1783708774108989,11.134018115802112,Low,Normal
EVT003730,2026-09-01 10:57:01.735196,Brute Force,Oceania,Router,1,717,55,0,311,1,-0.19077904878654806,7.832116357925262,Low,Normal
EVT003731,2026-09-01 11:05:01.735196,DDoS,Africa,Desktop,2,605,67,0,470,1,-0.1789485200821454,10.980303334318956,Low,Normal
EVT003732,2026-09-01 11:13:01.735196,DDoS,North America,Server,33,9111,990,1,1541,-1,0.1101901738535267,87.92214535706952,High,Suspicious
EVT003733,2026-09-01 11:21:01.735196,DDoS,Europe,Desktop,3,998,21,0,270,1,-0.1692086390946722,13.572154234860417,Low,Normal
EVT003734,2026-09-01 11:29:01.735196,Unauthorized Access,Oceania,Desktop,4,854,36,1,172,1,-0.0434635709858483,47.03380211697217,Medium,Normal
EVT003735,2026-09-01 11:37:01.735196,Brute Force,Oceania,Laptop,3,571,69,0,235,1,-0.21259655644547282,2.0263239723630098,Low,Normal
EVT003736,2026-09-01 11:45:01.735196,Unauthorized Access,Asia,Firewall,2,806,32,0,463,1,-0.16676805739060258,14.2216102082623,Low,Normal
EVT003737,2026-09-01 11:53:01.735196,Phishing,Europe,Desktop,5,509,44,0,136,1,-0.19602383421802727,6.436442030773884,Low,Normal
EVT003738,2026-09-01 12:01:01.735196,Malware,Africa,Firewall,4,281,57,0,241,1,-0.204791025782236,4.103430633597765,Low,Normal
EVT003739,2026-09-01 12:09:01.735196,Malware,Europe,Firewall,2,245,46,0,94,1,-0.19354533527677614,7.095988047931055,Low,Normal
EVT003740,2026-09-01 12:17:01.735196,Malware,Asia,Desktop,4,909,25,0,196,1,-0.18020362200672552,10.646311876140139,Low,Normal
EVT003741,2026-09-01 12:25:01.735196,Brute Force,Europe,Laptop,2,664,20,0,142,1,-0.1978619592896943,5.947304008611665,Low,Normal
EVT003742,2026-09-01 12:33:01.735196,DDoS,Asia,Laptop,3,978,85,0,428,1,-0.14211254764351428,20.78261492931465,Low,Normal
EVT003743,2026-09-01 12:41:01.735196,Phishing,Asia,Server,5,200,8,0,62,1,-0.12369616319021448,25.6833444855991,Low,Normal
EVT003744,2026-09-01 12:49:01.735196,DDoS,North America,Router,4,833,88,0,336,1,-0.17512220113579174,11.998513743626884,Low,Normal
EVT003745,2026-09-01 12:57:01.735196,Brute Force,Oceania,Laptop,64,6964,757,1,1433,-1,0.07464518531654207,78.46337366696285,High,Suspicious
EVT003746,2026-09-01 13:05:01.735196,DDoS,South America,Router,4,293,26,0,164,1,-0.19525720773442362,6.640446735190969,Low,Normal
EVT003747,2026-09-01 13:13:01.735196,DDoS,Africa,Server,4,462,21,0,63,1,-0.17692334731159637,11.519216065988923,Low,Normal
EVT003748,2026-09-01 13:21:01.735196,Phishing,Africa,Firewall,1,521,85,0,227,1,-0.1788747063685649,10.999945683158947,Low,Normal
EVT003749,2026-09-01 13:29:01.735196,Malware,Europe,Laptop,8,624,29,0,48,1,-0.08414073373107556,36.2093227390121,Low,Normal
EVT003750,2026-09-01 13:37:01.735196,DDoS,Oceania,Firewall,4,685,43,0,421,1,-0.19362092235579764,7.075873794062539,Low,Normal
EVT003751,2026-09-01 13:45:01.735196,Ransomware,South America,Laptop,5,637,7,0,202,1,-0.16159343125811276,15.59861465202384,Low,Normal
EVT003752,2026-09-01 13:53:01.735196,Malware,Africa,Desktop,4,556,79,1,338,1,-0.054955305909971885,43.975770550654175,Medium,Normal
EVT003753,2026-09-01 14:01:01.735196,Unauthorized Access,North America,Router,1,517,35,0,13,1,-0.1491337331842983,18.914228027035797,Low,Normal
EVT003754,2026-09-01 14:09:01.735196,DDoS,South America,Router,147,14080,463,1,1226,-1,0.13392350238447048,94.23775116425416,High,Suspicious
EVT003755,2026-09-01 14:17:01.735196,Malware,Asia,Desktop,3,586,64,0,114,1,-0.20925474799220195,2.91560272845736,Low,Normal
EVT003756,2026-09-01 14:25:01.735196,Malware,South America,Desktop,2,306,73,0,183,1,-0.20223356210440074,4.783989723079932,Low,Normal
EVT003757,2026-09-01 14:33:01.735196,Brute Force,North America,Router,1,808,19,0,334,1,-0.16593924956716866,14.442161804971319,Low,Normal
EVT003758,2026-09-01 14:41:01.735196,Malware,Asia,Desktop,4,657,73,0,94,1,-0.1960079928192976,6.440657538500945,Low,Normal
EVT003759,2026-09-01 14:49:01.735196,Phishing,Europe,Firewall,47,9431,416,1,1724,-1,0.10777781043778556,87.28019846885154,High,Suspicious
EVT003760,2026-09-01 14:57:01.735196,Unauthorized Access,Europe,Laptop,105,7193,702,1,1198,-1,0.08107620421072803,80.17471306974741,High,Suspicious
EVT003761,2026-09-01 15:05:01.735196,Malware,North America,Firewall,2,703,23,0,351,1,-0.19018462057337954,7.99029789028583,Low,Normal
EVT003762,2026-09-01 15:13:01.735196,Brute Force,Oceania,Desktop,1,610,23,0,56,1,-0.15990700475602887,16.047384616846283,Low,Normal
EVT003763,2026-09-01 15:21:01.735196,DDoS,Europe,Router,3,432,80,0,197,1,-0.19981623788285185,5.42725671664795,Low,Normal
EVT003764,2026-09-01 15:29:01.735196,Unauthorized Access,Europe,Laptop,6,537,17,0,235,1,-0.15862628268367351,16.388193776716594,Low,Normal
EVT003765,2026-09-01 15:37:01.735196,Malware,Europe,Server,2,737,31,0,199,1,-0.20302324409441347,4.57384978609423,Low,Normal
EVT003766,2026-09-01 15:45:01.735196,Ransomware,South America,Desktop,2,880,37,0,420,1,-0.17845085500065616,11.11273551611716,Low,Normal
EVT003767,2026-09-01 15:53:01.735196,Ransomware,Africa,Desktop,5,829,21,1,182,1,-0.03913887447864528,48.18463430385196,Medium,Normal
EVT003768,2026-09-01 16:01:01.735196,Malware,Asia,Server,65,12419,708,1,1690,-1,0.105309217384852,86.62328847831415,High,Suspicious
EVT003769,2026-09-01 16:09:01.735196,Malware,Oceania,Laptop,5,772,99,0,323,1,-0.15234216659656752,18.060441308326137,Low,Normal
EVT003770,2026-09-01 16:17:01.735196,Malware,Africa,Router,0,102,20,0,107,1,-0.08593128707403197,35.73284388876969,Low,Normal
EVT003771,2026-09-01 16:25:01.735196,Brute Force,Africa,Laptop,3,516,93,0,167,1,-0.18728642375549015,8.76152846713313,Low,Normal
EVT003772,2026-09-01 16:33:01.735196,Malware,Asia,Laptop,3,702,80,0,129,1,-0.19435008777346352,6.881837743021293,Low,Normal
EVT003773,2026-09-01 16:41:01.735196,Malware,North America,Router,1,437,31,0,164,1,-0.19093767847232013,7.789903881771833,Low,Normal
EVT003774,2026-09-01 16:49:01.735196,DDoS,Africa,Router,3,113,81,0,403,1,-0.1508140496954561,18.467083973813757,Low,Normal
EVT003775,2026-09-01 16:57:01.735196,Unauthorized Access,Oceania,Server,3,907,16,0,151,1,-0.17740145819069109,11.391987395111517,Low,Normal
EVT003776,2026-09-01 17:05:01.735196,DDoS,Asia,Laptop,1,854,40,0,37,1,-0.15057669408717173,18.53024597218639,Low,Normal
EVT003777,2026-09-01 17:13:01.735196,Unauthorized Access,Asia,Firewall,3,641,41,0,482,1,-0.18018398239012973,10.651538116381221,Low,Normal
EVT003778,2026-09-01 17:21:01.735196,Malware,South America,Router,6,954,62,0,352,1,-0.14175835885709037,20.876867058907933,Low,Normal
EVT003779,2026-09-01 17:29:01.735196,Unauthorized Access,Europe,Laptop,1,235,7,0,136,1,-0.1383397820661451,21.78657441011452,Low,Normal
EVT003780,2026-09-01 17:37:01.735196,Phishing,Europe,Laptop,4,788,79,1,228,1,-0.04951404715879337,45.423727811370135,Medium,Normal
EVT003781,2026-09-01 17:45:01.735196,Brute Force,North America,Router,3,469,33,0,489,1,-0.16802877152187023,13.886125302373411,Low,Normal
EVT003782,2026-09-01 17:53:01.735196,Unauthorized Access,North America,Laptop,0,459,90,0,389,1,-0.11756482782652139,27.314935991116297,Low,Normal
EVT003783,2026-09-01 18:01:01.735196,Phishing,Oceania,Desktop,1,804,43,0,260,1,-0.18984677735022865,8.0802003504177,Low,Normal
EVT003784,2026-09-01 18:09:01.735196,DDoS,Oceania,Firewall,2,634,65,0,438,1,-0.189359987925528,8.209738443378708,Low,Normal
EVT003785,2026-09-01 18:17:01.735196,Unauthorized Access,Asia,Laptop,2,646,74,0,183,1,-0.20721491387596241,3.4584169474329682,Low,Normal
EVT003786,2026-09-01 18:25:01.735196,Ransomware,Oceania,Laptop,3,649,88,0,441,1,-0.17352079776532559,12.42465845455416,Low,Normal
EVT003787,2026-09-01 18:33:01.735196,Malware,Oceania,Router,5,341,64,0,144,1,-0.18932399077892798,8.219317537512627,Low,Normal
EVT003788,2026-09-01 18:41:01.735196,Phishing,Europe,Server,2,499,16,0,255,1,-0.19696947136533782,6.184801328490707,Low,Normal
EVT003789,2026-09-01 18:49:01.735196,Malware,Europe,Laptop,2,820,59,0,122,1,-0.19354920363891798,7.094958649531441,Low,Normal
EVT003790,2026-09-01 18:57:01.735196,Malware,Africa,Router,2,102,76,0,398,1,-0.151569455890966,18.266065067050413,Low,Normal
EVT003791,2026-09-01 19:05:01.735196,Ransomware,Europe,Firewall,2,247,97,0,247,1,-0.16587249250267377,14.459926329810083,Low,Normal
EVT003792,2026-09-01 19:13:01.735196,Phishing,South America,Firewall,4,704,83,0,238,1,-0.1909387953632481,7.789606669232872,Low,Normal
EVT003793,2026-09-01 19:21:01.735196,DDoS,North America,Desktop,2,383,86,0,224,1,-0.18678369770923592,8.895307407285019,Low,Normal
EVT003794,2026-09-01 19:29:01.735196,Unauthorized Access,Asia,Desktop,5,519,39,0,257,1,-0.2057437721845679,3.8498981085035147,Low,Normal
EVT003795,2026-09-01 19:37:01.735196,Phishing,Asia,Desktop,3,648,89,0,124,1,-0.18506911424814393,9.351570137127435,Low,Normal
EVT003796,2026-09-01 19:45:01.735196,DDoS,Africa,Router,1,473,30,0,449,1,-0.16259414911097392,15.332316586219754,Low,Normal
EVT003797,2026-09-01 19:53:01.735196,Brute Force,Asia,Firewall,5,330,71,0,154,1,-0.18506388273790708,9.352962278831836,Low,Normal
EVT003798,2026-09-01 20:01:01.735196,Ransomware,South America,Server,1,148,97,0,149,1,-0.13512216215251577,22.64280572151003,Low,Normal
EVT003799,2026-09-01 20:09:01.735196,Phishing,North America,Laptop,6,672,40,0,58,1,-0.15332232570293342,17.799614069700155,Low,Normal
EVT003800,2026-09-01 20:17:01.735196,Malware,North America,Firewall,2,274,27,0,363,1,-0.18362985046701197,9.734568361853317,Low,Normal
EVT003801,2026-09-01 20:25:01.735196,Phishing,Asia,Desktop,5,594,46,0,200,1,-0.203023469812312,4.573789720972351,Low,Normal
EVT003802,2026-09-01 20:33:01.735196,Unauthorized Access,North America,Firewall,0,925,90,0,60,1,-0.09045532624784969,34.52896521491063,Low,Normal
EVT003803,2026-09-01 20:41:01.735196,Unauthorized Access,Europe,Laptop,5,267,91,0,218,1,-0.16207855692415163,15.469519296955767,Low,Normal
EVT003804,2026-09-01 20:49:01.735196,Phishing,North America,Laptop,3,156,11,0,226,1,-0.1610955084834455,15.731115407790902,Low,Normal
EVT003805,2026-09-01 20:57:01.735196,Ransomware,Africa,Firewall,3,914,39,0,482,1,-0.15802570214043316,16.548012487422323,Low,Normal
EVT003806,2026-09-01 21:05:01.735196,Unauthorized Access,Africa,Firewall,3,598,54,0,55,1,-0.19718449590626524,6.127581784354795,Low,Normal
EVT003807,2026-09-01 21:13:01.735196,Unauthorized Access,Asia,Firewall,112,5554,824,1,873,-1,0.10159776384587116,85.63564456257254,High,Suspicious
EVT003808,2026-09-01 21:21:01.735196,Unauthorized Access,Europe,Desktop,5,936,38,0,64,1,-0.14944381047129257,18.831714277990276,Low,Normal
EVT003809,2026-09-01 21:29:01.735196,Brute Force,Europe,Firewall,3,981,44,0,272,1,-0.17815953535633577,11.190257724391401,Low,Normal
EVT003810,2026-09-01 21:37:01.735196,Brute Force,Europe,Firewall,4,470,73,0,410,1,-0.18653718993880292,8.960904860437575,Low,Normal
EVT003811,2026-09-01 21:45:01.735196,Unauthorized Access,South America,Laptop,3,428,26,0,148,1,-0.2001803677644795,5.330359191634606,Low,Normal
EVT003812,2026-09-01 21:53:01.735196,DDoS,Asia,Router,3,844,56,0,228,1,-0.20383792098759068,4.35705852940974,Low,Normal
EVT003813,2026-09-01 22:01:01.735196,DDoS,South America,Router,0,860,76,0,419,1,-0.11666444429552525,27.55453438750804,Low,Normal
EVT003814,2026-09-01 22:09:01.735196,Brute Force,Asia,Server,2,718,68,0,142,1,-0.19940695998445113,5.536168446771343,Low,Normal
EVT003815,2026-09-01 22:17:01.735196,Brute Force,Africa,Desktop,0,602,33,0,130,1,-0.14985704056793087,18.721750840091982,Low,Normal
EVT003816,2026-09-01 22:25:01.735196,Brute Force,Africa,Firewall,1,237,8,0,490,1,-0.1041234540545245,30.89178018051357,Low,Normal
EVT003817,2026-09-01 22:33:01.735196,Malware,South America,Laptop,1,250,29,0,461,1,-0.15098969499064813,18.420343524202014,Low,Normal
EVT003818,2026-09-01 22:41:01.735196,Phishing,Europe,Router,2,339,96,0,225,1,-0.17277555954391433,12.62297159182626,Low,Normal
EVT003819,2026-09-01 22:49:01.735196,Brute Force,South America,Router,2,142,55,0,278,1,-0.18368726000656838,9.719291279208228,Low,Normal
EVT003820,2026-09-01 22:57:01.735196,Phishing,Asia,Server,4,752,41,0,405,1,-0.18613735893339195,9.067302705829283,Low,Normal
EVT003821,2026-09-01 23:05:01.735196,Ransomware,Europe,Router,5,927,13,0,485,1,-0.10671322328012978,30.202624357335395,Low,Normal
EVT003822,2026-09-01 23:13:01.735196,Brute Force,Africa,Laptop,3,312,98,0,487,1,-0.13695546593060548,22.154950679511142,Low,Normal
EVT003823,2026-09-01 23:21:01.735196,Phishing,Oceania,Desktop,1,810,24,0,260,1,-0.17735802560942326,11.403545110756772,Low,Normal
EVT003824,2026-09-01 23:29:01.735196,Malware,Oceania,Server,2,656,73,0,175,1,-0.207809960643636,3.300070813363915,Low,Normal
EVT003825,2026-09-01 23:37:01.735196,Unauthorized Access,North America,Firewall,4,712,36,0,425,1,-0.1862339585349655,9.041596871779324,Low,Normal
EVT003826,2026-09-01 23:45:01.735196,Brute Force,South America,Desktop,3,578,48,0,247,1,-0.21813971464101484,0.5512505521192373,Low,Normal
EVT003827,2026-09-01 23:53:01.735196,Unauthorized Access,Oceania,Firewall,2,142,67,0,126,1,-0.17517496901597485,11.984471839218797,Low,Normal
EVT003828,2026-09-02 00:01:01.735196,Malware,Oceania,Desktop,2,499,87,0,116,1,-0.18627242266802002,9.031361295182018,Low,Normal
EVT003829,2026-09-02 00:09:01.735196,Malware,South America,Desktop,2,931,17,0,79,1,-0.1619449604748448,15.505070252649208,Low,Normal
EVT003830,2026-09-02 00:17:01.735196,DDoS,South America,Firewall,4,107,35,0,420,1,-0.15664867773045682,16.91444837731205,Low,Normal
EVT003831,2026-09-02 00:25:01.735196,Brute Force,Oceania,Router,4,197,51,0,424,1,-0.18269767033341688,9.98262805804803,Low,Normal
EVT003832,2026-09-02 00:33:01.735196,Phishing,Africa,Server,5,611,48,0,374,1,-0.19173413986920235,7.577959896890428,Low,Normal
EVT003833,2026-09-02 00:41:01.735196,Brute Force,Africa,Firewall,4,869,7,0,64,1,-0.1427127928025793,20.622885466699113,Low,Normal
EVT003834,2026-09-02 00:49:01.735196,Phishing,Oceania,Router,4,716,41,0,407,1,-0.19020376718439364,7.985202842300847,Low,Normal
EVT003835,2026-09-02 00:57:01.735196,DDoS,South America,Server,1,980,26,0,401,1,-0.13460797856611828,22.77963359375631,Low,Normal
EVT003836,2026-09-02 01:05:01.735196,Ransomware,Oceania,Desktop,2,120,36,0,310,1,-0.1761169277160794,11.733809997633788,Low,Normal
EVT003837,2026-09-02 01:13:01.735196,Brute Force,Africa,Desktop,4,494,31,0,458,1,-0.18250550058185605,10.033765781833399,Low,Normal
EVT003838,2026-09-02 01:21:01.735196,Ransomware,Asia,Server,2,801,75,0,100,1,-0.18603786946708556,9.093777553229602,Low,Normal
EVT003839,2026-09-02 01:29:01.735196,Brute Force,South America,Laptop,131,10233,815,1,1907,-1,0.12538331809895975,91.96514800209444,High,Suspicious
EVT003840,2026-09-02 01:37:01.735196,Phishing,Africa,Router,4,747,71,0,227,1,-0.1990111797839152,5.641488344467717,Low,Normal
EVT003841,2026-09-02 01:45:01.735196,Malware,Oceania,Router,5,154,96,0,427,1,-0.13224892353166312,23.407394746417552,Low,Normal
EVT003842,2026-09-02 01:53:01.735196,Unauthorized Access,South America,Firewall,4,469,85,0,23,1,-0.15263859928099982,17.981558484081784,Low,Normal
EVT003843,2026-09-02 02:01:01.735196,Brute Force,South America,Server,1,641,77,0,445,1,-0.16709825306747783,14.133742814033898,Low,Normal
EVT003844,2026-09-02 02:09:01.735196,Unauthorized Access,Oceania,Server,1,209,26,0,341,1,-0.16440414352299493,14.85066433063211,Low,Normal
EVT003845,2026-09-02 02:17:01.735196,Malware,Europe,Desktop,1,633,42,0,459,1,-0.16613546072530622,14.389948634443957,Low,Normal
EVT003846,2026-09-02 02:25:01.735196,Brute Force,Africa,Router,3,616,49,0,410,1,-0.197412647570198,6.066869020370853,Low,Normal
EVT003847,2026-09-02 02:33:01.735196,Brute Force,Oceania,Server,2,355,70,0,438,1,-0.18095294385085237,10.446912058114293,Low,Normal
EVT003848,2026-09-02 02:41:01.735196,DDoS,South America,Firewall,4,533,5,0,287,1,-0.16190207482372387,15.51648242633193,Low,Normal
EVT003849,2026-09-02 02:49:01.735196,Malware,South America,Router,0,441,74,0,375,1,-0.13207802278881664,23.452872637248,Low,Normal
EVT003850,2026-09-02 02:57:01.735196,Malware,Europe,Firewall,3,594,39,0,144,1,-0.2165515242654183,0.9738791920908522,Low,Normal
EVT003851,2026-09-02 03:05:01.735196,Brute Force,Asia,Server,4,549,96,0,362,1,-0.1768294594401867,11.544200289551416,Low,Normal
EVT003852,2026-09-02 03:13:01.735196,DDoS,North America,Router,7,204,73,0,189,1,-0.1144208824684852,28.151561984591932,Low,Normal
EVT003853,2026-09-02 03:21:01.735196,Ransomware,Asia,Desktop,2,940,96,0,107,1,-0.14255068709078517,20.666022937848602,Low,Normal
EVT003854,2026-09-02 03:29:01.735196,Phishing,Asia,Router,6,381,78,0,28,1,-0.1260597051411128,25.054389332883975,Low,Normal
EVT003855,2026-09-02 03:37:01.735196,Ransomware,South America,Desktop,4,763,26,0,453,1,-0.17088165728600885,13.12695231592372,Low,Normal
EVT003856,2026-09-02 03:45:01.735196,Phishing,Europe,Firewall,3,280,38,0,462,1,-0.18126671136748745,10.363416312981755,Low,Normal
EVT003857,2026-09-02 03:53:01.735196,Unauthorized Access,Oceania,Desktop,4,213,66,0,56,1,-0.17022807928293449,13.300874023798906,Low,Normal
EVT003858,2026-09-02 04:01:01.735196,Ransomware,Europe,Router,2,134,36,0,377,1,-0.17429900259603287,12.217572670460031,Low,Normal
EVT003859,2026-09-02 04:09:01.735196,Ransomware,Asia,Firewall,1,550,96,0,413,1,-0.15242553974551587,18.03825512643534,Low,Normal
EVT003860,2026-09-02 04:17:01.735196,Phishing,Asia,Desktop,4,473,41,0,477,1,-0.18032651082674145,10.613610295983829,Low,Normal
EVT003861,2026-09-02 04:25:01.735196,Brute Force,North America,Router,2,649,41,0,279,1,-0.21624446683718956,1.0555893354587378,Low,Normal
EVT003862,2026-09-02 04:33:01.735196,DDoS,Oceania,Laptop,1,621,42,0,174,1,-0.19930606122634625,5.563018316640797,Low,Normal
EVT003863,2026-09-02 04:41:01.735196,Phishing,Asia,Router,3,195,14,0,25,1,-0.13831894011745766,21.792120599389737,Low,Normal
EVT003864,2026-09-02 04:49:01.735196,DDoS,Asia,Laptop,2,993,51,0,376,1,-0.16095256013127712,15.76915497067417,Low,Normal
EVT003865,2026-09-02 04:57:01.735196,Ransomware,North America,Server,5,500,82,0,158,1,-0.18444699947328674,9.51711925846963,Low,Normal
EVT003866,2026-09-02 05:05:01.735196,Ransomware,Africa,Firewall,6,372,22,0,91,1,-0.14572051223316085,19.82251015156385,Low,Normal
EVT003867,2026-09-02 05:13:01.735196,Unauthorized Access,Africa,Laptop,4,812,44,0,29,1,-0.16179420852821852,15.54518640695584,Low,Normal
EVT003868,2026-09-02 05:21:01.735196,Brute Force,North America,Laptop,5,131,47,1,363,1,-0.03312410376667296,49.785207134918984,Medium,Normal
EVT003869,2026-09-02 05:29:01.735196,Brute Force,Africa,Router,2,329,97,0,287,1,-0.1773105912076564,11.416167739010055,Low,Normal
EVT003870,2026-09-02 05:37:01.735196,Phishing,Oceania,Desktop,1,461,40,0,30,1,-0.1617229080871812,15.56415995627839,Low,Normal
EVT003871,2026-09-02 05:45:01.735196,DDoS,Europe,Router,0,694,21,0,45,1,-0.11312934243416684,28.49524988030018,Low,Normal
EVT003872,2026-09-02 05:53:01.735196,Brute Force,Asia,Firewall,1,332,56,0,179,1,-0.19008739056195567,8.01617148083511,Low,Normal
EVT003873,2026-09-02 06:01:01.735196,Malware,Asia,Laptop,2,372,79,0,32,1,-0.16664207887218346,14.255133978915493,Low,Normal
EVT003874,2026-09-02 06:09:01.735196,Malware,Europe,Firewall,0,732,38,0,74,1,-0.13204045684519045,23.462869199315076,Low,Normal
EVT003875,2026-09-02 06:17:01.735196,Ransomware,North America,Router,4,282,62,0,23,1,-0.1648504100333827,14.731909670455293,Low,Normal
EVT003876,2026-09-02 06:25:01.735196,Brute Force,Europe,Laptop,2,872,94,0,343,1,-0.16398586923772812,14.961970062636066,Low,Normal
EVT003877,2026-09-02 06:33:01.735196,DDoS,Oceania,Laptop,7,642,34,0,404,1,-0.12265490689009084,25.96043011761462,Low,Normal
EVT003878,2026-09-02 06:41:01.735196,Ransomware,Europe,Server,4,121,92,0,399,1,-0.14015460865781537,21.303636277503163,Low,Normal
EVT003879,2026-09-02 06:49:01.735196,DDoS,South America,Router,3,401,68,0,70,1,-0.1885020933060158,8.43803024129822,Low,Normal
EVT003880,2026-09-02 06:57:01.735196,Unauthorized Access,Europe,Router,1,910,14,0,157,1,-0.15155390576159966,18.27020306594932,Low,Normal
EVT003881,2026-09-02 07:05:01.735196,Unauthorized Access,Africa,Router,1,629,63,1,44,1,-0.033120513544305785,49.786162518366424,Medium,Normal
EVT003882,2026-09-02 07:13:01.735196,DDoS,Oceania,Desktop,6,333,33,0,336,1,-0.15988835498082232,16.0523474533251,Low,Normal
EVT003883,2026-09-02 07:21:01.735196,Ransomware,Asia,Router,4,962,43,0,348,1,-0.1742317450199954,12.235470384943934,Low,Normal
EVT003884,2026-09-02 07:29:01.735196,Phishing,Asia,Firewall,0,835,93,0,62,1,-0.10042746091907873,31.87530997403166,Low,Normal
EVT003885,2026-09-02 07:37:01.735196,Brute Force,Europe,Desktop,1,728,11,0,51,1,-0.13815955550735415,21.83453396622251,Low,Normal
EVT003886,2026-09-02 07:45:01.735196,Brute Force,Europe,Firewall,5,765,55,0,478,1,-0.15586897501232116,17.12193275979615,Low,Normal
EVT003887,2026-09-02 07:53:01.735196,Malware,Africa,Router,3,410,49,0,349,1,-0.2073707777320366,3.4169404780338737,Low,Normal
EVT003888,2026-09-02 08:01:01.735196,Malware,Africa,Laptop,2,295,66,0,59,1,-0.18168017952510684,10.253389525380415,Low,Normal
EVT003889,2026-09-02 08:09:01.735196,Brute Force,Oceania,Firewall,2,843,64,0,466,1,-0.1675574933087564,14.01153575273062,Low,Normal
EVT003890,2026-09-02 08:17:01.735196,Phishing,South America,Desktop,2,568,92,0,256,1,-0.18535374891911538,9.275826847324254,Low,Normal
EVT003891,2026-09-02 08:25:01.735196,Malware,South America,Firewall,6,739,9,0,201,1,-0.13843348284365875,21.76163997355492,Low,Normal
EVT003892,2026-09-02 08:33:01.735196,Unauthorized Access,South America,Server,2,694,32,0,231,1,-0.20577700527245496,3.8410545498523754,Low,Normal
EVT003893,2026-09-02 08:41:01.735196,Phishing,North America,Firewall,3,970,29,0,344,1,-0.1762737455752077,11.692079661305714,Low,Normal
EVT003894,2026-09-02 08:49:01.735196,Brute Force,North America,Desktop,0,345,44,0,124,1,-0.1409004420562699,21.105164759429744,Low,Normal
EVT003895,2026-09-02 08:57:01.735196,Brute Force,Europe,Server,1,318,73,0,495,1,-0.13080441242665009,23.79178932096989,Low,Normal
EVT003896,2026-09-02 09:05:01.735196,Malware,Oceania,Desktop,5,908,67,1,440,1,-0.02989859993360633,50.643536412780364,Medium,Normal
EVT003897,2026-09-02 09:13:01.735196,Brute Force,North America,Firewall,1,538,47,0,41,1,-0.17497249440014645,12.03835175993308,Low,Normal
EVT003898,2026-09-02 09:21:01.735196,Brute Force,Europe,Router,3,810,69,0,419,1,-0.18459463516619667,9.47783236121567,Low,Normal
EVT003899,2026-09-02 09:29:01.735196,DDoS,Asia,Firewall,3,514,30,0,348,1,-0.20669368213592376,3.597120382982898,Low,Normal
EVT003900,2026-09-02 09:37:01.735196,Ransomware,Asia,Laptop,1,937,39,0,219,1,-0.16476842569138322,14.753726281039642,Low,Normal
EVT003901,2026-09-02 09:45:01.735196,Unauthorized Access,South America,Laptop,1,353,79,0,238,1,-0.17925801898667482,10.89794349691921,Low,Normal
EVT003902,2026-09-02 09:53:01.735196,Brute Force,Africa,Desktop,1,411,6,0,297,1,-0.1468345009863708,19.526069901738037,Low,Normal
EVT003903,2026-09-02 10:01:01.735196,Unauthorized Access,North America,Desktop,4,113,18,0,494,1,-0.11106772139852883,29.0438617519099,Low,Normal
EVT003904,2026-09-02 10:09:01.735196,Malware,Africa,Server,1,188,49,0,409,1,-0.16243751815610158,15.373997186009492,Low,Normal
EVT003905,2026-09-02 10:17:01.735196,Brute Force,Europe,Laptop,4,734,43,0,299,1,-0.19987349767800294,5.412019482043334,Low,Normal
EVT003906,2026-09-02 10:25:01.735196,Unauthorized Access,Europe,Laptop,6,165,49,0,256,1,-0.15508662302957088,17.3301221302453,Low,Normal
EVT003907,2026-09-02 10:33:01.735196,DDoS,Oceania,Server,56,7066,334,1,1070,-1,0.08829821496291201,82.09654097461016,High,Suspicious
EVT003908,2026-09-02 10:41:01.735196,Malware,South America,Firewall,6,780,18,0,267,1,-0.15005413341321666,18.669303046407308,Low,Normal
EVT003909,2026-09-02 10:49:01.735196,Brute Force,South America,Router,2,623,87,0,206,1,-0.193942657255121,6.99025787230545,Low,Normal
EVT003910,2026-09-02 10:57:01.735196,DDoS,Europe,Desktop,1,714,38,0,377,1,-0.18051562417932848,10.563285901482756,Low,Normal
EVT003911,2026-09-02 11:05:01.735196,Ransomware,Asia,Laptop,3,412,55,0,77,1,-0.1972296580052194,6.1155638318772185,Low,Normal
EVT003912,2026-09-02 11:13:01.735196,Ransomware,South America,Server,4,999,88,0,484,1,-0.11221583402131469,28.73834090015434,Low,Normal
EVT003913,2026-09-02 11:21:01.735196,DDoS,Europe,Laptop,4,808,85,0,180,1,-0.18288058378354288,9.933953501239795,Low,Normal
EVT003914,2026-09-02 11:29:01.735196,Brute Force,Oceania,Server,2,936,46,0,315,1,-0.17888658692457166,10.996784183565197,Low,Normal
EVT003915,2026-09-02 11:37:01.735196,Malware,Africa,Desktop,0,942,57,0,194,1,-0.1284303441717803,24.4235455972781,Low,Normal
EVT003916,2026-09-02 11:45:01.735196,Unauthorized Access,North America,Firewall,49,7127,867,1,878,-1,0.09300550981820488,83.34918527544882,High,Suspicious
EVT003917,2026-09-02 11:53:01.735196,Ransomware,North America,Laptop,3,641,67,0,445,1,-0.18791851713122232,8.593323969847715,Low,Normal
EVT003918,2026-09-02 12:01:01.735196,Unauthorized Access,North America,Server,149,7273,773,1,724,-1,0.12361890829887145,91.4956261326625,High,Suspicious
EVT003919,2026-09-02 12:09:01.735196,Ransomware,North America,Firewall,2,681,52,0,499,1,-0.16206749823537236,15.472462091894249,Low,Normal
EVT003920,2026-09-02 12:17:01.735196,Malware,Europe,Laptop,4,822,57,0,44,1,-0.17023907594951482,13.297947733404204,Low,Normal
EVT003921,2026-09-02 12:25:01.735196,DDoS,Europe,Firewall,4,640,16,0,347,1,-0.186447713495145,8.984715172018413,Low,Normal
EVT003922,2026-09-02 12:33:01.735196,Ransomware,North America,Laptop,5,608,32,0,209,1,-0.1968039645379711,6.228843860438262,Low,Normal
EVT003923,2026-09-02 12:41:01.735196,Unauthorized Access,Europe,Router,3,358,27,0,103,1,-0.19583427420599464,6.48688528449796,Low,Normal
EVT003924,2026-09-02 12:49:01.735196,Phishing,Africa,Laptop,8,694,33,0,20,1,-0.06764110314854166,40.5999905961392,Medium,Normal
EVT003925,2026-09-02 12:57:01.735196,DDoS,North America,Firewall,2,699,30,0,100,1,-0.19876708408543503,5.706443928292385,Low,Normal
EVT003926,2026-09-02 13:05:01.735196,Unauthorized Access,North America,Desktop,74,5334,801,1,1431,-1,0.08295836828500769,80.67557018054401,High,Suspicious
EVT003927,2026-09-02 13:13:01.735196,Malware,Asia,Laptop,2,170,49,0,370,1,-0.1857188864873237,9.178661169817573,Low,Normal
EVT003928,2026-09-02 13:21:01.735196,Phishing,North America,Router,4,540,24,0,231,1,-0.2038732339554966,4.3476615000430066,Low,Normal
EVT003929,2026-09-02 13:29:01.735196,Phishing,Africa,Desktop,2,584,63,0,76,1,-0.20412721484139146,4.280075398254544,Low,Normal
EVT003930,2026-09-02 13:37:01.735196,Brute Force,Africa,Router,5,470,49,0,155,1,-0.19773553664524074,5.980945964329319,Low,Normal
EVT003931,2026-09-02 13:45:01.735196,Malware,Oceania,Firewall,1,503,66,0,436,1,-0.16897595500772006,13.63407310851855,Low,Normal
EVT003932,2026-09-02 13:53:01.735196,Phishing,Asia,Laptop,3,320,57,0,462,1,-0.1841706891362873,9.59064738439868,Low,Normal
EVT003933,2026-09-02 14:01:01.735196,DDoS,Europe,Router,5,910,63,0,43,1,-0.14728761400809887,19.40549333669341,Low,Normal
EVT003934,2026-09-02 14:09:01.735196,Malware,South America,Firewall,133,5980,371,1,877,-1,0.11109858563550412,88.16388012756711,High,Suspicious
EVT003935,2026-09-02 14:17:01.735196,Unauthorized Access,North America,Desktop,12,406,37,0,27,1,-0.05109075375370231,45.0041550862865,Medium,Normal
EVT003936,2026-09-02 14:25:01.735196,Unauthorized Access,Africa,Firewall,4,437,84,0,74,1,-0.18263213245105342,10.000068149938453,Low,Normal
EVT003937,2026-09-02 14:33:01.735196,Unauthorized Access,Oceania,Laptop,3,617,98,0,318,1,-0.17835642338468338,11.137864433935912,Low,Normal
EVT003938,2026-09-02 14:41:01.735196,Phishing,South America,Laptop,2,288,85,0,329,1,-0.1886083604992535,8.409751793045581,Low,Normal
EVT003939,2026-09-02 14:49:01.735196,Brute Force,South America,Router,7,692,36,0,103,1,-0.12532379799875798,25.250219404327396,Low,Normal
EVT003940,2026-09-02 14:57:01.735196,Malware,South America,Server,1,785,99,0,23,1,-0.10460688462134826,30.763135903280315,Low,Normal
EVT003941,2026-09-02 15:05:01.735196,Ransomware,Africa,Router,2,833,93,0,404,1,-0.15605964419827129,17.071194347083928,Low,Normal
EVT003942,2026-09-02 15:13:01.735196,Ransomware,South America,Desktop,2,811,30,0,169,1,-0.19657043413802006,6.290987943943535,Low,Normal
EVT003943,2026-09-02 15:21:01.735196,Brute Force,North America,Firewall,2,587,65,0,370,1,-0.20375755390848937,4.378444774951191,Low,Normal
EVT003944,2026-09-02 15:29:01.735196,Phishing,North America,Desktop,2,804,75,1,218,1,-0.04860026520320326,45.66689162287264,Medium,Normal
EVT003945,2026-09-02 15:37:01.735196,Brute Force,Africa,Firewall,1,709,95,0,261,1,-0.1630077875339876,15.222244489798308,Low,Normal
EVT003946,2026-09-02 15:45:01.735196,Ransomware,Oceania,Server,4,907,35,0,24,1,-0.1352592149203059,22.606335015135336,Low,Normal
EVT003947,2026-09-02 15:53:01.735196,Malware,Asia,Router,2,585,47,0,358,1,-0.20894439505416595,2.998189830185691,Low,Normal
EVT003948,2026-09-02 16:01:01.735196,Unauthorized Access,North America,Router,1,986,7,0,348,1,-0.11687080694992374,27.499619832358057,Low,Normal
EVT003949,2026-09-02 16:09:01.735196,Unauthorized Access,Europe,Firewall,3,911,50,0,118,1,-0.19275800518728559,7.305502127630184,Low,Normal
EVT003950,2026-09-02 16:17:01.735196,Brute Force,North America,Laptop,3,527,85,0,249,1,-0.20056711766983565,5.22744231905979,Low,Normal
EVT003951,2026-09-02 16:25:01.735196,Phishing,Europe,Desktop,3,974,6,0,52,1,-0.11961110553660426,26.770407086455407,Low,Normal
EVT003952,2026-09-02 16:33:01.735196,Phishing,South America,Laptop,3,655,64,0,11,1,-0.1657769433890406,14.485352621623568,Low,Normal
EVT003953,2026-09-02 16:41:01.735196,Unauthorized Access,North America,Server,4,435,44,0,451,1,-0.1864238963298302,8.991053087384001,Low,Normal
EVT003954,2026-09-02 16:49:01.735196,Phishing,Oceania,Server,3,342,90,1,130,1,-0.03691610517248056,48.77612886474941,Medium,Normal
EVT003955,2026-09-02 16:57:01.735196,Malware,Europe,Desktop,6,792,79,0,167,1,-0.15076478339434862,18.480194083378336,Low,Normal
EVT003956,2026-09-02 17:05:01.735196,DDoS,Europe,Desktop,0,842,77,0,252,1,-0.1312249006188198,23.679894452752933,Low,Normal
EVT003957,2026-09-02 17:13:01.735196,DDoS,North America,Laptop,1,826,19,0,153,1,-0.1650862643080655,14.669147187523581,Low,Normal
EVT003958,2026-09-02 17:21:01.735196,Phishing,Africa,Desktop,3,945,27,0,406,1,-0.16437653665627366,14.85801071222185,Low,Normal
EVT003959,2026-09-02 17:29:01.735196,DDoS,Oceania,Firewall,3,349,18,0,224,1,-0.192882773728549,7.272300340416485,Low,Normal
EVT003960,2026-09-02 17:37:01.735196,Brute Force,Asia,Laptop,2,108,77,0,394,1,-0.15414192616690525,17.581512616164762,Low,Normal
EVT003961,2026-09-02 17:45:01.735196,Brute Force,Oceania,Desktop,2,516,45,0,153,1,-0.21570000922870175,1.2004733381155184,Low,Normal
EVT003962,2026-09-02 17:53:01.735196,Malware,South America,Router,7,658,14,0,485,1,-0.08566823858621475,35.80284294326656,Low,Normal
EVT003963,2026-09-02 18:01:01.735196,Phishing,South America,Desktop,4,351,80,0,459,1,-0.1716785291406724,12.91489910533704,Low,Normal
EVT003964,2026-09-02 18:09:01.735196,Brute Force,Oceania,Router,2,883,72,0,111,1,-0.18113245221297652,10.39914361919552,Low,Normal
EVT003965,2026-09-02 18:17:01.735196,DDoS,Europe,Laptop,138,8685,434,1,1809,-1,0.12513514280941118,91.89910681036572,High,Suspicious
EVT003966,2026-09-02 18:25:01.735196,Malware,North America,Laptop,4,542,89,0,232,1,-0.189946925420738,8.053550243802334,Low,Normal
EVT003967,2026-09-02 18:33:01.735196,DDoS,North America,Laptop,4,515,17,1,406,1,-0.050236448368858544,45.23149176359216,Medium,Normal
EVT003968,2026-09-02 18:41:01.735196,Phishing,Oceania,Desktop,3,344,20,0,436,1,-0.17263809420874404,12.659552085285325,Low,Normal
EVT003969,2026-09-02 18:49:01.735196,Brute Force,Oceania,Router,2,390,35,0,404,1,-0.18655409950920954,8.956405104707239,Low,Normal
EVT003970,2026-09-02 18:57:01.735196,Ransomware,Asia,Firewall,4,275,74,0,386,1,-0.18732184299777455,8.752103157406104,Low,Normal
EVT003971,2026-09-02 19:05:01.735196,Malware,South America,Laptop,4,602,26,0,100,1,-0.1991451185227292,5.605846303126662,Low,Normal
EVT003972,2026-09-02 19:13:01.735196,Unauthorized Access,South America,Laptop,7,931,21,0,200,1,-0.09493183760986379,33.33773402637325,Low,Normal
EVT003973,2026-09-02 19:21:01.735196,Malware,South America,Router,4,772,47,0,102,1,-0.19143627248993905,7.657224503529711,Low,Normal
EVT003974,2026-09-02 19:29:01.735196,Phishing,North America,Router,3,244,85,0,102,1,-0.17409495902882466,12.271870100182063,Low,Normal
EVT003975,2026-09-02 19:37:01.735196,Brute Force,North America,Laptop,2,110,57,0,38,1,-0.13948728988870507,21.481214499956934,Low,Normal
EVT003976,2026-09-02 19:45:01.735196,Ransomware,South America,Laptop,3,857,23,0,22,1,-0.14595921120697852,19.758990674165375,Low,Normal
EVT003977,2026-09-02 19:53:01.735196,Malware,Oceania,Firewall,6,356,7,0,315,1,-0.13079848976287278,23.793365383497196,Low,Normal
EVT003978,2026-09-02 20:01:01.735196,Phishing,Europe,Desktop,4,205,27,0,364,1,-0.1793207750412597,10.881243668985022,Low,Normal
EVT003979,2026-09-02 20:09:01.735196,Malware,Europe,Desktop,65,14535,974,1,1414,-1,0.12297873728562558,91.32527211916728,High,Suspicious
EVT003980,2026-09-02 20:17:01.735196,Ransomware,Europe,Desktop,4,285,86,0,467,1,-0.15937757969143562,16.188268353742046,Low,Normal
EVT003981,2026-09-02 20:25:01.735196,Brute Force,North America,Router,5,148,46,0,251,1,-0.17388827413820762,12.326870404658377,Low,Normal
EVT003982,2026-09-02 20:33:01.735196,Ransomware,Africa,Server,1,651,60,0,376,1,-0.18657679280772516,8.950366258209051,Low,Normal
EVT003983,2026-09-02 20:41:01.735196,Brute Force,Europe,Desktop,2,428,37,0,280,1,-0.20955932798068339,2.8345518492476627,Low,Normal
EVT003984,2026-09-02 20:49:01.735196,DDoS,North America,Router,3,541,30,0,342,1,-0.20496535783823083,4.057039646181743,Low,Normal
EVT003985,2026-09-02 20:57:01.735196,Phishing,Africa,Firewall,4,200,72,0,217,1,-0.19223278075746725,7.445268046039439,Low,Normal
EVT003986,2026-09-02 21:05:01.735196,Phishing,Europe,Firewall,2,360,23,0,194,1,-0.19423258944474792,6.913104875492966,Low,Normal
EVT003987,2026-09-02 21:13:01.735196,Malware,North America,Server,3,657,84,0,453,1,-0.17791075897170067,11.256458871754417,Low,Normal
EVT003988,2026-09-02 21:21:01.735196,Unauthorized Access,North America,Firewall,5,584,26,0,390,1,-0.17564761743683982,11.858696766932601,Low,Normal
EVT003989,2026-09-02 21:29:01.735196,Brute Force,Asia,Desktop,2,279,69,0,411,1,-0.18437975541867646,9.535013374806562,Low,Normal
EVT003990,2026-09-02 21:37:01.735196,Malware,Oceania,Laptop,79,10496,841,1,1372,-1,0.07902856456647045,79.62982174481448,High,Suspicious
EVT003991,2026-09-02 21:45:01.735196,Malware,Africa,Server,89,12919,713,1,1101,-1,0.09694451681679561,84.39738276879264,High,Suspicious
EVT003992,2026-09-02 21:53:01.735196,Unauthorized Access,North America,Laptop,3,936,12,0,385,1,-0.15685266389083058,16.86016622395281,Low,Normal
EVT003993,2026-09-02 22:01:01.735196,Malware,Africa,Firewall,5,385,9,1,168,1,-0.0347610554247042,49.349602774406996,Medium,Normal
EVT003994,2026-09-02 22:09:01.735196,Brute Force,South America,Firewall,1,931,68,0,367,1,-0.15116269500343982,18.374307002860068,Low,Normal
EVT003995,2026-09-02 22:17:01.735196,Ransomware,Oceania,Firewall,2,764,84,0,96,1,-0.17692090363598562,11.519866345272673,Low,Normal
EVT003996,2026-09-02 22:25:01.735196,Brute Force,Europe,Router,0,964,41,0,164,1,-0.1260132918412552,25.06674023873054,Low,Normal
EVT003997,2026-09-02 22:33:01.735196,Ransomware,Oceania,Router,5,780,46,0,27,1,-0.1523262701193392,18.064671472829446,Low,Normal
EVT003998,2026-09-02 22:41:01.735196,Phishing,South America,Firewall,3,602,27,0,449,1,-0.17979959153354486,10.753827229470053,Low,Normal
EVT003999,2026-09-02 22:49:01.735196,Phishing,Europe,Desktop,3,958,14,0,30,1,-0.13139643070309254,23.634249089738333,Low,Normal
EVT004000,2026-09-02 22:57:01.735196,Phishing,South America,Desktop,1,403,44,0,218,1,-0.1896591355101841,8.13013316507162,Low,Normal
EVT004001,2026-09-02 23:05:01.735196,Ransomware,Oceania,Server,3,812,68,0,329,1,-0.19932178797908134,5.5588333170200155,Low,Normal
EVT004002,2026-09-02 23:13:01.735196,Ransomware,Europe,Server,3,632,30,0,50,1,-0.19227568060405714,7.4338520948424875,Low,Normal
EVT004003,2026-09-02 23:21:01.735196,Brute Force,Africa,Laptop,6,726,34,1,436,1,-0.025732873943552725,51.752065425877724,Medium,Normal
EVT004004,2026-09-02 23:29:01.735196,Phishing,Oceania,Desktop,1,406,94,0,239,1,-0.15585594124824392,17.12540113617616,Low,Normal
EVT004005,2026-09-02 23:37:01.735196,DDoS,South America,Router,1,130,38,0,165,1,-0.16111587678935557,15.725695258193243,Low,Normal
EVT004006,2026-09-02 23:45:01.735196,DDoS,South America,Router,5,910,87,0,120,1,-0.14498970524645455,20.01698303568357,Low,Normal
EVT004007,2026-09-02 23:53:01.735196,Ransomware,Asia,Router,3,586,47,0,14,1,-0.17278878242070494,12.619452891221849,Low,Normal
EVT004008,2026-09-03 00:01:01.735196,Unauthorized Access,Europe,Laptop,2,231,48,0,385,1,-0.19077690310515244,7.832687338850455,Low,Normal
EVT004009,2026-09-03 00:09:01.735196,Phishing,Africa,Laptop,2,877,15,0,165,1,-0.18127464986133446,10.361303823881245,Low,Normal
EVT004010,2026-09-03 00:17:01.735196,Brute Force,Oceania,Firewall,4,610,85,0,190,1,-0.19615501646108813,6.401533512358759,Low,Normal
EVT004011,2026-09-03 00:25:01.735196,DDoS,Africa,Router,1,189,59,0,202,1,-0.17459765866716703,12.138098187361436,Low,Normal
EVT004012,2026-09-03 00:33:01.735196,Ransomware,Europe,Router,2,473,51,0,12,1,-0.16577962040827138,14.48464024795976,Low,Normal
EVT004013,2026-09-03 00:41:01.735196,Malware,Africa,Router,6,301,48,0,348,1,-0.16889980088555007,13.654338256560925,Low,Normal
EVT004014,2026-09-03 00:49:01.735196,Unauthorized Access,South America,Server,2,848,36,0,319,1,-0.19755705642111554,6.02844080848837,Low,Normal
EVT004015,2026-09-03 00:57:01.735196,Ransomware,Africa,Laptop,4,539,19,0,363,1,-0.18623935299046745,9.040161369192724,Low,Normal
EVT004016,2026-09-03 01:05:01.735196,Unauthorized Access,South America,Laptop,3,476,43,0,443,1,-0.19377274337259098,7.035473152658087,Low,Normal
EVT004017,2026-09-03 01:13:01.735196,Malware,Oceania,Laptop,4,261,31,0,41,1,-0.17614887884090802,11.72530757837765,Low,Normal
EVT004018,2026-09-03 01:21:01.735196,Brute Force,Europe,Desktop,3,122,69,0,50,1,-0.1460034647895051,19.74721448430523,Low,Normal
EVT004019,2026-09-03 01:29:01.735196,Brute Force,Africa,Laptop,0,755,35,0,403,1,-0.13691165429013868,22.16660926547786,Low,Normal
EVT004020,2026-09-03 01:37:01.735196,Unauthorized Access,Europe,Laptop,3,358,66,0,448,1,-0.1801010496072502,10.673607113760877,Low,Normal
EVT004021,2026-09-03 01:45:01.735196,DDoS,Europe,Laptop,4,969,19,0,445,1,-0.13854037787714463,21.73319445259218,Low,Normal
EVT004022,2026-09-03 01:53:01.735196,DDoS,Asia,Firewall,1,502,44,0,339,1,-0.19375058588833577,7.041369415209392,Low,Normal
EVT004023,2026-09-03 02:01:01.735196,Unauthorized Access,Africa,Server,5,765,31,0,172,1,-0.18465492868660655,9.461787830961951,Low,Normal
EVT004024,2026-09-03 02:09:01.735196,Malware,North America,Server,3,230,37,0,38,1,-0.17302167161164111,12.557479437949617,Low,Normal
EVT004025,2026-09-03 02:17:01.735196,Malware,Asia,Server,32,7898,805,1,882,-1,0.0927822913004972,83.28978525640524,High,Suspicious
EVT004026,2026-09-03 02:25:01.735196,Ransomware,Europe,Laptop,5,978,56,0,50,1,-0.1346628988542552,22.765018918438535,Low,Normal
EVT004027,2026-09-03 02:33:01.735196,Ransomware,North America,Desktop,1,198,89,0,39,1,-0.12850968791422152,24.402431668826292,Low,Normal
EVT004028,2026-09-03 02:41:01.735196,Ransomware,Africa,Router,1,178,61,0,482,1,-0.13908824333863612,21.587403596259485,Low,Normal
EVT004029,2026-09-03 02:49:01.735196,Brute Force,Europe,Desktop,3,793,82,0,483,1,-0.16130795778744733,15.674581152330827,Low,Normal
EVT004030,2026-09-03 02:57:01.735196,Unauthorized Access,Europe,Laptop,4,408,98,0,260,1,-0.1681825704271397,13.845198330920924,Low,Normal
EVT004031,2026-09-03 03:05:01.735196,Malware,Africa,Firewall,2,233,80,0,44,1,-0.16239170618895687,15.386188072987709,Low,Normal
EVT004032,2026-09-03 03:13:01.735196,Unauthorized Access,Africa,Router,3,817,96,0,27,1,-0.13323183465989724,23.14583517539791,Low,Normal
EVT004033,2026-09-03 03:21:01.735196,Ransomware,Oceania,Laptop,1,677,29,0,468,1,-0.15358129296357814,17.73070105848615,Low,Normal
EVT004034,2026-09-03 03:29:01.735196,Brute Force,Europe,Router,5,360,84,0,412,1,-0.16109603252852656,15.730975955705501,Low,Normal
EVT004035,2026-09-03 03:37:01.735196,Malware,Europe,Router,2,132,28,0,55,1,-0.1488998527531174,18.976465256315585,Low,Normal
EVT004036,2026-09-03 03:45:01.735196,DDoS,Europe,Server,6,168,36,0,395,1,-0.14152809236299957,20.93814259408556,Low,Normal
EVT004037,2026-09-03 03:53:01.735196,Ransomware,South America,Firewall,1,355,39,0,236,1,-0.19038806316986207,7.936160383104799,Low,Normal
EVT004038,2026-09-03 04:01:01.735196,DDoS,North America,Router,3,228,7,0,257,1,-0.1584487696889461,16.435431234323495,Low,Normal
EVT004039,2026-09-03 04:09:01.735196,Unauthorized Access,Asia,Desktop,2,850,98,0,100,1,-0.15559612467953904,17.194540154244184,Low,Normal
EVT004040,2026-09-03 04:17:01.735196,Ransomware,North America,Laptop,2,928,47,0,379,1,-0.17274634053238802,12.630746976498289,Low,Normal
EVT004041,2026-09-03 04:25:01.735196,Ransomware,Oceania,Router,3,675,94,0,259,1,-0.17983127592516912,10.745395789797424,Low,Normal
EVT004042,2026-09-03 04:33:01.735196,Malware,Oceania,Laptop,4,384,35,0,139,1,-0.19899157631963388,5.646704964323402,Low,Normal
EVT004043,2026-09-03 04:41:01.735196,Ransomware,Asia,Server,2,837,82,0,45,1,-0.16115213067206702,15.716047844772621,Low,Normal
EVT004044,2026-09-03 04:49:01.735196,DDoS,North America,Firewall,5,293,12,0,457,1,-0.1406763181259889,21.164805715133284,Low,Normal
EVT004045,2026-09-03 04:57:01.735196,DDoS,Europe,Desktop,6,565,48,0,393,1,-0.16861378945535155,13.730447911686955,Low,Normal
EVT004046,2026-09-03 05:05:01.735196,Phishing,Africa,Desktop,4,712,17,0,297,1,-0.18255862760057384,10.019628308132859,Low,Normal
EVT004047,2026-09-03 05:13:01.735196,Malware,South America,Desktop,4,138,30,0,35,1,-0.14960118951156903,18.789834607407904,Low,Normal
EVT004048,2026-09-03 05:21:01.735196,Malware,Oceania,Laptop,5,145,54,0,269,1,-0.1712719994568015,13.02307951622633,Low,Normal
EVT004049,2026-09-03 05:29:01.735196,Ransomware,South America,Router,0,337,43,0,166,1,-0.14585390573466778,19.787013201708735,Low,Normal
EVT004050,2026-09-03 05:37:01.735196,Ransomware,Oceania,Router,2,253,89,0,200,1,-0.17830022088239034,11.152820315467551,Low,Normal
EVT004051,2026-09-03 05:45:01.735196,Ransomware,Africa,Server,3,535,17,0,346,1,-0.19212252982872474,7.474606594355822,Low,Normal
EVT004052,2026-09-03 05:53:01.735196,Unauthorized Access,North America,Firewall,4,824,47,0,279,1,-0.19699009286956826,6.179313801037455,Low,Normal
EVT004053,2026-09-03 06:01:01.735196,DDoS,Europe,Router,95,11992,888,1,1585,-1,0.10381216177062536,86.22491143994127,High,Suspicious
EVT004054,2026-09-03 06:09:01.735196,Malware,Oceania,Desktop,2,137,16,0,366,1,-0.15222254092630305,18.09227454136067,Low,Normal
EVT004055,2026-09-03 06:17:01.735196,Ransomware,Asia,Firewall,0,130,81,0,190,1,-0.10733622795024023,30.03683842860135,Low,Normal
EVT004056,2026-09-03 06:25:01.735196,DDoS,South America,Desktop,3,741,86,0,297,1,-0.19094544416549608,7.787837376146424,Low,Normal
EVT004057,2026-09-03 06:33:01.735196,Ransomware,Oceania,Desktop,3,409,60,0,33,1,-0.175670473179381,11.852614692935589,Low,Normal
EVT004058,2026-09-03 06:41:01.735196,DDoS,Asia,Desktop,1,675,37,0,490,1,-0.15029833391148023,18.604319574622473,Low,Normal
EVT004059,2026-09-03 06:49:01.735196,DDoS,Oceania,Server,4,707,34,0,111,1,-0.1940633185959878,6.958149040032409,Low,Normal
EVT004060,2026-09-03 06:57:01.735196,Ransomware,Africa,Server,7,489,46,0,488,1,-0.11170744019467799,28.87362807656777,Low,Normal
EVT004061,2026-09-03 07:05:01.735196,Phishing,North America,Laptop,111,10258,336,1,917,-1,0.10370691858595027,86.19690548757626,High,Suspicious
EVT004062,2026-09-03 07:13:01.735196,Ransomware,North America,Laptop,7,182,30,0,315,1,-0.11316853918624153,28.48481934862389,Low,Normal
EVT004063,2026-09-03 07:21:01.735196,Phishing,North America,Server,3,800,92,0,96,1,-0.16892442437869176,13.647785771683965,Low,Normal
EVT004064,2026-09-03 07:29:01.735196,Malware,Oceania,Desktop,77,6767,344,1,1912,-1,0.1223082161135235,91.14684171473215,High,Suspicious
EVT004065,2026-09-03 07:37:01.735196,Unauthorized Access,North America,Laptop,4,660,92,0,53,1,-0.1581549327904047,16.51362330166768,Low,Normal
EVT004066,2026-09-03 07:45:01.735196,DDoS,Oceania,Desktop,2,741,11,1,359,1,-0.042711470637216475,47.23394131460775,Medium,Normal
EVT004067,2026-09-03 07:53:01.735196,Malware,Africa,Server,6,124,86,0,232,1,-0.12257710156072121,25.981134663517487,Low,Normal
EVT004068,2026-09-03 08:01:01.735196,Phishing,Europe,Server,4,486,92,0,25,1,-0.14405817739716248,20.2648691544331,Low,Normal
EVT004069,2026-09-03 08:09:01.735196,Brute Force,North America,Server,3,154,22,0,111,1,-0.170800480884998,13.148553927723011,Low,Normal
EVT004070,2026-09-03 08:17:01.735196,Brute Force,Europe,Laptop,1,307,63,0,15,1,-0.14599856879385176,19.7485173432169,Low,Normal
EVT004071,2026-09-03 08:25:01.735196,Malware,South America,Desktop,63,9250,529,1,857,-1,0.0892177013975225,82.34122278814013,High,Suspicious
EVT004072,2026-09-03 08:33:01.735196,Phishing,South America,Laptop,2,153,99,1,62,1,-0.012508529545340097,55.271156571001654,Medium,Normal
EVT004073,2026-09-03 08:41:01.735196,DDoS,Africa,Laptop,6,309,48,0,249,1,-0.17221280609477835,12.772724246484138,Low,Normal
EVT004074,2026-09-03 08:49:01.735196,Brute Force,Oceania,Firewall,3,223,72,0,240,1,-0.19661600034688814,6.278862454972889,Low,Normal
EVT004075,2026-09-03 08:57:01.735196,Malware,South America,Laptop,1,877,69,0,337,1,-0.1682427833709641,13.829175242663863,Low,Normal
EVT004076,2026-09-03 09:05:01.735196,Malware,Europe,Laptop,1,542,93,0,259,1,-0.16804244553706577,13.882486550663392,Low,Normal
EVT004077,2026-09-03 09:13:01.735196,Unauthorized Access,Africa,Laptop,2,747,69,0,380,1,-0.18889576674490594,8.333270967707614,Low,Normal
EVT004078,2026-09-03 09:21:01.735196,Brute Force,North America,Laptop,2,125,15,0,139,1,-0.151498652465342,18.284906357072437,Low,Normal
EVT004079,2026-09-03 09:29:01.735196,Ransomware,Europe,Laptop,3,205,9,0,59,1,-0.14211494737903718,20.781976342797616,Low,Normal
EVT004080,2026-09-03 09:37:01.735196,Unauthorized Access,Asia,Firewall,5,268,52,0,217,1,-0.19092287722135742,7.7938425988553535,Low,Normal
EVT004081,2026-09-03 09:45:01.735196,Brute Force,Asia,Laptop,1,982,52,0,477,1,-0.1219062127425739,26.159662901153517,Low,Normal
EVT004082,2026-09-03 09:53:01.735196,Ransomware,Oceania,Laptop,4,207,66,0,260,1,-0.19335101069427651,7.147699187399471,Low,Normal
EVT004083,2026-09-03 10:01:01.735196,Brute Force,Oceania,Desktop,0,708,98,0,359,1,-0.11921135656807619,26.876783101255025,Low,Normal
EVT004084,2026-09-03 10:09:01.735196,Phishing,North America,Server,0,526,44,1,396,1,-0.03232871483140709,49.99686573021403,Medium,Normal
EVT004085,2026-09-03 10:17:01.735196,Ransomware,Oceania,Server,1,952,9,0,350,1,-0.1307294939431553,23.811725656861764,Low,Normal
EVT004086,2026-09-03 10:25:01.735196,DDoS,North America,Router,3,146,44,0,36,1,-0.15616732753938517,17.042539051911607,Low,Normal
EVT004087,2026-09-03 10:33:01.735196,Brute Force,Oceania,Server,49,7803,756,1,1896,-1,0.11161398874576534,88.3010325236991,High,Suspicious
EVT004088,2026-09-03 10:41:01.735196,Ransomware,Oceania,Firewall,2,679,41,0,58,1,-0.19544991091995917,6.589167060869497,Low,Normal
EVT004089,2026-09-03 10:49:01.735196,Malware,Africa,Desktop,3,751,76,0,270,1,-0.20068021931984786,5.197345173744164,Low,Normal
EVT004090,2026-09-03 10:57:01.735196,Ransomware,South America,Desktop,8,892,45,0,34,1,-0.06702836950927937,40.763043331255425,Medium,Normal
EVT004091,2026-09-03 11:05:01.735196,DDoS,Asia,Router,3,979,94,0,53,1,-0.1255748272067171,25.18341876481775,Low,Normal
EVT004092,2026-09-03 11:13:01.735196,DDoS,Asia,Firewall,3,326,81,0,66,1,-0.1787189807721098,11.041385360700039,Low,Normal
EVT004093,2026-09-03 11:21:01.735196,Phishing,Europe,Firewall,1,732,24,0,19,1,-0.12680937150127036,24.85489783671693,Low,Normal
EVT004094,2026-09-03 11:29:01.735196,Brute Force,Asia,Router,4,502,8,0,363,1,-0.1693715174532256,13.528811156968782,Low,Normal
EVT004095,2026-09-03 11:37:01.735196,DDoS,Asia,Router,1,994,83,0,23,1,-0.09000124132466025,34.64980040977641,Low,Normal
EVT004096,2026-09-03 11:45:01.735196,DDoS,South America,Laptop,0,615,70,0,439,1,-0.1310320333221039,23.731217798214864,Low,Normal
EVT004097,2026-09-03 11:53:01.735196,DDoS,South America,Server,3,809,64,0,420,1,-0.18656055177726721,8.954688110752453,Low,Normal
EVT004098,2026-09-03 12:01:01.735196,Ransomware,South America,Laptop,3,934,71,0,123,1,-0.17853847852541926,11.089418279298972,Low,Normal
EVT004099,2026-09-03 12:09:01.735196,Malware,South America,Laptop,3,353,95,0,81,1,-0.16665794941011952,14.25091071704047,Low,Normal
EVT004100,2026-09-03 12:17:01.735196,Phishing,Europe,Server,3,159,33,0,391,1,-0.1763792526484303,11.664003486340414,Low,Normal
EVT004101,2026-09-03 12:25:01.735196,DDoS,Europe,Desktop,82,6321,774,1,1296,-1,0.07365314418225088,78.19938453705524,High,Suspicious
EVT004102,2026-09-03 12:33:01.735196,Malware,South America,Router,2,538,41,0,380,1,-0.2045895112520506,4.157055068763347,Low,Normal
EVT004103,2026-09-03 12:41:01.735196,Unauthorized Access,Asia,Laptop,3,873,46,0,37,1,-0.17341755847916235,12.452131155417506,Low,Normal
EVT004104,2026-09-03 12:49:01.735196,Unauthorized Access,Oceania,Router,3,933,40,0,303,1,-0.18778080664615493,8.629969699420279,Low,Normal
EVT004105,2026-09-03 12:57:01.735196,Phishing,South America,Server,2,470,47,1,497,1,-0.03764963910994079,48.58093031983606,Medium,Normal
EVT004106,2026-09-03 13:05:01.735196,Malware,North America,Desktop,4,997,97,0,114,1,-0.12762586798068642,24.637622375324206,Low,Normal
EVT004107,2026-09-03 13:13:01.735196,Unauthorized Access,Asia,Laptop,6,506,49,0,231,1,-0.18021814241407857,10.642447893518312,Low,Normal
EVT004108,2026-09-03 13:21:01.735196,DDoS,Europe,Router,2,395,22,0,131,1,-0.19262989379684048,7.339593470545136,Low,Normal
EVT004109,2026-09-03 13:29:01.735196,Ransomware,Oceania,Laptop,1,649,76,0,230,1,-0.1888564305868855,8.343738596287494,Low,Normal
EVT004110,2026-09-03 13:37:01.735196,Ransomware,Oceania,Firewall,4,573,25,0,414,1,-0.1837078105072001,9.713822646312469,Low,Normal
EVT004111,2026-09-03 13:45:01.735196,Malware,Africa,Laptop,2,324,95,0,89,1,-0.1690419699295087,13.616506073078677,Low,Normal
EVT004112,2026-09-03 13:53:01.735196,Ransomware,Oceania,Desktop,3,973,19,0,63,1,-0.15289638603714395,17.912959613426263,Low,Normal
EVT004113,2026-09-03 14:01:01.735196,Phishing,Asia,Firewall,1,397,50,0,172,1,-0.19050844881853907,7.904124914464364,Low,Normal
EVT004114,2026-09-03 14:09:01.735196,Malware,North America,Router,5,370,61,0,279,1,-0.1971261951517439,6.143096025576298,Low,Normal
EVT004115,2026-09-03 14:17:01.735196,Phishing,Europe,Desktop,2,756,94,0,396,1,-0.16538317184429024,14.59013800187425,Low,Normal
EVT004116,2026-09-03 14:25:01.735196,Ransomware,Oceania,Router,1,522,11,0,341,1,-0.1621072677116464,15.461879154276478,Low,Normal
EVT004117,2026-09-03 14:33:01.735196,Unauthorized Access,Asia,Firewall,2,679,70,0,160,1,-0.20547982310562768,3.920136816638469,Low,Normal
EVT004118,2026-09-03 14:41:01.735196,Brute Force,Europe,Laptop,1,167,79,0,468,1,-0.1370018057844843,22.1426193181566,Low,Normal
EVT004119,2026-09-03 14:49:01.735196,Brute Force,Africa,Laptop,2,526,79,0,237,1,-0.20231545908390597,4.76219636027034,Low,Normal
EVT004120,2026-09-03 14:57:01.735196,Unauthorized Access,Europe,Laptop,5,400,81,0,61,1,-0.16501535795002525,14.688015868586223,Low,Normal
EVT004121,2026-09-03 15:05:01.735196,DDoS,North America,Desktop,1,595,52,0,40,1,-0.17364554707194246,12.39146178581532,Low,Normal
EVT004122,2026-09-03 15:13:01.735196,Malware,South America,Laptop,1,708,71,0,146,1,-0.18027348086773815,10.627721941411034,Low,Normal
EVT004123,2026-09-03 15:21:01.735196,Malware,Africa,Router,1,861,30,0,214,1,-0.17003728257961992,13.351646369779541,Low,Normal
EVT004124,2026-09-03 15:29:01.735196,Brute Force,Asia,Server,6,541,7,0,379,1,-0.13349457119220565,23.07591913445814,Low,Normal
EVT004125,2026-09-03 15:37:01.735196,Phishing,Asia,Laptop,4,984,95,0,333,1,-0.14158514558390783,20.922960330341258,Low,Normal
EVT004126,2026-09-03 15:45:01.735196,Malware,South America,Laptop,3,248,76,0,193,1,-0.19441018409727784,6.8658456881699355,Low,Normal
EVT004127,2026-09-03 15:53:01.735196,Malware,Asia,Desktop,3,149,66,0,147,1,-0.17855698456516061,11.084493691839356,Low,Normal
EVT004128,2026-09-03 16:01:01.735196,DDoS,Africa,Laptop,4,820,27,1,214,1,-0.04740937879814755,45.98379487922208,Medium,Normal
EVT004129,2026-09-03 16:09:01.735196,Ransomware,South America,Desktop,7,455,27,0,51,1,-0.10745660839538118,30.004804344658492,Low,Normal
EVT004130,2026-09-03 16:17:01.735196,Unauthorized Access,Europe,Laptop,3,640,23,0,362,1,-0.19279435413571921,7.295829416551619,Low,Normal
EVT004131,2026-09-03 16:25:01.735196,Unauthorized Access,Africa,Server,1,977,84,0,22,1,-0.09184155668863614,34.16007953541092,Low,Normal
EVT004132,2026-09-03 16:33:01.735196,Malware,Oceania,Laptop,5,531,28,0,47,1,-0.1685199101580348,13.755429853622955,Low,Normal
EVT004133,2026-09-03 16:41:01.735196,Unauthorized Access,Asia,Laptop,3,184,8,0,275,1,-0.15355558332595198,17.737542574056995,Low,Normal
EVT004134,2026-09-03 16:49:01.735196,DDoS,Oceania,Server,1,339,77,0,387,1,-0.16751111891157117,14.02387630630219,Low,Normal
EVT004135,2026-09-03 16:57:01.735196,Phishing,Europe,Desktop,2,251,41,0,231,1,-0.20371741410406224,4.3891262594976475,Low,Normal
EVT004136,2026-09-03 17:05:01.735196,Brute Force,Oceania,Router,125,14717,351,1,793,-1,0.1328677509426972,93.95680827299839,High,Suspicious
EVT004137,2026-09-03 17:13:01.735196,DDoS,Europe,Router,1,299,80,0,460,1,-0.14835158062963494,19.12236432826702,Low,Normal
EVT004138,2026-09-03 17:21:01.735196,Unauthorized Access,Europe,Firewall,1,344,56,0,383,1,-0.17873381692473378,11.037437356038739,Low,Normal
EVT004139,2026-09-03 17:29:01.735196,Ransomware,North America,Desktop,1,401,75,0,262,1,-0.1825208857472888,10.029671680998579,Low,Normal
EVT004140,2026-09-03 17:37:01.735196,Phishing,Oceania,Firewall,3,418,60,0,114,1,-0.2049976703789968,4.048441051600273,Low,Normal
EVT004141,2026-09-03 17:45:01.735196,Phishing,Africa,Laptop,1,319,28,1,426,1,-0.037315426474096136,48.66986665512603,Medium,Normal
EVT004142,2026-09-03 17:53:01.735196,Malware,North America,Server,1,989,66,0,383,1,-0.13765422143419404,21.96900692069483,Low,Normal
EVT004143,2026-09-03 18:01:01.735196,Unauthorized Access,South America,Desktop,1,165,71,0,63,1,-0.1488722880326031,18.983800422502934,Low,Normal
EVT004144,2026-09-03 18:09:01.735196,Brute Force,South America,Firewall,2,202,56,0,430,1,-0.18163356709477413,10.265793421248306,Low,Normal
EVT004145,2026-09-03 18:17:01.735196,DDoS,Oceania,Desktop,107,12235,479,1,1079,-1,0.09986318177258469,85.17406006123286,High,Suspicious
EVT004146,2026-09-03 18:25:01.735196,Ransomware,Africa,Server,5,429,57,0,137,1,-0.19235872572475943,7.411753203577326,Low,Normal
EVT004147,2026-09-03 18:33:01.735196,Ransomware,Africa,Firewall,6,236,5,0,332,1,-0.1164034569338464,27.623984961828945,Low,Normal
EVT004148,2026-09-03 18:41:01.735196,Unauthorized Access,North America,Laptop,105,5764,339,1,886,-1,0.10214947064654567,85.78245762630526,High,Suspicious
EVT004149,2026-09-03 18:49:01.735196,Malware,Europe,Laptop,1,991,72,0,52,1,-0.12333443635980806,25.779602541764746,Low,Normal
EVT004150,2026-09-03 18:57:01.735196,Phishing,Oceania,Laptop,0,418,50,0,50,1,-0.12209031534991188,26.110671901239385,Low,Normal
EVT004151,2026-09-03 19:05:01.735196,Ransomware,Asia,Desktop,3,638,6,0,258,1,-0.17783035787159007,11.27785417052595,Low,Normal
EVT004152,2026-09-03 19:13:01.735196,Ransomware,North America,Router,3,514,47,0,190,1,-0.22021125153798626,0.0,Low,Normal
EVT004153,2026-09-03 19:21:01.735196,Malware,Africa,Router,5,797,51,0,498,1,-0.13489870327000503,22.702269703319903,Low,Normal
EVT004154,2026-09-03 19:29:01.735196,DDoS,Oceania,Laptop,3,323,68,0,327,1,-0.2024906503694785,4.715576725814625,Low,Normal
EVT004155,2026-09-03 19:37:01.735196,Malware,Europe,Router,2,174,62,0,409,1,-0.18177642924241327,10.227776797997157,Low,Normal
EVT004156,2026-09-03 19:45:01.735196,Ransomware,Europe,Laptop,5,855,66,0,214,1,-0.1793985403135978,10.860549782540248,Low,Normal
EVT004157,2026-09-03 19:53:01.735196,Brute Force,Africa,Server,7,184,93,0,338,1,-0.10139597576945203,31.617581353902075,Low,Normal
EVT004158,2026-09-03 20:01:01.735196,Brute Force,Europe,Router,2,416,40,0,261,1,-0.2127490274319298,1.9857503694552077,Low,Normal
EVT004159,2026-09-03 20:09:01.735196,Phishing,Europe,Laptop,149,12552,602,1,1872,-1,0.14729914652613274,97.79710423627598,High,Suspicious
EVT004160,2026-09-03 20:17:01.735196,Phishing,Africa,Desktop,1,167,30,0,191,1,-0.16200979240503405,15.48781801960232,Low,Normal
EVT004161,2026-09-03 20:25:01.735196,Brute Force,Oceania,Router,2,109,64,0,152,1,-0.16514759796591327,14.652825869374961,Low,Normal
EVT004162,2026-09-03 20:33:01.735196,Ransomware,South America,Server,142,13501,301,1,1016,-1,0.1384572062694649,95.44420168579792,High,Suspicious
EVT004163,2026-09-03 20:41:01.735196,Brute Force,South America,Firewall,3,579,89,0,289,1,-0.19193108360745864,7.525551781636033,Low,Normal
EVT004164,2026-09-03 20:49:01.735196,Phishing,Africa,Server,3,689,93,0,326,1,-0.18277854378927832,9.961107062085762,Low,Normal
EVT004165,2026-09-03 20:57:01.735196,Unauthorized Access,South America,Server,3,476,77,0,480,1,-0.1711031991251764,13.06799847284365,Low,Normal
EVT004166,2026-09-03 21:05:01.735196,Malware,Africa,Desktop,2,123,38,0,412,1,-0.16449863148703747,14.825520418195298,Low,Normal
EVT004167,2026-09-03 21:13:01.735196,Phishing,South America,Laptop,3,541,48,0,384,1,-0.2062984014966539,3.7023073439094065,Low,Normal
EVT004168,2026-09-03 21:21:01.735196,Malware,Oceania,Firewall,2,848,11,0,285,1,-0.17834838747080067,11.14000284719377,Low,Normal
EVT004169,2026-09-03 21:29:01.735196,Unauthorized Access,Asia,Firewall,3,764,40,0,130,1,-0.20559454077154865,3.8896096381126024,Low,Normal
EVT004170,2026-09-03 21:37:01.735196,Phishing,Africa,Desktop,4,896,50,0,336,1,-0.18877680761294374,8.364926830207413,Low,Normal
EVT004171,2026-09-03 21:45:01.735196,Ransomware,Asia,Router,3,515,88,0,375,1,-0.18397763700989428,9.64201991433891,Low,Normal
EVT004172,2026-09-03 21:53:01.735196,Ransomware,South America,Server,1,366,84,0,359,1,-0.1675002313925933,14.02677355175147,Low,Normal
EVT004173,2026-09-03 22:01:01.735196,Brute Force,Oceania,Firewall,0,780,90,0,328,1,-0.12895651311329343,24.283528337657398,Low,Normal
EVT004174,2026-09-03 22:09:01.735196,Phishing,Europe,Server,4,178,38,0,116,1,-0.18652760780603012,8.963454733427628,Low,Normal
EVT004175,2026-09-03 22:17:01.735196,Malware,Oceania,Laptop,106,12600,906,1,782,-1,0.12290533917957092,91.30574036641583,High,Suspicious
EVT004176,2026-09-03 22:25:01.735196,Unauthorized Access,Oceania,Desktop,1,672,84,1,498,1,-0.01767405250324805,53.896574546083656,Medium,Normal
EVT004177,2026-09-03 22:33:01.735196,Brute Force,Europe,Firewall,4,946,55,0,187,1,-0.17913846151603885,10.929758581552464,Low,Normal
EVT004178,2026-09-03 22:41:01.735196,Ransomware,South America,Server,0,230,96,0,258,1,-0.1106402194327023,29.157623034674625,Low,Normal
EVT004179,2026-09-03 22:49:01.735196,Phishing,Africa,Desktop,5,981,79,0,121,1,-0.1446643787505522,20.103554706575537,Low,Normal
EVT004180,2026-09-03 22:57:01.735196,Malware,Asia,Server,3,913,48,0,257,1,-0.19588933163142963,6.47223411597971,Low,Normal
EVT004181,2026-09-03 23:05:01.735196,Phishing,Asia,Laptop,4,688,92,0,87,1,-0.166577704688478,14.272264402400467,Low,Normal
EVT004182,2026-09-03 23:13:01.735196,Brute Force,South America,Desktop,1,103,58,0,486,1,-0.1111804145440563,29.01387331251357,Low,Normal
EVT004183,2026-09-03 23:21:01.735196,DDoS,Africa,Laptop,2,756,63,0,154,1,-0.20375087841661726,4.380221170334516,Low,Normal
EVT004184,2026-09-03 23:29:01.735196,DDoS,Africa,Firewall,5,752,65,0,73,1,-0.17353230236185413,12.42159700042436,Low,Normal
EVT004185,2026-09-03 23:37:01.735196,Brute Force,Europe,Server,3,672,36,0,310,1,-0.2121004740080637,2.158335001429515,Low,Normal
EVT004186,2026-09-03 23:45:01.735196,Malware,North America,Firewall,2,958,75,0,106,1,-0.1615355378914891,15.614020484457713,Low,Normal
EVT004187,2026-09-03 23:53:01.735196,Malware,Asia,Server,1,431,81,0,122,1,-0.1731967895352503,12.51087932562882,Low,Normal
EVT004188,2026-09-04 00:01:01.735196,DDoS,Oceania,Firewall,4,617,62,0,258,1,-0.21283572958022312,1.9626783174022178,Low,Normal
EVT004189,2026-09-04 00:09:01.735196,Malware,North America,Desktop,2,268,52,0,164,1,-0.2038172685306091,4.362554293607982,Low,Normal
EVT004190,2026-09-04 00:17:01.735196,Phishing,South America,Desktop,3,737,80,0,105,1,-0.19164876467478337,7.600678837175565,Low,Normal
EVT004191,2026-09-04 00:25:01.735196,DDoS,Oceania,Server,2,228,43,0,370,1,-0.19193739348397415,7.523872679073071,Low,Normal
EVT004192,2026-09-04 00:33:01.735196,Malware,North America,Desktop,1,479,76,0,250,1,-0.1877611862582509,8.635190822771117,Low,Normal
EVT004193,2026-09-04 00:41:01.735196,DDoS,Europe,Server,4,204,33,0,55,1,-0.17010533575830633,13.333536939829632,Low,Normal
EVT004194,2026-09-04 00:49:01.735196,Brute Force,Oceania,Server,5,588,14,0,96,1,-0.1684436370424529,13.775726666649962,Low,Normal
EVT004195,2026-09-04 00:57:01.735196,DDoS,Europe,Server,1,234,76,0,269,1,-0.17357251384181177,12.41089644251463,Low,Normal
EVT004196,2026-09-04 01:05:01.735196,Brute Force,Europe,Router,3,140,65,0,155,1,-0.1798169989689739,10.749194988352228,Low,Normal
EVT004197,2026-09-04 01:13:01.735196,Unauthorized Access,Oceania,Firewall,0,663,52,0,174,1,-0.15866460348826467,16.37799634083244,Low,Normal
EVT004198,2026-09-04 01:21:01.735196,Malware,Oceania,Firewall,1,863,57,0,182,1,-0.17865912917378812,11.05731229237491,Low,Normal
EVT004199,2026-09-04 01:29:01.735196,Brute Force,Oceania,Laptop,6,372,48,0,161,1,-0.16903367018197674,13.618714694328022,Low,Normal
EVT004200,2026-09-04 01:37:01.735196,DDoS,Oceania,Router,0,415,57,0,339,1,-0.14513532362343617,19.978232960400245,Low,Normal
EVT004201,2026-09-04 01:45:01.735196,DDoS,South America,Router,124,6959,689,1,1787,-1,0.11043329250707346,87.98684094235891,High,Suspicious
EVT004202,2026-09-04 01:53:01.735196,Malware,Africa,Server,3,272,86,0,235,1,-0.18463153978604274,9.46801178206227,Low,Normal
EVT004203,2026-09-04 02:01:01.735196,Ransomware,Oceania,Desktop,2,992,22,0,202,1,-0.16612291033780757,14.393288380913383,Low,Normal
EVT004204,2026-09-04 02:09:01.735196,Phishing,Asia,Server,3,188,20,0,312,1,-0.17716358416313427,11.455287348502274,Low,Normal
EVT004205,2026-09-04 02:17:01.735196,Phishing,Europe,Router,1,772,44,0,182,1,-0.1875939341650062,8.679697782255657,Low,Normal
EVT004206,2026-09-04 02:25:01.735196,Brute Force,North America,Firewall,2,342,86,0,40,1,-0.16105816867589334,15.74105179345666,Low,Normal
EVT004207,2026-09-04 02:33:01.735196,DDoS,Africa,Router,6,822,77,0,135,1,-0.14712861263200622,19.447804722257885,Low,Normal
EVT004208,2026-09-04 02:41:01.735196,Brute Force,Oceania,Server,5,869,73,0,382,1,-0.16510629227969864,14.663817603273,Low,Normal
EVT004209,2026-09-04 02:49:01.735196,Malware,Africa,Desktop,2,691,26,0,223,1,-0.2042421350653444,4.249494317610344,Low,Normal
EVT004210,2026-09-04 02:57:01.735196,DDoS,Africa,Laptop,3,896,17,0,31,1,-0.1465345457535332,19.605890100912145,Low,Normal
EVT004211,2026-09-04 03:05:01.735196,Ransomware,Oceania,Firewall,4,598,46,0,237,1,-0.21325057173722223,1.8522858988928372,Low,Normal
EVT004212,2026-09-04 03:13:01.735196,Ransomware,Oceania,Desktop,4,225,92,0,258,1,-0.17276760470553887,12.62508843032086,Low,Normal
EVT004213,2026-09-04 03:21:01.735196,Unauthorized Access,South America,Desktop,3,430,74,0,154,1,-0.20003364478392338,5.369403209705628,Low,Normal
EVT004214,2026-09-04 03:29:01.735196,Ransomware,Asia,Laptop,3,148,55,0,385,1,-0.18001872826513066,10.695513402449697,Low,Normal
EVT004215,2026-09-04 03:37:01.735196,DDoS,Oceania,Firewall,5,973,69,0,269,1,-0.16070782534156847,15.83428062117401,Low,Normal
EVT004216,2026-09-04 03:45:01.735196,DDoS,North America,Firewall,3,691,29,0,467,1,-0.17789943423190585,11.259472464741163,Low,Normal
EVT004217,2026-09-04 03:53:01.735196,Phishing,Asia,Desktop,3,363,62,0,302,1,-0.2075575311928548,3.3672440673463693,Low,Normal
EVT004218,2026-09-04 04:01:01.735196,DDoS,Africa,Laptop,2,997,33,1,87,1,-0.03021381307597304,50.55965597646329,Medium,Normal
EVT004219,2026-09-04 04:09:01.735196,Ransomware,Africa,Laptop,2,610,6,0,296,1,-0.17053274336655044,13.219800766281873,Low,Normal
EVT004220,2026-09-04 04:17:01.735196,Unauthorized Access,Oceania,Laptop,2,581,58,0,83,1,-0.2061449775544701,3.7431345350450256,Low,Normal
EVT004221,2026-09-04 04:25:01.735196,Unauthorized Access,Europe,Laptop,2,566,28,0,66,1,-0.191183587299881,7.72446581153417,Low,Normal
EVT004222,2026-09-04 04:33:01.735196,DDoS,North America,Router,4,765,16,0,227,1,-0.18609324844854824,9.079040816388593,Low,Normal
EVT004223,2026-09-04 04:41:01.735196,Unauthorized Access,Africa,Server,6,732,36,0,340,1,-0.16206445821571358,15.473271062527505,Low,Normal
EVT004224,2026-09-04 04:49:01.735196,Unauthorized Access,North America,Desktop,5,744,77,0,78,1,-0.17081941212490814,13.143516191505025,Low,Normal
EVT004225,2026-09-04 04:57:01.735196,Brute Force,Europe,Laptop,5,782,30,0,296,1,-0.18397096446298522,9.643795526046835,Low,Normal
EVT004226,2026-09-04 05:05:01.735196,Ransomware,South America,Server,1,617,74,0,372,1,-0.18159552963412245,10.275915457315394,Low,Normal
EVT004227,2026-09-04 05:13:01.735196,Ransomware,Africa,Router,7,625,24,0,148,1,-0.12152347470672031,26.26151218700973,Low,Normal
EVT004228,2026-09-04 05:21:01.735196,DDoS,Europe,Firewall,0,502,47,0,337,1,-0.15742181956016738,16.7087098934272,Low,Normal
EVT004229,2026-09-04 05:29:01.735196,DDoS,Oceania,Server,3,135,61,0,29,1,-0.14664306770942387,19.577011644443786,Low,Normal
EVT004230,2026-09-04 05:37:01.735196,Brute Force,South America,Laptop,0,577,92,0,479,1,-0.10046382234354478,31.86563394299303,Low,Normal
EVT004231,2026-09-04 05:45:01.735196,Phishing,Oceania,Server,4,545,91,0,152,1,-0.18404256815617792,9.624741279190811,Low,Normal
EVT004232,2026-09-04 05:53:01.735196,Unauthorized Access,North America,Router,5,331,92,0,232,1,-0.1667775487966935,14.219084478281024,Low,Normal
EVT004233,2026-09-04 06:01:01.735196,Malware,Oceania,Desktop,4,652,58,0,346,1,-0.2053357711596543,3.9584700536026656,Low,Normal
EVT004234,2026-09-04 06:09:01.735196,DDoS,Asia,Laptop,5,372,94,0,35,1,-0.13145635052386084,23.61830400359012,Low,Normal
EVT004235,2026-09-04 06:17:01.735196,Malware,Europe,Server,3,887,67,0,164,1,-0.1917430097514234,7.575599558786516,Low,Normal
EVT004236,2026-09-04 06:25:01.735196,Ransomware,North America,Laptop,33,10334,329,1,1788,-1,0.12419467395271955,91.64884142660155,High,Suspicious
EVT004237,2026-09-04 06:33:01.735196,Brute Force,North America,Server,3,875,73,0,237,1,-0.18837471625738683,8.471926170686057,Low,Normal
EVT004238,2026-09-04 06:41:01.735196,Malware,South America,Desktop,1,574,95,0,433,1,-0.15282637284250533,17.93159061741977,Low,Normal
EVT004239,2026-09-04 06:49:01.735196,Malware,Oceania,Firewall,1,606,98,0,342,1,-0.1579529652358712,16.567368289801625,Low,Normal
EVT004240,2026-09-04 06:57:01.735196,DDoS,Asia,Laptop,4,822,65,0,134,1,-0.18920088002015112,8.25207817713569,Low,Normal
EVT004241,2026-09-04 07:05:01.735196,Unauthorized Access,Africa,Router,3,635,93,0,55,1,-0.16652831959802505,14.285406122646165,Low,Normal
EVT004242,2026-09-04 07:13:01.735196,Unauthorized Access,North America,Router,2,630,6,0,139,1,-0.16783579392300518,13.937478000013762,Low,Normal
EVT004243,2026-09-04 07:21:01.735196,DDoS,Asia,Desktop,3,212,64,0,469,1,-0.17505381537082393,12.016711677127715,Low,Normal
EVT004244,2026-09-04 07:29:01.735196,Brute Force,South America,Router,111,6992,326,1,818,-1,0.1050396220076617,86.55154725046432,High,Suspicious
EVT004245,2026-09-04 07:37:01.735196,Malware,South America,Firewall,4,403,53,0,272,1,-0.20640335066507554,3.674379631339353,Low,Normal
EVT004246,2026-09-04 07:45:01.735196,Ransomware,Oceania,Router,4,305,56,0,299,1,-0.20226900604045084,4.774557842168007,Low,Normal
EVT004247,2026-09-04 07:53:01.735196,DDoS,North America,Router,5,549,96,0,357,1,-0.16883018900086016,13.672862469151811,Low,Normal
EVT004248,2026-09-04 08:01:01.735196,Malware,South America,Desktop,0,983,70,0,40,1,-0.08920736708887644,34.861055932875644,Low,Normal
EVT004249,2026-09-04 08:09:01.735196,Malware,Europe,Server,0,150,23,0,396,1,-0.10547358291310727,30.532501386197158,Low,Normal
EVT004250,2026-09-04 08:17:01.735196,Brute Force,Asia,Laptop,4,228,58,0,278,1,-0.1988813605823609,5.676034147941995,Low,Normal
EVT004251,2026-09-04 08:25:01.735196,DDoS,North America,Desktop,0,314,45,0,210,1,-0.14618423637607458,19.699109892468325,Low,Normal
EVT004252,2026-09-04 08:33:01.735196,Brute Force,South America,Laptop,3,192,35,0,189,1,-0.20024800578249408,5.312360238862249,Low,Normal
EVT004253,2026-09-04 08:41:01.735196,Malware,North America,Laptop,5,823,39,0,119,1,-0.17887804242014899,10.99905793634627,Low,Normal
EVT004254,2026-09-04 08:49:01.735196,Brute Force,North America,Firewall,3,499,56,0,330,1,-0.21428139749636976,1.5779759072631543,Low,Normal
EVT004255,2026-09-04 08:57:01.735196,Unauthorized Access,Europe,Router,4,115,31,0,309,1,-0.17111925093332275,13.06372697368951,Low,Normal
EVT004256,2026-09-04 09:05:01.735196,Unauthorized Access,South America,Firewall,1,151,97,0,59,1,-0.11795312443613815,27.211607529648767,Low,Normal
EVT004257,2026-09-04 09:13:01.735196,Malware,Asia,Firewall,3,706,25,0,463,1,-0.17094734200712008,13.109473149208755,Low,Normal
EVT004258,2026-09-04 09:21:01.735196,Unauthorized Access,South America,Laptop,0,871,26,0,181,1,-0.13609466021060995,22.38401714176372,Low,Normal
EVT004259,2026-09-04 09:29:01.735196,Ransomware,Europe,Server,1,317,60,0,382,1,-0.18322652512743992,9.841896074165762,Low,Normal
EVT004260,2026-09-04 09:37:01.735196,Ransomware,South America,Server,2,410,60,1,132,1,-0.054952682654147655,43.97646861749699,Medium,Normal
EVT004261,2026-09-04 09:45:01.735196,Malware,Europe,Router,4,248,36,0,29,1,-0.16289379062650983,15.252579869428223,Low,Normal
EVT004262,2026-09-04 09:53:01.735196,Malware,South America,Laptop,3,687,65,0,382,1,-0.201065496204066,5.0948202824643944,Low,Normal
EVT004263,2026-09-04 10:01:01.735196,Malware,Asia,Laptop,8,786,47,0,143,1,-0.10076428136351645,31.785679682515827,Low,Normal
EVT004264,2026-09-04 10:09:01.735196,Brute Force,Africa,Router,5,962,15,0,400,1,-0.13007566523461034,23.98571407922767,Low,Normal
EVT004265,2026-09-04 10:17:01.735196,DDoS,Oceania,Server,4,478,84,0,268,1,-0.19534883497221572,6.616064082149209,Low,Normal
EVT004266,2026-09-04 10:25:01.735196,Phishing,Europe,Firewall,1,154,22,0,130,1,-0.15021605439471303,18.62621473329058,Low,Normal
EVT004267,2026-09-04 10:33:01.735196,DDoS,South America,Desktop,2,534,70,0,136,1,-0.20485089337101708,4.087499446749073,Low,Normal
EVT004268,2026-09-04 10:41:01.735196,DDoS,North America,Firewall,4,840,68,0,302,1,-0.18994860245537154,8.05310397307985,Low,Normal
EVT004269,2026-09-04 10:49:01.735196,Ransomware,Oceania,Firewall,4,189,61,0,231,1,-0.19520113703861897,6.655367542088116,Low,Normal
EVT004270,2026-09-04 10:57:01.735196,DDoS,North America,Desktop,1,732,60,0,492,1,-0.14087613245234504,21.111633716176286,Low,Normal
EVT004271,2026-09-04 11:05:01.735196,Brute Force,South America,Server,4,919,79,0,55,1,-0.15739677239740474,16.71537511977297,Low,Normal
EVT004272,2026-09-04 11:13:01.735196,Ransomware,Oceania,Desktop,2,181,84,0,206,1,-0.17728931701641137,11.421828951072877,Low,Normal
EVT004273,2026-09-04 11:21:01.735196,Unauthorized Access,Europe,Laptop,2,920,27,0,297,1,-0.17953830931430464,10.823356267463863,Low,Normal
EVT004274,2026-09-04 11:29:01.735196,Phishing,North America,Firewall,2,896,22,0,19,1,-0.1319606349204669,23.484110375438664,Low,Normal
EVT004275,2026-09-04 11:37:01.735196,Phishing,South America,Firewall,3,674,94,0,273,1,-0.1796546400447509,10.792399841111676,Low,Normal
EVT004276,2026-09-04 11:45:01.735196,Ransomware,South America,Server,4,778,54,0,255,1,-0.19945487482884178,5.523417969353504,Low,Normal
EVT004277,2026-09-04 11:53:01.735196,Brute Force,Europe,Firewall,2,933,50,0,385,1,-0.1716497682443347,12.9225525823322,Low,Normal
EVT004278,2026-09-04 12:01:01.735196,Unauthorized Access,North America,Laptop,5,597,46,0,53,1,-0.17590378128886153,11.790529762489472,Low,Normal
EVT004279,2026-09-04 12:09:01.735196,Ransomware,Europe,Router,2,824,20,0,436,1,-0.16230368872828949,15.409610138923375,Low,Normal
EVT004280,2026-09-04 12:17:01.735196,Malware,Africa,Server,143,8319,909,1,1167,-1,0.11395234525589992,88.92328565331887,High,Suspicious
EVT004281,2026-09-04 12:25:01.735196,Brute Force,Asia,Firewall,2,937,62,0,315,1,-0.1784002026721876,11.126214457320305,Low,Normal
EVT004282,2026-09-04 12:33:01.735196,Ransomware,Europe,Desktop,0,144,39,0,212,1,-0.12427522254087847,25.52925271574938,Low,Normal
EVT004283,2026-09-04 12:41:01.735196,DDoS,Europe,Laptop,4,567,91,0,214,1,-0.1869836178899787,8.842107239730506,Low,Normal
EVT004284,2026-09-04 12:49:01.735196,DDoS,South America,Laptop,1,352,82,0,484,1,-0.1339542110782787,22.953605724861507,Low,Normal
EVT004285,2026-09-04 12:57:01.735196,DDoS,Africa,Firewall,2,359,88,0,31,1,-0.14928884066811832,18.872952833618474,Low,Normal
EVT004286,2026-09-04 13:05:01.735196,Malware,Europe,Laptop,2,493,43,0,99,1,-0.2116339779611468,2.2824728836947754,Low,Normal
EVT004287,2026-09-04 13:13:01.735196,Phishing,North America,Router,3,161,53,0,249,1,-0.18778871107761358,8.627866274561114,Low,Normal
EVT004288,2026-09-04 13:21:01.735196,Malware,Africa,Laptop,4,135,98,0,236,1,-0.1472529960871619,19.414705409168498,Low,Normal
EVT004289,2026-09-04 13:29:01.735196,DDoS,Oceania,Desktop,5,628,55,0,353,1,-0.19331937540994354,7.156117559276167,Low,Normal
EVT004290,2026-09-04 13:37:01.735196,Ransomware,South America,Server,6,986,53,0,428,1,-0.11348834789784135,28.3997159989806,Low,Normal
EVT004291,2026-09-04 13:45:01.735196,Malware,Asia,Router,5,529,51,0,307,1,-0.20228105102927724,4.771352585843328,Low,Normal
EVT004292,2026-09-04 13:53:01.735196,Brute Force,Oceania,Desktop,68,13801,333,1,1686,-1,0.12817046666962284,92.70682785856361,High,Suspicious
EVT004293,2026-09-04 14:01:01.735196,Unauthorized Access,Europe,Laptop,3,773,13,0,433,1,-0.17083828216546504,13.138494740865786,Low,Normal
EVT004294,2026-09-04 14:09:01.735196,Unauthorized Access,South America,Laptop,3,686,11,0,151,1,-0.18820010835946138,8.518390561581775,Low,Normal
EVT004295,2026-09-04 14:17:01.735196,Unauthorized Access,Asia,Router,2,592,71,1,434,1,-0.055920097800688406,43.71903263629928,Medium,Normal
EVT004296,2026-09-04 14:25:01.735196,DDoS,Africa,Server,7,238,23,1,292,1,-0.012321251337596761,55.320992620540224,Medium,Normal
EVT004297,2026-09-04 14:33:01.735196,Unauthorized Access,North America,Laptop,1,855,51,0,98,1,-0.17364111790261538,12.392640418955068,Low,Normal
EVT004298,2026-09-04 14:41:01.735196,Malware,Asia,Desktop,2,649,93,0,213,1,-0.18352994126188493,9.761154904708812,Low,Normal
EVT004299,2026-09-04 14:49:01.735196,DDoS,Oceania,Desktop,0,722,97,0,73,1,-0.10472043591265212,30.73291910525146,Low,Normal
EVT004300,2026-09-04 14:57:01.735196,Unauthorized Access,Africa,Desktop,2,886,14,0,156,1,-0.1785018052260603,11.099177302442236,Low,Normal
EVT004301,2026-09-04 15:05:01.735196,DDoS,Africa,Router,6,796,98,0,428,1,-0.11874489067850125,27.000912958439276,Low,Normal
EVT004302,2026-09-04 15:13:01.735196,Brute Force,Africa,Firewall,2,575,76,0,14,1,-0.1588178841937341,16.33720726599492,Low,Normal
EVT004303,2026-09-04 15:21:01.735196,Unauthorized Access,Africa,Firewall,9,656,20,0,240,1,-0.08606507520627549,35.697241924897334,Low,Normal
EVT004304,2026-09-04 15:29:01.735196,Ransomware,North America,Router,4,117,24,0,305,1,-0.16180744956046983,15.541662875055524,Low,Normal
EVT004305,2026-09-04 15:37:01.735196,Unauthorized Access,Africa,Firewall,4,992,65,1,175,1,-0.03385679956175025,49.59023162559434,Medium,Normal
EVT004306,2026-09-04 15:45:01.735196,Ransomware,Oceania,Desktop,4,866,94,0,463,1,-0.13866254972327607,21.700683664234106,Low,Normal
EVT004307,2026-09-04 15:53:01.735196,Ransomware,Africa,Firewall,1,192,10,0,316,1,-0.13911115272342167,21.581307247683597,Low,Normal
EVT004308,2026-09-04 16:01:01.735196,Ransomware,Europe,Firewall,4,746,44,0,33,1,-0.1710187097555524,13.090481688914549,Low,Normal
EVT004309,2026-09-04 16:09:01.735196,Ransomware,Europe,Desktop,1,457,87,0,231,1,-0.17468682140639707,12.114371354737367,Low,Normal
EVT004310,2026-09-04 16:17:01.735196,DDoS,Asia,Desktop,3,715,47,0,495,1,-0.16460310080472795,14.797720397283001,Low,Normal
EVT004311,2026-09-04 16:25:01.735196,Brute Force,Oceania,Laptop,2,833,79,0,181,1,-0.1875831684852648,8.682562605426348,Low,Normal
EVT004312,2026-09-04 16:33:01.735196,Phishing,Oceania,Desktop,3,843,67,0,116,1,-0.194069581761737,6.9564823675332095,Low,Normal
EVT004313,2026-09-04 16:41:01.735196,Brute Force,Asia,Firewall,5,904,58,0,251,1,-0.17788627306552457,11.262974743771201,Low,Normal
EVT004314,2026-09-04 16:49:01.735196,Phishing,South America,Firewall,5,724,83,0,186,1,-0.17463405247250946,12.128413539543644,Low,Normal
EVT004315,2026-09-04 16:57:01.735196,Malware,Oceania,Desktop,3,735,32,0,176,1,-0.20614907161016172,3.7420450780029055,Low,Normal
EVT004316,2026-09-04 17:05:01.735196,Phishing,Africa,Desktop,4,548,47,0,107,1,-0.2052557255915971,3.9797707427918043,Low,Normal
EVT004317,2026-09-04 17:13:01.735196,Brute Force,South America,Desktop,0,546,28,0,465,1,-0.11882249920824639,26.98026078230198,Low,Normal
EVT004318,2026-09-04 17:21:01.735196,DDoS,Oceania,Desktop,1,477,84,0,29,1,-0.14447607150447067,20.153664590460426,Low,Normal
EVT004319,2026-09-04 17:29:01.735196,DDoS,Africa,Desktop,3,361,96,0,23,1,-0.13355603961811258,23.059561953580197,Low,Normal
EVT004320,2026-09-04 17:37:01.735196,Unauthorized Access,North America,Desktop,4,277,48,0,36,1,-0.1707701838167715,13.156616190872592,Low,Normal
EVT004321,2026-09-04 17:45:01.735196,DDoS,Africa,Router,2,380,48,0,374,1,-0.19961217013374316,5.481560581343945,Low,Normal
EVT004322,2026-09-04 17:53:01.735196,Phishing,Asia,Router,35,12782,601,1,1370,-1,0.10562234073879717,86.70661280721993,High,Suspicious
EVT004323,2026-09-04 18:01:01.735196,Unauthorized Access,Africa,Desktop,2,650,84,0,350,1,-0.19298017016186791,7.246382463829305,Low,Normal
EVT004324,2026-09-04 18:09:01.735196,DDoS,Europe,Desktop,1,510,6,0,30,1,-0.116538361907984,27.588085798465883,Low,Normal
EVT004325,2026-09-04 18:17:01.735196,DDoS,Oceania,Router,5,309,60,0,137,1,-0.18986405679552698,8.075602168374722,Low,Normal
EVT004326,2026-09-04 18:25:01.735196,DDoS,South America,Router,1,409,39,0,439,1,-0.16901922811338826,13.622557830453077,Low,Normal
EVT004327,2026-09-04 18:33:01.735196,Phishing,Europe,Server,3,545,50,1,188,1,-0.06200304607215301,42.100317276674254,Medium,Normal
EVT004328,2026-09-04 18:41:01.735196,Malware,North America,Server,6,207,78,0,140,1,-0.14602479091392057,19.74153945246014,Low,Normal
EVT004329,2026-09-04 18:49:01.735196,Unauthorized Access,Africa,Desktop,4,630,18,0,118,1,-0.19027458159975913,7.966358627831241,Low,Normal
EVT004330,2026-09-04 18:57:01.735196,Malware,Oceania,Router,4,341,38,0,288,1,-0.20105300663516806,5.098143844675999,Low,Normal
EVT004331,2026-09-04 19:05:01.735196,Brute Force,Africa,Server,3,314,97,0,408,1,-0.16373867521011226,15.027750133656301,Low,Normal
EVT004332,2026-09-04 19:13:01.735196,Ransomware,Africa,Desktop,113,12437,511,1,1886,-1,0.1283679793820408,92.75938738184807,High,Suspicious
EVT004333,2026-09-04 19:21:01.735196,Phishing,Europe,Laptop,3,782,10,0,100,1,-0.17757210908894344,11.3465759896865,Low,Normal
EVT004334,2026-09-04 19:29:01.735196,Unauthorized Access,Asia,Firewall,2,830,62,0,240,1,-0.1985101873919196,5.774805947016271,Low,Normal
EVT004335,2026-09-04 19:37:01.735196,Phishing,Europe,Server,1,779,75,0,490,1,-0.13476349295701517,22.738250119501163,Low,Normal
EVT004336,2026-09-04 19:45:01.735196,Ransomware,Europe,Laptop,3,329,93,0,206,1,-0.18165707460754243,10.259537906605326,Low,Normal
EVT004337,2026-09-04 19:53:01.735196,DDoS,Europe,Firewall,1,928,90,0,342,1,-0.13951453954431853,21.47396317475778,Low,Normal
EVT004338,2026-09-04 20:01:01.735196,Phishing,North America,Firewall,2,265,77,0,95,1,-0.18504727272524935,9.357382320136276,Low,Normal
EVT004339,2026-09-04 20:09:01.735196,Ransomware,South America,Server,1,489,43,0,78,1,-0.18707415139446903,8.818015636820341,Low,Normal
EVT004340,2026-09-04 20:17:01.735196,DDoS,Europe,Laptop,2,769,62,0,128,1,-0.19851110707721048,5.7745612122856915,Low,Normal
EVT004341,2026-09-04 20:25:01.735196,Phishing,Europe,Laptop,4,893,26,0,130,1,-0.17859541959684028,11.074265859322779,Low,Normal
EVT004342,2026-09-04 20:33:01.735196,Malware,Europe,Desktop,5,965,53,0,44,1,-0.13616785310235607,22.36453999798451,Low,Normal
EVT004343,2026-09-04 20:41:01.735196,Unauthorized Access,South America,Router,1,841,44,0,61,1,-0.16207478523513752,15.470522969955505,Low,Normal
EVT004344,2026-09-04 20:49:01.735196,Malware,North America,Router,4,494,43,0,239,1,-0.21377392893618336,1.713016863760185,Low,Normal
EVT004345,2026-09-04 20:57:01.735196,DDoS,Europe,Router,2,231,13,0,440,1,-0.15349064594002698,17.754822869617584,Low,Normal
EVT004346,2026-09-04 21:05:01.735196,DDoS,North America,Firewall,5,529,79,0,348,1,-0.18587892629164832,9.136073451189931,Low,Normal
EVT004347,2026-09-04 21:13:01.735196,Phishing,Oceania,Router,3,313,21,0,187,1,-0.19538224094203194,6.607174518399614,Low,Normal
EVT004348,2026-09-04 21:21:01.735196,Unauthorized Access,Asia,Desktop,4,459,17,0,231,1,-0.1944309839576684,6.860310698886829,Low,Normal
EVT004349,2026-09-04 21:29:01.735196,Unauthorized Access,Africa,Router,99,9553,533,1,896,-1,0.0868618615742307,81.71431722580488,High,Suspicious
EVT004350,2026-09-04 21:37:01.735196,Unauthorized Access,Europe,Desktop,2,246,66,0,39,1,-0.16816866667667074,13.848898216804562,Low,Normal
EVT004351,2026-09-04 21:45:01.735196,Malware,Africa,Router,2,220,15,0,262,1,-0.17313726200084528,12.526720021614029,Low,Normal
EVT004352,2026-09-04 21:53:01.735196,DDoS,Europe,Laptop,1,314,97,0,81,1,-0.1444131548013307,20.170407168106102,Low,Normal
EVT004353,2026-09-04 22:01:01.735196,DDoS,Asia,Laptop,3,121,82,0,23,1,-0.12254620567642366,25.989356275839302,Low,Normal
EVT004354,2026-09-04 22:09:01.735196,Phishing,South America,Firewall,4,234,33,0,274,1,-0.19150495242550897,7.63894828916067,Low,Normal
EVT004355,2026-09-04 22:17:01.735196,Malware,Oceania,Firewall,6,978,57,0,257,1,-0.14221367323957973,20.75570469626692,Low,Normal
EVT004356,2026-09-04 22:25:01.735196,Brute Force,North America,Router,1,605,35,0,462,1,-0.16045725931329563,15.900958005308302,Low,Normal
EVT004357,2026-09-04 22:33:01.735196,Malware,South America,Firewall,3,178,59,0,469,1,-0.1698443464251153,13.402988038783805,Low,Normal
EVT004358,2026-09-04 22:41:01.735196,DDoS,North America,Router,4,631,41,0,346,1,-0.20802987350384605,3.241550453052618,Low,Normal
EVT004359,2026-09-04 22:49:01.735196,DDoS,South America,Server,3,570,5,0,283,1,-0.16804669295887215,13.881356281818421,Low,Normal
EVT004360,2026-09-04 22:57:01.735196,Ransomware,Europe,Desktop,2,682,42,0,82,1,-0.20101626998741917,5.107919725271799,Low,Normal
EVT004361,2026-09-04 23:05:01.735196,Ransomware,South America,Laptop,1,899,77,0,377,1,-0.15387327551316082,17.653002446454693,Low,Normal
EVT004362,2026-09-04 23:13:01.735196,Unauthorized Access,Oceania,Firewall,4,921,58,0,189,1,-0.1852606056779652,9.300612919532417,Low,Normal
EVT004363,2026-09-04 23:21:01.735196,Phishing,North America,Router,2,693,61,0,335,1,-0.20564712462449497,3.8756167046477947,Low,Normal
EVT004364,2026-09-04 23:29:01.735196,Phishing,North America,Laptop,1,285,14,0,339,1,-0.15575672400300922,17.151803543632834,Low,Normal
EVT004365,2026-09-04 23:37:01.735196,Brute Force,Africa,Server,7,731,69,1,212,1,-0.019032868316366747,53.534984092008166,Medium,Normal
EVT004366,2026-09-04 23:45:01.735196,Unauthorized Access,Asia,Router,3,826,62,0,252,1,-0.20454808893287296,4.168077839513951,Low,Normal
EVT004367,2026-09-04 23:53:01.735196,Phishing,South America,Desktop,2,648,52,0,44,1,-0.1930768609025144,7.220652377030405,Low,Normal
EVT004368,2026-09-05 00:01:01.735196,Phishing,Europe,Router,4,986,83,0,75,1,-0.1447521693322083,20.08019301474203,Low,Normal
EVT004369,2026-09-05 00:09:01.735196,Unauthorized Access,North America,Laptop,3,359,61,0,111,1,-0.20176201185636694,4.909472563844502,Low,Normal
EVT004370,2026-09-05 00:17:01.735196,Unauthorized Access,North America,Firewall,1,576,38,0,359,1,-0.1893727430580377,8.206344212820417,Low,Normal
EVT004371,2026-09-05 00:25:01.735196,Brute Force,Europe,Desktop,2,427,57,0,107,1,-0.20323801855636214,4.516696789735144,Low,Normal
EVT004372,2026-09-05 00:33:01.735196,DDoS,Europe,Laptop,10,283,81,0,236,1,-0.07666445954659762,38.198811933249274,Low,Normal
EVT004373,2026-09-05 00:41:01.735196,Phishing,Africa,Server,33,14018,905,1,1769,-1,0.14276446118043096,96.5903925411284,High,Suspicious
EVT004374,2026-09-05 00:49:01.735196,Malware,Asia,Laptop,2,174,62,0,197,1,-0.19201205984936764,7.504003433582886,Low,Normal
EVT004375,2026-09-05 00:57:01.735196,DDoS,Africa,Desktop,2,244,94,0,14,1,-0.12697878764054837,24.809815009347815,Low,Normal
EVT004376,2026-09-05 01:05:01.735196,Phishing,Africa,Laptop,2,833,52,0,245,1,-0.20078540311257492,5.169355025994657,Low,Normal
EVT004377,2026-09-05 01:13:01.735196,Malware,Asia,Laptop,7,757,62,0,88,1,-0.1156392309629804,27.82735087290668,Low,Normal
EVT004378,2026-09-05 01:21:01.735196,Unauthorized Access,North America,Firewall,6,490,94,0,107,1,-0.13308354212206008,23.18529686371126,Low,Normal
EVT004379,2026-09-05 01:29:01.735196,Malware,South America,Laptop,7,597,74,0,189,1,-0.13042755285156243,23.892074307031304,Low,Normal
EVT004380,2026-09-05 01:37:01.735196,DDoS,Europe,Laptop,2,731,86,0,361,1,-0.18283728793109127,9.945474832384471,Low,Normal
EVT004381,2026-09-05 01:45:01.735196,Unauthorized Access,Asia,Firewall,3,290,82,0,113,1,-0.18399259360858777,9.638039858130561,Low,Normal
EVT004382,2026-09-05 01:53:01.735196,DDoS,Europe,Router,3,539,23,0,296,1,-0.2033642763794586,4.4830986941409785,Low,Normal
EVT004383,2026-09-05 02:01:01.735196,Malware,Oceania,Laptop,2,456,93,0,68,1,-0.16969089944156351,13.443821361389658,Low,Normal
EVT004384,2026-09-05 02:09:01.735196,Unauthorized Access,North America,Server,1,700,19,0,125,1,-0.16919631005452468,13.5754350792414,Low,Normal
EVT004385,2026-09-05 02:17:01.735196,Phishing,North America,Desktop,2,146,57,0,398,1,-0.17717346883500656,11.452656967727938,Low,Normal
EVT004386,2026-09-05 02:25:01.735196,DDoS,Oceania,Router,5,749,36,0,38,1,-0.1564024497883782,16.979971366169483,Low,Normal
EVT004387,2026-09-05 02:33:01.735196,Brute Force,South America,Firewall,2,575,40,0,428,1,-0.19431301732127476,6.89170245132856,Low,Normal
EVT004388,2026-09-05 02:41:01.735196,Brute Force,Africa,Desktop,4,329,45,0,401,1,-0.1926221306117114,7.341659308761613,Low,Normal
EVT004389,2026-09-05 02:49:01.735196,Unauthorized Access,Oceania,Router,0,769,72,0,19,1,-0.10472521811989233,30.731646526237604,Low,Normal
EVT004390,2026-09-05 02:57:01.735196,Unauthorized Access,South America,Laptop,2,103,27,0,378,1,-0.1510459660534681,18.40536939823149,Low,Normal
EVT004391,2026-09-05 03:05:01.735196,DDoS,Europe,Server,4,954,91,0,112,1,-0.1437114978319312,20.35712302740133,Low,Normal
EVT004392,2026-09-05 03:13:01.735196,Unauthorized Access,Asia,Desktop,1,777,24,0,176,1,-0.1747637589136261,12.09389774241567,Low,Normal
EVT004393,2026-09-05 03:21:01.735196,DDoS,South America,Router,0,574,43,0,42,1,-0.13359989728273047,23.047891120262854,Low,Normal
EVT004394,2026-09-05 03:29:01.735196,Malware,Asia,Router,4,638,13,0,143,1,-0.18752775277315858,8.697309116550185,Low,Normal
EVT004395,2026-09-05 03:37:01.735196,Malware,Europe,Router,5,147,24,0,187,1,-0.16051665146589966,15.88515333537344,Low,Normal
EVT004396,2026-09-05 03:45:01.735196,Phishing,South America,Firewall,3,603,40,0,144,1,-0.21638236286244095,1.0188942323369896,Low,Normal
EVT004397,2026-09-05 03:53:01.735196,Brute Force,Europe,Desktop,2,258,36,0,292,1,-0.1978277276183103,5.956413297361474,Low,Normal
EVT004398,2026-09-05 04:01:01.735196,Phishing,North America,Laptop,0,242,12,0,125,1,-0.1107367209734833,29.13194329529192,Low,Normal
EVT004399,2026-09-05 04:09:01.735196,Ransomware,South America,Router,1,787,38,0,224,1,-0.1872014693777041,8.784135425149652,Low,Normal
EVT004400,2026-09-05 04:17:01.735196,DDoS,Asia,Laptop,3,479,32,0,378,1,-0.20360736108692112,4.418412142143582,Low,Normal
EVT004401,2026-09-05 04:25:01.735196,DDoS,North America,Laptop,2,174,88,0,377,1,-0.16468011512459474,14.777226344577631,Low,Normal
EVT004402,2026-09-05 04:33:01.735196,Brute Force,North America,Desktop,1,754,13,0,287,1,-0.17042087999207206,13.249568397760358,Low,Normal
EVT004403,2026-09-05 04:41:01.735196,Ransomware,South America,Router,1,348,64,0,149,1,-0.18610484770817587,9.075954171741687,Low,Normal
EVT004404,2026-09-05 04:49:01.735196,DDoS,North America,Firewall,4,716,48,0,492,1,-0.16132757608259973,15.669360585875935,Low,Normal
EVT004405,2026-09-05 04:57:01.735196,Unauthorized Access,Africa,Router,1,356,98,0,498,1,-0.10016969672238929,31.94390284145746,Low,Normal
EVT004406,2026-09-05 05:05:01.735196,DDoS,North America,Desktop,117,14248,371,1,952,-1,0.12200438043410355,91.06598890140371,High,Suspicious
EVT004407,2026-09-05 05:13:01.735196,Ransomware,Africa,Laptop,3,220,98,0,103,1,-0.15518134028055597,17.304917202938874,Low,Normal
EVT004408,2026-09-05 05:21:01.735196,Malware,Europe,Firewall,112,6471,351,1,1095,-1,0.09780045601831,84.62515421621659,High,Suspicious
EVT004409,2026-09-05 05:29:01.735196,Malware,Africa,Laptop,1,989,74,0,42,1,-0.11894533560315829,26.94757315283493,Low,Normal
EVT004410,2026-09-05 05:37:01.735196,Ransomware,North America,Router,3,531,69,0,448,1,-0.18540757792156048,9.261502570811837,Low,Normal
EVT004411,2026-09-05 05:45:01.735196,Unauthorized Access,South America,Desktop,3,537,68,0,174,1,-0.2096895716871135,2.799893082037375,Low,Normal
EVT004412,2026-09-05 05:53:01.735196,Ransomware,Asia,Server,1,859,80,0,422,1,-0.15298972201299504,17.888122253157313,Low,Normal
EVT004413,2026-09-05 06:01:01.735196,Unauthorized Access,North America,Router,5,120,55,0,378,1,-0.1583250039907459,16.468366157937957,Low,Normal
EVT004414,2026-09-05 06:09:01.735196,DDoS,Africa,Server,3,485,53,0,26,1,-0.17543443801825714,11.915425311022723,Low,Normal
EVT004415,2026-09-05 06:17:01.735196,Unauthorized Access,Oceania,Firewall,4,436,90,0,441,1,-0.16630117340030726,14.34585132499172,Low,Normal
EVT004416,2026-09-05 06:25:01.735196,Phishing,South America,Desktop,7,174,28,0,215,1,-0.10770100290056528,29.939769246266273,Low,Normal
EVT004417,2026-09-05 06:33:01.735196,DDoS,Oceania,Desktop,3,202,23,0,347,1,-0.1799655035194665,10.709676881978673,Low,Normal
EVT004418,2026-09-05 06:41:01.735196,Phishing,North America,Firewall,3,280,5,0,394,1,-0.14904673685174286,18.93737836359202,Low,Normal
EVT004419,2026-09-05 06:49:01.735196,DDoS,Europe,Server,1,808,43,0,424,1,-0.16121074537369418,15.700450060016042,Low,Normal
EVT004420,2026-09-05 06:57:01.735196,Malware,Europe,Laptop,114,5201,517,1,1764,-1,0.11669607235560064,89.6534107506733,High,Suspicious
EVT004421,2026-09-05 07:05:01.735196,Phishing,South America,Laptop,1,814,84,0,114,1,-0.16074159241301172,15.825294965739264,Low,Normal
EVT004422,2026-09-05 07:13:01.735196,Unauthorized Access,Asia,Laptop,6,270,16,0,373,1,-0.1364655788590996,22.285313078094777,Low,Normal
EVT004423,2026-09-05 07:21:01.735196,Malware,Europe,Server,56,8128,966,1,1689,-1,0.10926886729412899,87.67697919551982,High,Suspicious
EVT004424,2026-09-05 07:29:01.735196,DDoS,North America,Laptop,3,524,6,0,115,1,-0.1697099121556635,13.438761944316166,Low,Normal
EVT004425,2026-09-05 07:37:01.735196,Phishing,Oceania,Router,4,632,82,0,91,1,-0.18724653316355017,8.772143634482275,Low,Normal
EVT004426,2026-09-05 07:45:01.735196,Brute Force,South America,Desktop,1,356,77,0,60,1,-0.16556405360403148,14.542004092180713,Low,Normal
EVT004427,2026-09-05 07:53:01.735196,Ransomware,South America,Desktop,3,765,58,1,432,1,-0.05314959630121607,44.45628258992749,Medium,Normal
EVT004428,2026-09-05 08:01:01.735196,Unauthorized Access,Oceania,Desktop,1,108,95,0,143,1,-0.11984445246186132,26.708311826857884,Low,Normal
EVT004429,2026-09-05 08:09:01.735196,Ransomware,Africa,Laptop,6,395,74,1,87,1,-0.02576863160667464,51.742550059983316,Medium,Normal
EVT004430,2026-09-05 08:17:01.735196,Brute Force,Africa,Firewall,4,723,74,0,37,1,-0.16753614283459523,14.017217264214471,Low,Normal
EVT004431,2026-09-05 08:25:01.735196,Unauthorized Access,Europe,Laptop,4,326,68,0,308,1,-0.19901499419453683,5.640473302947452,Low,Normal
EVT004432,2026-09-05 08:33:01.735196,DDoS,South America,Desktop,3,839,5,0,314,1,-0.15485030812907236,17.39300718894943,Low,Normal
EVT004433,2026-09-05 08:41:01.735196,Unauthorized Access,Asia,Router,3,411,93,0,336,1,-0.17895081498362064,10.979692644880048,Low,Normal
EVT004434,2026-09-05 08:49:01.735196,DDoS,North America,Firewall,4,301,52,0,480,1,-0.1736079418465541,12.401468801035861,Low,Normal
EVT004435,2026-09-05 08:57:01.735196,Ransomware,North America,Laptop,5,735,18,0,269,1,-0.17580742379981007,11.816171168692808,Low,Normal
EVT004436,2026-09-05 09:05:01.735196,Phishing,Europe,Router,8,806,70,0,241,1,-0.0977483288896186,32.58824586843904,Low,Normal
EVT004437,2026-09-05 09:13:01.735196,Malware,Oceania,Firewall,4,747,63,0,11,1,-0.1538579906263216,17.6570698624498,Low,Normal
EVT004438,2026-09-05 09:21:01.735196,DDoS,Oceania,Router,0,116,63,0,281,1,-0.11645158298736441,27.61117828017538,Low,Normal
EVT004439,2026-09-05 09:29:01.735196,Ransomware,Asia,Server,1,329,30,0,55,1,-0.1630074206086659,15.2223421312096,Low,Normal
EVT004440,2026-09-05 09:37:01.735196,Unauthorized Access,South America,Server,4,502,29,0,60,1,-0.19212291994394043,7.474502781950476,Low,Normal
EVT004441,2026-09-05 09:45:01.735196,Malware,South America,Router,4,242,99,0,441,1,-0.14558637001318953,19.858206340673394,Low,Normal
EVT004442,2026-09-05 09:53:01.735196,Phishing,South America,Router,9,868,13,0,134,1,-0.05574871059915787,43.76463997721028,Medium,Normal
EVT004443,2026-09-05 10:01:01.735196,Ransomware,Asia,Server,5,271,8,0,207,1,-0.15169086404697546,18.233757502010253,Low,Normal
EVT004444,2026-09-05 10:09:01.735196,DDoS,South America,Router,0,217,28,0,106,1,-0.12470793810444403,25.414104057922028,Low,Normal
EVT004445,2026-09-05 10:17:01.735196,DDoS,South America,Laptop,3,155,92,0,219,1,-0.16599317827075405,14.427810997283567,Low,Normal
EVT004446,2026-09-05 10:25:01.735196,Unauthorized Access,Europe,Desktop,2,290,27,0,51,1,-0.1751517753851874,11.99064382765691,Low,Normal
EVT004447,2026-09-05 10:33:01.735196,Ransomware,Africa,Router,5,689,86,0,328,1,-0.17741424657441485,11.388584316171075,Low,Normal
EVT004448,2026-09-05 10:41:01.735196,Malware,North America,Server,3,850,76,0,128,1,-0.18939045136753696,8.201631906994322,Low,Normal
EVT004449,2026-09-05 10:49:01.735196,Malware,Europe,Firewall,5,953,96,0,15,1,-0.09436823572392228,33.48771245603816,Low,Normal
EVT004450,2026-09-05 10:57:01.735196,Malware,Oceania,Laptop,1,906,18,0,499,1,-0.10632377373910573,30.30625962196715,Low,Normal
EVT004451,2026-09-05 11:05:01.735196,Malware,South America,Laptop,1,877,6,0,307,1,-0.14173549288083287,20.882951856168905,Low,Normal
EVT004452,2026-09-05 11:13:01.735196,Ransomware,Asia,Desktop,104,8392,474,1,1762,-1,0.09972827798031125,85.13816121237218,High,Suspicious
EVT004453,2026-09-05 11:21:01.735196,Malware,North America,Laptop,4,233,19,0,104,1,-0.17507989971767568,12.00977044879395,Low,Normal
EVT004454,2026-09-05 11:29:01.735196,Ransomware,North America,Server,2,595,36,0,462,1,-0.17989660538579727,10.728011160398077,Low,Normal
EVT004455,2026-09-05 11:37:01.735196,Malware,North America,Firewall,5,418,61,0,171,1,-0.198084287087904,5.888141016297252,Low,Normal
EVT004456,2026-09-05 11:45:01.735196,Phishing,Europe,Router,123,9839,646,1,1048,-1,0.09218869123088513,83.13182409887526,High,Suspicious
EVT004457,2026-09-05 11:53:01.735196,DDoS,North America,Desktop,3,493,16,0,475,1,-0.16285518417063882,15.262853319128961,Low,Normal
EVT004458,2026-09-05 12:01:01.735196,Unauthorized Access,Africa,Server,2,972,86,1,223,1,-0.03273607518810151,49.88846427143839,Medium,Normal
EVT004459,2026-09-05 12:09:01.735196,Ransomware,Europe,Server,3,208,93,0,358,1,-0.17289227930278883,12.591911642270517,Low,Normal
EVT004460,2026-09-05 12:17:01.735196,Ransomware,Europe,Firewall,6,734,23,0,189,1,-0.15822728487970367,16.494369901338995,Low,Normal
EVT004461,2026-09-05 12:25:01.735196,Unauthorized Access,Europe,Desktop,4,537,24,0,248,1,-0.2024452425053645,4.7276600781314455,Low,Normal
EVT004462,2026-09-05 12:33:01.735196,Ransomware,Oceania,Laptop,47,12398,638,1,704,-1,0.10506212058634201,86.5575342806435,High,Suspicious
EVT004463,2026-09-05 12:41:01.735196,DDoS,Asia,Firewall,5,137,42,0,287,1,-0.16832176735679188,13.80815704797962,Low,Normal
EVT004464,2026-09-05 12:49:01.735196,Brute Force,Oceania,Router,0,748,95,0,77,1,-0.10674942989690561,30.192989521713,Low,Normal
EVT004465,2026-09-05 12:57:01.735196,Phishing,Asia,Desktop,3,243,15,0,260,1,-0.1783713745032406,11.133885836030409,Low,Normal
EVT004466,2026-09-05 13:05:01.735196,DDoS,Europe,Laptop,1,714,69,0,256,1,-0.18777557658130134,8.631361456498022,Low,Normal
EVT004467,2026-09-05 13:13:01.735196,Malware,Africa,Server,35,12341,738,1,1158,-1,0.10100666629387633,85.47834934259849,High,Suspicious
EVT004468,2026-09-05 13:21:01.735196,DDoS,Europe,Laptop,2,825,67,0,285,1,-0.19676068338643032,6.240361279567072,Low,Normal
EVT004469,2026-09-05 13:29:01.735196,Ransomware,Asia,Desktop,2,343,69,0,29,1,-0.16956239764068132,13.478016595270448,Low,Normal
EVT004470,2026-09-05 13:37:01.735196,Brute Force,South America,Router,2,912,97,0,69,1,-0.14118443638846234,21.029591868283703,Low,Normal
EVT004471,2026-09-05 13:45:01.735196,Brute Force,Oceania,Firewall,4,461,57,0,178,1,-0.2119541251307671,2.1972794679894494,Low,Normal
EVT004472,2026-09-05 13:53:01.735196,Ransomware,Oceania,Laptop,2,478,10,0,277,1,-0.1878291776594213,8.617097832253135,Low,Normal
EVT004473,2026-09-05 14:01:01.735196,Brute Force,North America,Desktop,2,862,32,0,238,1,-0.19321857089467187,7.182942350464226,Low,Normal
EVT004474,2026-09-05 14:09:01.735196,Phishing,Asia,Server,2,871,59,0,47,1,-0.17052876837914765,13.22085853841408,Low,Normal
EVT004475,2026-09-05 14:17:01.735196,Ransomware,South America,Laptop,106,12184,713,1,939,-1,0.10370691858595027,86.19690548757626,High,Suspicious
EVT004476,2026-09-05 14:25:01.735196,DDoS,Oceania,Router,5,615,39,0,72,1,-0.18528627076795906,9.29378325840015,Low,Normal
EVT004477,2026-09-05 14:33:01.735196,Ransomware,South America,Laptop,4,427,46,0,100,1,-0.19976666501306695,5.440448406295872,Low,Normal
EVT004478,2026-09-05 14:41:01.735196,Brute Force,Oceania,Router,2,319,95,0,55,1,-0.15685036610168052,16.860777681822317,Low,Normal
EVT004479,2026-09-05 14:49:01.735196,Unauthorized Access,Oceania,Laptop,4,813,72,0,67,1,-0.1801963604943972,10.648244215692507,Low,Normal
EVT004480,2026-09-05 14:57:01.735196,Phishing,Asia,Router,73,5352,539,1,982,-1,0.09210439112077407,83.10939124609315,High,Suspicious
EVT004481,2026-09-05 15:05:01.735196,Ransomware,Europe,Server,2,576,84,0,457,1,-0.17364870264878585,12.390622064601708,Low,Normal
EVT004482,2026-09-05 15:13:01.735196,Phishing,Africa,Firewall,2,472,17,0,465,1,-0.16194476445683986,15.505122414420311,Low,Normal
EVT004483,2026-09-05 15:21:01.735196,Ransomware,Europe,Laptop,5,653,99,0,354,1,-0.15893896320571538,16.30498728849787,Low,Normal
EVT004484,2026-09-05 15:29:01.735196,Malware,Oceania,Desktop,2,508,99,0,492,1,-0.12852601814990933,24.39808607814321,Low,Normal
EVT004485,2026-09-05 15:37:01.735196,Unauthorized Access,Asia,Desktop,4,538,54,0,434,1,-0.19321996751603243,7.1825706996878225,Low,Normal
EVT004486,2026-09-05 15:45:01.735196,DDoS,Africa,Laptop,30,12905,831,1,799,-1,0.11595481182526757,89.45615610500046,High,Suspicious
EVT004487,2026-09-05 15:53:01.735196,Ransomware,Oceania,Firewall,5,797,59,0,293,1,-0.18881285889143745,8.355333331195487,Low,Normal
EVT004488,2026-09-05 16:01:01.735196,DDoS,Africa,Firewall,2,240,9,0,353,1,-0.15695682415416617,16.832448444580127,Low,Normal
EVT004489,2026-09-05 16:09:01.735196,Unauthorized Access,Europe,Router,1,898,96,0,426,1,-0.1281834724375559,24.489239903757884,Low,Normal
EVT004490,2026-09-05 16:17:01.735196,Brute Force,North America,Router,4,248,98,0,424,1,-0.1519494857023287,18.164936458797413,Low,Normal
EVT004491,2026-09-05 16:25:01.735196,Unauthorized Access,Africa,Desktop,2,538,41,0,222,1,-0.21799773765134833,0.5890316286022631,Low,Normal
EVT004492,2026-09-05 16:33:01.735196,DDoS,North America,Desktop,6,574,62,0,80,1,-0.16379628835736543,15.012418869569688,Low,Normal
EVT004493,2026-09-05 16:41:01.735196,DDoS,Africa,Server,3,880,43,0,271,1,-0.2011999769411817,5.059034011559537,Low,Normal
EVT004494,2026-09-05 16:49:01.735196,DDoS,South America,Firewall,6,612,44,0,447,1,-0.15312982803268166,17.85083905495776,Low,Normal
EVT004495,2026-09-05 16:57:01.735196,Ransomware,Africa,Laptop,1,875,40,0,167,1,-0.1760899202920611,11.740996863300127,Low,Normal
EVT004496,2026-09-05 17:05:01.735196,Ransomware,Oceania,Server,2,220,15,0,64,1,-0.15879269358116482,16.343910665344136,Low,Normal
EVT004497,2026-09-05 17:13:01.735196,Brute Force,Africa,Desktop,3,197,30,0,106,1,-0.18510444403282628,9.342168632698105,Low,Normal
EVT004498,2026-09-05 17:21:01.735196,Malware,Africa,Laptop,1,491,13,0,336,1,-0.16960973487078224,13.465419825081574,Low,Normal
EVT004499,2026-09-05 17:29:01.735196,DDoS,Europe,Router,96,12364,697,1,1620,-1,0.09972827798031125,85.13816121237218,High,Suspicious
EVT004500,2026-09-05 17:37:01.735196,Malware,North America,Desktop,136,10108,596,1,1538,-1,0.1016969949768396,85.66205066512073,High,Suspicious
EVT004501,2026-09-05 17:45:01.735196,Unauthorized Access,South America,Server,2,944,48,0,481,1,-0.1456908530069858,19.830402680453066,Low,Normal
EVT004502,2026-09-05 17:53:01.735196,Brute Force,Oceania,Desktop,0,438,61,0,243,1,-0.14675444124184084,19.547374363386382,Low,Normal
EVT004503,2026-09-05 18:01:01.735196,Brute Force,North America,Router,2,249,78,0,15,1,-0.14582217169202077,19.795457853868065,Low,Normal
EVT004504,2026-09-05 18:09:01.735196,Phishing,Africa,Firewall,3,502,90,0,389,1,-0.17715197765744745,11.458375921376545,Low,Normal
EVT004505,2026-09-05 18:17:01.735196,Malware,Europe,Router,6,625,17,0,345,1,-0.14806294942643028,19.199171123433462,Low,Normal
EVT004506,2026-09-05 18:25:01.735196,Ransomware,Europe,Firewall,2,205,65,1,59,1,-0.03506495777252061,49.26873222014893,Medium,Normal
EVT004507,2026-09-05 18:33:01.735196,Malware,Oceania,Router,3,628,94,0,349,1,-0.18351480179411905,9.765183623664738,Low,Normal
EVT004508,2026-09-05 18:41:01.735196,Brute Force,Europe,Router,3,846,52,1,331,1,-0.05309695277228754,44.47029140359129,Medium,Normal
EVT004509,2026-09-05 18:49:01.735196,Phishing,Oceania,Desktop,82,7797,697,1,751,-1,0.08829573778285826,82.09588177955827,High,Suspicious
EVT004510,2026-09-05 18:57:01.735196,Ransomware,Oceania,Desktop,2,524,25,0,300,1,-0.20352421200816118,4.440538697379765,Low,Normal
EVT004511,2026-09-05 19:05:01.735196,DDoS,Europe,Laptop,3,107,98,0,102,1,-0.12627820655127542,24.99624456936706,Low,Normal
EVT004512,2026-09-05 19:13:01.735196,Ransomware,Asia,Firewall,3,398,30,0,369,1,-0.191494694722447,7.641677936160753,Low,Normal
EVT004513,2026-09-05 19:21:01.735196,Brute Force,North America,Server,4,314,43,0,320,1,-0.20328588985303214,4.503957900672352,Low,Normal
EVT004514,2026-09-05 19:29:01.735196,Malware,North America,Laptop,4,388,47,0,323,1,-0.20419474518265884,4.262105099022668,Low,Normal
EVT004515,2026-09-05 19:37:01.735196,Ransomware,Europe,Server,7,891,99,0,29,1,-0.056605987816090275,43.53651247446383,Medium,Normal
EVT004516,2026-09-05 19:45:01.735196,Ransomware,North America,Firewall,3,883,76,0,155,1,-0.18537036289137332,9.271405752342323,Low,Normal
EVT004517,2026-09-05 19:53:01.735196,Unauthorized Access,South America,Firewall,5,954,28,0,333,1,-0.1627306636787506,15.295989098657625,Low,Normal
EVT004518,2026-09-05 20:01:01.735196,Brute Force,Africa,Desktop,3,979,74,0,255,1,-0.16862233544839966,13.728173762772172,Low,Normal
EVT004519,2026-09-05 20:09:01.735196,Ransomware,North America,Desktop,6,997,99,0,68,1,-0.08189249234674167,36.80759559923645,Low,Normal
EVT004520,2026-09-05 20:17:01.735196,Phishing,Africa,Desktop,4,570,32,0,341,1,-0.2041866365675395,4.2642628585914215,Low,Normal
EVT004521,2026-09-05 20:25:01.735196,Unauthorized Access,North America,Server,0,228,6,0,75,1,-0.08020444374659763,37.25679721577244,Low,Normal
EVT004522,2026-09-05 20:33:01.735196,Ransomware,Europe,Firewall,1,374,32,0,28,1,-0.1512106017844092,18.361558671175395,Low,Normal
EVT004523,2026-09-05 20:41:01.735196,Unauthorized Access,Europe,Router,2,178,90,0,270,1,-0.16933130355993453,13.539512357083524,Low,Normal
EVT004524,2026-09-05 20:49:01.735196,Brute Force,Asia,Server,0,808,14,0,376,1,-0.12180947466563258,26.185405584473724,Low,Normal
EVT004525,2026-09-05 20:57:01.735196,DDoS,South America,Server,4,245,39,0,397,1,-0.19041094985883839,7.930070074043528,Low,Normal
EVT004526,2026-09-05 21:05:01.735196,DDoS,Europe,Laptop,5,605,50,0,73,1,-0.18635283694908084,9.009962488866837,Low,Normal
EVT004527,2026-09-05 21:13:01.735196,Brute Force,South America,Firewall,3,734,24,0,341,1,-0.19313834104525202,7.204292078221332,Low,Normal
EVT004528,2026-09-05 21:21:01.735196,Malware,Oceania,Laptop,7,263,71,0,216,1,-0.11922144080972685,26.87409961355767,Low,Normal
EVT004529,2026-09-05 21:29:01.735196,DDoS,Africa,Router,3,709,89,0,388,1,-0.1765149721826077,11.627887562816177,Low,Normal
EVT004530,2026-09-05 21:37:01.735196,Brute Force,Asia,Laptop,5,588,18,0,356,1,-0.17087475630716242,13.128788714978363,Low,Normal
EVT004531,2026-09-05 21:45:01.735196,Malware,South America,Laptop,3,476,89,0,252,1,-0.19052689708852083,7.899215699944478,Low,Normal
EVT004532,2026-09-05 21:53:01.735196,Ransomware,North America,Desktop,43,13422,427,1,1559,-1,0.11560861985446125,89.36403198434142,High,Suspicious
EVT004533,2026-09-05 22:01:01.735196,DDoS,Oceania,Server,3,629,7,0,115,1,-0.175915741530971,11.787347057862792,Low,Normal
EVT004534,2026-09-05 22:09:01.735196,DDoS,North America,Laptop,0,670,96,0,60,1,-0.10113633097842534,31.6866746607206,Low,Normal
EVT004535,2026-09-05 22:17:01.735196,Unauthorized Access,Africa,Firewall,1,747,60,0,445,1,-0.16660506172539985,14.264984502279177,Low,Normal
EVT004536,2026-09-05 22:25:01.735196,Unauthorized Access,Europe,Router,2,914,86,0,499,1,-0.11646944288581385,27.606425635462443,Low,Normal
EVT004537,2026-09-05 22:33:01.735196,Unauthorized Access,Oceania,Desktop,6,483,67,0,432,1,-0.15154685222949033,18.272080060501214,Low,Normal
EVT004538,2026-09-05 22:41:01.735196,Malware,Oceania,Desktop,2,954,26,0,165,1,-0.17622238825781156,11.705746205025681,Low,Normal
EVT004539,2026-09-05 22:49:01.735196,Unauthorized Access,South America,Desktop,5,480,33,0,66,1,-0.17803828241419212,11.222523985929147,Low,Normal
EVT004540,2026-09-05 22:57:01.735196,Malware,North America,Desktop,73,5218,425,1,1581,-1,0.10149245299084353,85.60762060265033,High,Suspicious
EVT004541,2026-09-05 23:05:01.735196,Phishing,Oceania,Desktop,1,299,89,0,363,1,-0.16097887489800555,15.76215242598904,Low,Normal
EVT004542,2026-09-05 23:13:01.735196,Phishing,Asia,Desktop,3,169,61,0,441,1,-0.17721080611676787,11.442721254192909,Low,Normal
EVT004543,2026-09-05 23:21:01.735196,Malware,Africa,Desktop,3,393,96,0,370,1,-0.1726406957376594,12.658859800125919,Low,Normal
EVT004544,2026-09-05 23:29:01.735196,Ransomware,Oceania,Desktop,5,495,57,0,198,1,-0.1997547022704524,5.4436317763245565,Low,Normal
EVT004545,2026-09-05 23:37:01.735196,Malware,Asia,Desktop,3,718,82,0,245,1,-0.1990308992970487,5.636240843195468,Low,Normal
EVT004546,2026-09-05 23:45:01.735196,Malware,Europe,Firewall,3,985,30,0,458,1,-0.14527476600287204,19.941126361543514,Low,Normal
EVT004547,2026-09-05 23:53:01.735196,Malware,Asia,Server,3,241,59,0,79,1,-0.18753910348640668,8.694288611844666,Low,Normal
EVT004548,2026-09-06 00:01:01.735196,Ransomware,Asia,Desktop,2,863,10,0,418,1,-0.15428306639711875,17.543954207263056,Low,Normal
EVT004549,2026-09-06 00:09:01.735196,Phishing,Africa,Laptop,2,844,20,0,426,1,-0.1662414848505424,14.361734868297743,Low,Normal
EVT004550,2026-09-06 00:17:01.735196,Malware,Europe,Server,2,500,63,0,158,1,-0.2134269519606935,1.8053498796920193,Low,Normal
EVT004551,2026-09-06 00:25:01.735196,Unauthorized Access,Africa,Server,2,915,32,1,143,1,-0.04433638487092406,46.80154019745301,Medium,Normal
EVT004552,2026-09-06 00:33:01.735196,Unauthorized Access,Africa,Firewall,4,677,89,0,53,1,-0.15815636033776242,16.51324342126571,Low,Normal
EVT004553,2026-09-06 00:41:01.735196,Unauthorized Access,Oceania,Desktop,1,156,47,0,380,1,-0.16133648990926136,15.666988553847009,Low,Normal
EVT004554,2026-09-06 00:49:01.735196,DDoS,North America,Desktop,3,601,70,0,288,1,-0.2099907185545148,2.719755780516633,Low,Normal
EVT004555,2026-09-06 00:57:01.735196,DDoS,North America,Desktop,4,103,68,0,61,1,-0.13797911656418727,21.882550039308136,Low,Normal
EVT004556,2026-09-06 01:05:01.735196,Malware,Europe,Server,1,926,28,1,482,1,-0.010180695333832479,55.89060964287872,Medium,Normal
EVT004557,2026-09-06 01:13:01.735196,Unauthorized Access,North America,Server,4,645,42,0,440,1,-0.1900850808146835,8.016786120845095,Low,Normal
EVT004558,2026-09-06 01:21:01.735196,Malware,South America,Desktop,1,870,5,0,181,1,-0.13650636255036847,22.2744602507267,Low,Normal
EVT004559,2026-09-06 01:29:01.735196,Malware,Asia,Laptop,3,528,17,0,52,1,-0.17730072912446376,11.418792108777708,Low,Normal
EVT004560,2026-09-06 01:37:01.735196,Unauthorized Access,Europe,Server,0,575,52,0,108,1,-0.14931114890803027,18.867016453925576,Low,Normal
EVT004561,2026-09-06 01:45:01.735196,Phishing,Oceania,Firewall,2,929,86,0,434,1,-0.14820425842879065,19.1615678030753,Low,Normal
EVT004562,2026-09-06 01:53:01.735196,Malware,Oceania,Server,3,190,63,0,423,1,-0.18343607858386002,9.786132424134255,Low,Normal
EVT004563,2026-09-06 02:01:01.735196,Brute Force,Oceania,Laptop,0,819,55,0,196,1,-0.15081558533205885,18.46667533010272,Low,Normal
EVT004564,2026-09-06 02:09:01.735196,Brute Force,Africa,Laptop,3,356,69,0,468,1,-0.1751690575379662,11.98604492513432,Low,Normal
EVT004565,2026-09-06 02:17:01.735196,Malware,Oceania,Firewall,3,941,67,0,342,1,-0.17828122032700622,11.15787649702115,Low,Normal
EVT004566,2026-09-06 02:25:01.735196,Unauthorized Access,Oceania,Laptop,1,504,62,0,266,1,-0.19971739579868625,5.453559291102968,Low,Normal
EVT004567,2026-09-06 02:33:01.735196,Phishing,North America,Router,2,804,61,0,113,1,-0.19425516160573053,6.907098264545132,Low,Normal
EVT004568,2026-09-06 02:41:01.735196,Brute Force,South America,Laptop,0,677,99,0,380,1,-0.11324031514111094,28.465719261722956,Low,Normal
EVT004569,2026-09-06 02:49:01.735196,Ransomware,Asia,Laptop,5,865,30,0,84,1,-0.16367904795816451,15.04361736518165,Low,Normal
EVT004570,2026-09-06 02:57:01.735196,Unauthorized Access,South America,Firewall,1,411,61,0,110,1,-0.1853057871524587,9.288589811087416,Low,Normal
EVT004571,2026-09-06 03:05:01.735196,Phishing,Africa,Server,3,967,57,1,70,1,-0.03386306423988994,49.58856455063738,Medium,Normal
EVT004572,2026-09-06 03:13:01.735196,Ransomware,Oceania,Firewall,1,191,18,0,80,1,-0.14518166522181775,19.965901134821237,Low,Normal
EVT004573,2026-09-06 03:21:01.735196,Malware,South America,Firewall,3,848,77,0,29,1,-0.15639782312392875,16.98120255415168,Low,Normal
EVT004574,2026-09-06 03:29:01.735196,Ransomware,Oceania,Laptop,2,161,21,0,260,1,-0.16957049968750226,13.475860583572144,Low,Normal
EVT004575,2026-09-06 03:37:01.735196,Brute Force,Africa,Server,2,559,65,0,348,1,-0.2079679135473515,3.2580384336803534,Low,Normal
EVT004576,2026-09-06 03:45:01.735196,Phishing,Europe,Server,3,905,34,0,486,1,-0.15330855871914417,17.803277561007466,Low,Normal
EVT004577,2026-09-06 03:53:01.735196,Phishing,Oceania,Server,4,362,38,0,430,1,-0.18529129292522922,9.292446826994052,Low,Normal
EVT004578,2026-09-06 04:01:01.735196,Brute Force,South America,Laptop,2,159,97,0,61,1,-0.13729731610019563,22.063981942722467,Low,Normal
EVT004579,2026-09-06 04:09:01.735196,Ransomware,North America,Firewall,3,736,29,0,245,1,-0.20500508323427447,4.046468438623614,Low,Normal
EVT004580,2026-09-06 04:17:01.735196,Phishing,Oceania,Server,133,5243,507,1,1555,-1,0.11400302340808321,88.93677146639432,High,Suspicious
EVT004581,2026-09-06 04:25:01.735196,Malware,South America,Server,4,320,85,0,163,1,-0.18865538160487733,8.397239145805608,Low,Normal
EVT004582,2026-09-06 04:33:01.735196,DDoS,Europe,Laptop,3,518,48,1,125,1,-0.05583555851137145,43.74152913635191,Medium,Normal
EVT004583,2026-09-06 04:41:01.735196,Malware,Asia,Desktop,0,591,43,0,247,1,-0.16100047745622964,15.756403833161356,Low,Normal
EVT004584,2026-09-06 04:49:01.735196,DDoS,Oceania,Firewall,1,391,32,1,359,1,-0.04140398089141528,47.5818735408292,Medium,Normal
EVT004585,2026-09-06 04:57:01.735196,DDoS,Oceania,Laptop,2,357,77,1,439,1,-0.05145417990804191,44.907444828058814,Medium,Normal
EVT004586,2026-09-06 05:05:01.735196,Phishing,Europe,Router,5,241,10,0,403,1,-0.13658967798662247,22.252289426590178,Low,Normal
EVT004587,2026-09-06 05:13:01.735196,Brute Force,Oceania,Laptop,2,923,18,0,383,1,-0.16179270018995912,15.545587786385525,Low,Normal
EVT004588,2026-09-06 05:21:01.735196,Ransomware,South America,Server,6,108,32,0,473,1,-0.10193616585758059,31.473832968456676,Low,Normal
EVT004589,2026-09-06 05:29:01.735196,DDoS,South America,Laptop,1,894,14,0,227,1,-0.15980014482051735,16.075820797990954,Low,Normal
EVT004590,2026-09-06 05:37:01.735196,Malware,Oceania,Router,4,196,8,0,145,1,-0.15550390931192537,17.21907931277196,Low,Normal
EVT004591,2026-09-06 05:45:01.735196,Phishing,South America,Server,2,235,11,0,320,1,-0.16335182798260506,15.130692904340673,Low,Normal
EVT004592,2026-09-06 05:53:01.735196,Phishing,Asia,Desktop,4,971,80,0,253,1,-0.16387913003812576,14.990374115105315,Low,Normal
EVT004593,2026-09-06 06:01:01.735196,Malware,South America,Firewall,3,770,16,0,366,1,-0.18133764912092015,10.344539277384152,Low,Normal
EVT004594,2026-09-06 06:09:01.735196,DDoS,Asia,Desktop,5,969,24,0,186,1,-0.1518264268278337,18.197683291647802,Low,Normal
EVT004595,2026-09-06 06:17:01.735196,DDoS,Europe,Desktop,3,751,8,0,398,1,-0.16572182246865957,14.500020686593965,Low,Normal
EVT004596,2026-09-06 06:25:01.735196,DDoS,Asia,Laptop,3,105,28,0,190,1,-0.16046487800003878,15.898930619129603,Low,Normal
EVT004597,2026-09-06 06:33:01.735196,DDoS,Europe,Server,0,266,90,0,51,1,-0.0951172523926812,33.288393847326184,Low,Normal
EVT004598,2026-09-06 06:41:01.735196,Brute Force,South America,Router,1,412,15,0,13,1,-0.12047766532923632,26.53980942496497,Low,Normal
EVT004599,2026-09-06 06:49:01.735196,Unauthorized Access,Africa,Laptop,5,863,88,0,399,1,-0.14674225519041928,19.550617157460728,Low,Normal
EVT004600,2026-09-06 06:57:01.735196,Brute Force,Asia,Firewall,3,431,44,0,16,1,-0.16285320345048643,15.26338040270599,Low,Normal
EVT004601,2026-09-06 07:05:01.735196,Malware,Asia,Firewall,1,238,6,0,446,1,-0.12045730769086871,26.54522673585448,Low,Normal
EVT004602,2026-09-06 07:13:01.735196,Brute Force,South America,Server,1,939,9,0,331,1,-0.13856501622399026,21.726638015040038,Low,Normal
EVT004603,2026-09-06 07:21:01.735196,Malware,Europe,Desktop,3,357,32,0,135,1,-0.20229845905773103,4.766720186917444,Low,Normal
EVT004604,2026-09-06 07:29:01.735196,Phishing,Oceania,Firewall,4,901,14,0,97,1,-0.16280578507287413,15.27599876681893,Low,Normal
EVT004605,2026-09-06 07:37:01.735196,Unauthorized Access,Africa,Laptop,3,599,27,0,50,1,-0.18848869170517674,8.44159650163016,Low,Normal
EVT004606,2026-09-06 07:45:01.735196,Unauthorized Access,North America,Laptop,6,283,39,0,452,1,-0.14824666201873182,19.150283909266268,Low,Normal
EVT004607,2026-09-06 07:53:01.735196,Ransomware,Oceania,Firewall,2,353,51,0,30,1,-0.17344486669097597,12.44486424800125,Low,Normal
EVT004608,2026-09-06 08:01:01.735196,Ransomware,North America,Router,5,641,79,0,19,1,-0.14958114838671766,18.795167691822456,Low,Normal
EVT004609,2026-09-06 08:09:01.735196,Malware,Oceania,Desktop,4,981,86,0,274,1,-0.1503434890407217,18.592303476834513,Low,Normal
EVT004610,2026-09-06 08:17:01.735196,DDoS,Asia,Desktop,4,129,39,0,415,1,-0.1675181425355342,14.022007270518582,Low,Normal
EVT004611,2026-09-06 08:25:01.735196,Brute Force,South America,Firewall,2,351,38,0,362,1,-0.1992025456285666,5.590564545970535,Low,Normal
EVT004612,2026-09-06 08:33:01.735196,Ransomware,North America,Router,3,346,72,0,420,1,-0.18547495715294643,9.243572482983243,Low,Normal
EVT004613,2026-09-06 08:41:01.735196,Phishing,Europe,Desktop,3,119,39,0,356,1,-0.17758512513360303,11.343112328568276,Low,Normal
EVT004614,2026-09-06 08:49:01.735196,Ransomware,Asia,Router,36,5036,644,1,991,-1,0.09018348176741542,82.59822374376284,High,Suspicious
EVT004615,2026-09-06 08:57:01.735196,Unauthorized Access,Asia,Router,3,692,60,0,224,1,-0.21312285725446123,1.8862716218787767,Low,Normal
EVT004616,2026-09-06 09:05:01.735196,Unauthorized Access,North America,Server,3,167,81,0,390,1,-0.172778267219248,12.622251060357655,Low,Normal
EVT004617,2026-09-06 09:13:01.735196,Phishing,Europe,Router,6,389,45,0,77,1,-0.15776705828124477,16.616839439232013,Low,Normal
EVT004618,2026-09-06 09:21:01.735196,Phishing,South America,Router,3,561,75,0,283,1,-0.20697235348633763,3.5229639747624852,Low,Normal
EVT004619,2026-09-06 09:29:01.735196,Brute Force,North America,Server,5,552,58,0,162,1,-0.19727106860694404,6.104544179223352,Low,Normal
EVT004620,2026-09-06 09:37:01.735196,Unauthorized Access,South America,Laptop,3,627,12,0,233,1,-0.19622216626151134,6.383664477724564,Low,Normal
EVT004621,2026-09-06 09:45:01.735196,Phishing,Europe,Desktop,5,988,27,0,258,1,-0.1551913861610329,17.302243923419923,Low,Normal
EVT004622,2026-09-06 09:53:01.735196,Ransomware,North America,Firewall,3,270,17,0,402,1,-0.16838398386488668,13.791600797164907,Low,Normal
EVT004623,2026-09-06 10:01:01.735196,Ransomware,Oceania,Firewall,4,428,64,0,378,1,-0.19697639414436868,6.182959128253511,Low,Normal
EVT004624,2026-09-06 10:09:01.735196,Phishing,North America,Desktop,3,348,65,0,272,1,-0.20732859274188226,3.428166200900663,Low,Normal
EVT004625,2026-09-06 10:17:01.735196,Unauthorized Access,North America,Server,2,333,52,0,45,1,-0.18389711197446396,9.66344819317154,Low,Normal
EVT004626,2026-09-06 10:25:01.735196,Unauthorized Access,Africa,Laptop,2,770,33,0,170,1,-0.19991306941400028,5.401489164505308,Low,Normal
EVT004627,2026-09-06 10:33:01.735196,Brute Force,Asia,Firewall,98,6993,927,1,992,-1,0.09783589426065165,84.63458458199261,High,Suspicious
EVT004628,2026-09-06 10:41:01.735196,Brute Force,Oceania,Server,4,309,31,0,427,1,-0.18442675301662442,9.522506983124634,Low,Normal
EVT004629,2026-09-06 10:49:01.735196,DDoS,Europe,Router,3,940,16,0,172,1,-0.17028800532637844,13.284927281752893,Low,Normal
EVT004630,2026-09-06 10:57:01.735196,Malware,North America,Firewall,2,548,63,0,195,1,-0.21303374738975472,1.9099843842198903,Low,Normal
EVT004631,2026-09-06 11:05:01.735196,Unauthorized Access,Asia,Server,4,787,76,0,435,1,-0.17487282419222994,12.064874703948291,Low,Normal
EVT004632,2026-09-06 11:13:01.735196,Ransomware,Asia,Router,4,913,52,0,272,1,-0.18676804077899384,8.899473826648853,Low,Normal
EVT004633,2026-09-06 11:21:01.735196,Phishing,North America,Server,4,997,72,0,16,1,-0.11920191636417615,26.87929520597284,Low,Normal
EVT004634,2026-09-06 11:29:01.735196,Unauthorized Access,North America,Desktop,2,328,18,0,197,1,-0.1858376587281348,9.14705504036882,Low,Normal
EVT004635,2026-09-06 11:37:01.735196,Phishing,Europe,Server,4,388,5,0,73,1,-0.13951703861076975,21.473298155581425,Low,Normal
EVT004636,2026-09-06 11:45:01.735196,Phishing,Europe,Laptop,7,102,96,0,450,1,-0.0639790036911122,41.57450104332213,Medium,Normal
EVT004637,2026-09-06 11:53:01.735196,DDoS,North America,Router,3,968,37,0,415,1,-0.16254752446041593,15.344723733975624,Low,Normal
EVT004638,2026-09-06 12:01:01.735196,Phishing,North America,Server,4,445,33,0,329,1,-0.203521457741267,4.441271627190627,Low,Normal
EVT004639,2026-09-06 12:09:01.735196,Brute Force,Europe,Desktop,4,747,22,0,54,1,-0.1700157688264768,13.357371330949988,Low,Normal
EVT004640,2026-09-06 12:17:01.735196,Ransomware,Oceania,Router,2,163,41,1,472,1,-0.03029221242699298,50.5387933572173,Medium,Normal
EVT004641,2026-09-06 12:25:01.735196,Malware,Europe,Router,2,540,74,0,231,1,-0.20582996597294057,3.8269613346043183,Low,Normal
EVT004642,2026-09-06 12:33:01.735196,Phishing,Asia,Server,6,230,44,0,221,1,-0.16405198637067958,14.94437582808619,Low,Normal
EVT004643,2026-09-06 12:41:01.735196,Brute Force,South America,Server,5,732,82,0,115,1,-0.17375746087219746,12.361680735682677,Low,Normal
EVT004644,2026-09-06 12:49:01.735196,Phishing,Europe,Server,3,730,94,0,457,1,-0.16006464955627336,16.00543422566544,Low,Normal
EVT004645,2026-09-06 12:57:01.735196,Malware,South America,Laptop,2,437,31,0,268,1,-0.2089516616810223,2.996256129621407,Low,Normal
EVT004646,2026-09-06 13:05:01.735196,Phishing,Asia,Firewall,2,383,52,0,441,1,-0.18691641954399374,8.859989192680446,Low,Normal
EVT004647,2026-09-06 13:13:01.735196,Brute Force,Africa,Firewall,5,215,12,0,123,1,-0.14996494519770232,18.693036658449984,Low,Normal
EVT004648,2026-09-06 13:21:01.735196,Unauthorized Access,Asia,Router,4,786,73,0,399,1,-0.18187403389023954,10.20180351406372,Low,Normal
EVT004649,2026-09-06 13:29:01.735196,Unauthorized Access,Africa,Firewall,5,450,62,0,124,1,-0.19078801791128847,7.829729610688268,Low,Normal
EVT004650,2026-09-06 13:37:01.735196,DDoS,South America,Laptop,1,368,40,0,466,1,-0.15818283122493926,16.506199331830157,Low,Normal
EVT004651,2026-09-06 13:45:01.735196,DDoS,Asia,Desktop,3,913,82,0,75,1,-0.1708927067019751,13.124011988546066,Low,Normal
EVT004652,2026-09-06 13:53:01.735196,Phishing,Oceania,Server,3,704,32,0,327,1,-0.20556190364356303,3.8982946076383516,Low,Normal
EVT004653,2026-09-06 14:01:01.735196,Ransomware,South America,Firewall,5,610,66,0,216,1,-0.19570065112413437,6.522443327301368,Low,Normal
EVT004654,2026-09-06 14:09:01.735196,Malware,Africa,Server,2,783,15,0,241,1,-0.18655435439364149,8.956337278165485,Low,Normal
EVT004655,2026-09-06 14:17:01.735196,Phishing,North America,Laptop,0,243,13,0,334,1,-0.11507356551333237,27.977878431401603,Low,Normal
EVT004656,2026-09-06 14:25:01.735196,Unauthorized Access,North America,Firewall,3,206,12,0,18,1,-0.1300317602292832,23.997397510241022,Low,Normal
EVT004657,2026-09-06 14:33:01.735196,Brute Force,Africa,Laptop,2,825,19,0,227,1,-0.19039286360777097,7.934882952781656,Low,Normal
EVT004658,2026-09-06 14:41:01.735196,Phishing,Africa,Laptop,8,812,26,0,119,1,-0.08454558098981435,36.10159003329491,Low,Normal
EVT004659,2026-09-06 14:49:01.735196,Phishing,North America,Firewall,2,877,25,0,113,1,-0.1847433084797599,9.438269345800911,Low,Normal
EVT004660,2026-09-06 14:57:01.735196,Unauthorized Access,North America,Laptop,3,195,52,0,373,1,-0.19326963511755857,7.169353801256638,Low,Normal
EVT004661,2026-09-06 15:05:01.735196,Malware,Asia,Firewall,3,873,70,0,208,1,-0.19525591372787343,6.640791079443916,Low,Normal
EVT004662,2026-09-06 15:13:01.735196,Ransomware,Asia,Desktop,2,620,56,0,285,1,-0.21447677580278146,1.5259843644434103,Low,Normal
EVT004663,2026-09-06 15:21:01.735196,Phishing,North America,Router,2,613,54,0,486,1,-0.17598112232480517,11.769948768335933,Low,Normal
EVT004664,2026-09-06 15:29:01.735196,Phishing,Europe,Laptop,1,394,97,0,36,1,-0.12225230488053362,26.067565346717803,Low,Normal
EVT004665,2026-09-06 15:37:01.735196,Malware,Africa,Laptop,3,388,54,0,292,1,-0.20754587981940498,3.3703445798482488,Low,Normal
EVT004666,2026-09-06 15:45:01.735196,Malware,South America,Firewall,4,340,43,0,196,1,-0.20650444074923813,3.6474788482589844,Low,Normal
EVT004667,2026-09-06 15:53:01.735196,Ransomware,South America,Laptop,6,587,85,0,365,1,-0.1549738784535079,17.3601242556692,Low,Normal
EVT004668,2026-09-06 16:01:01.735196,Ransomware,North America,Server,2,383,94,0,357,1,-0.1757290373876893,11.837030344806635,Low,Normal
EVT004669,2026-09-06 16:09:01.735196,Malware,Oceania,Server,4,516,11,0,14,1,-0.13554432459631666,22.530465323147116,Low,Normal
EVT004670,2026-09-06 16:17:01.735196,Brute Force,North America,Server,4,248,82,0,455,1,-0.16444622741303838,14.839465511216584,Low,Normal
EVT004671,2026-09-06 16:25:01.735196,Brute Force,Oceania,Firewall,2,860,24,0,491,1,-0.1362680723064426,22.337870962223466,Low,Normal
EVT004672,2026-09-06 16:33:01.735196,Brute Force,Europe,Router,5,649,91,0,83,1,-0.16084100410357327,15.7988408150122,Low,Normal
EVT004673,2026-09-06 16:41:01.735196,Malware,South America,Firewall,1,116,99,0,310,1,-0.12111394939779657,26.37048975481509,Low,Normal
EVT004674,2026-09-06 16:49:01.735196,Malware,Oceania,Firewall,3,107,41,0,354,1,-0.17087303400064519,13.129247032867816,Low,Normal
EVT004675,2026-09-06 16:57:01.735196,Phishing,Asia,Desktop,136,9780,671,1,1843,-1,0.11827118915062351,90.0725604188149,High,Suspicious
EVT004676,2026-09-06 17:05:01.735196,Malware,Africa,Desktop,3,898,38,0,461,1,-0.1679604586549499,13.904303837190596,Low,Normal
EVT004677,2026-09-06 17:13:01.735196,Ransomware,Europe,Server,0,221,61,0,148,1,-0.13278532578529545,23.26465433039835,Low,Normal
EVT004678,2026-09-06 17:21:01.735196,Phishing,Africa,Firewall,3,948,20,0,99,1,-0.17326461034838486,12.492831729788138,Low,Normal
EVT004679,2026-09-06 17:29:01.735196,Ransomware,South America,Firewall,1,803,60,0,416,1,-0.16470597699779804,14.770344318047957,Low,Normal
EVT004680,2026-09-06 17:37:01.735196,Malware,Europe,Laptop,4,833,34,0,289,1,-0.19234067655905634,7.416556213638918,Low,Normal
EVT004681,2026-09-06 17:45:01.735196,Ransomware,Africa,Firewall,2,650,87,0,439,1,-0.17370125632650513,12.376637160977252,Low,Normal
EVT004682,2026-09-06 17:53:01.735196,Ransomware,South America,Router,2,357,95,0,405,1,-0.165520309258052,14.553644770610596,Low,Normal
EVT004683,2026-09-06 18:01:01.735196,DDoS,South America,Server,148,13412,360,1,1826,-1,0.15557737833414242,100.0,High,Suspicious
EVT004684,2026-09-06 18:09:01.735196,Malware,North America,Desktop,114,6868,973,1,716,-1,0.12307251699279886,91.35022755946497,High,Suspicious
EVT004685,2026-09-06 18:17:01.735196,DDoS,Asia,Desktop,3,812,79,0,203,1,-0.19623961540708412,6.379021137243848,Low,Normal
EVT004686,2026-09-06 18:25:01.735196,Brute Force,Africa,Desktop,1,917,34,0,324,1,-0.16488588647839136,14.722469138680625,Low,Normal
EVT004687,2026-09-06 18:33:01.735196,DDoS,South America,Firewall,5,922,13,0,210,1,-0.15345899747716235,17.76324474839433,Low,Normal
EVT004688,2026-09-06 18:41:01.735196,DDoS,Europe,Desktop,2,821,25,0,208,1,-0.19503912426785064,6.698480280976319,Low,Normal
EVT004689,2026-09-06 18:49:01.735196,Ransomware,Asia,Server,3,912,84,0,292,1,-0.1777281307809283,11.305057519040393,Low,Normal
EVT004690,2026-09-06 18:57:01.735196,Phishing,Africa,Router,6,707,85,0,361,1,-0.14987876926005939,18.71596868214433,Low,Normal
EVT004691,2026-09-06 19:05:01.735196,Unauthorized Access,Oceania,Server,3,111,31,0,467,1,-0.14277800827746162,20.605531169709206,Low,Normal
EVT004692,2026-09-06 19:13:01.735196,Malware,South America,Laptop,3,597,24,0,473,1,-0.16817612461436987,13.846913607078164,Low,Normal
EVT004693,2026-09-06 19:21:01.735196,Unauthorized Access,Africa,Firewall,8,400,6,0,204,1,-0.06731439569264963,40.68692975020653,Medium,Normal
EVT004694,2026-09-06 19:29:01.735196,Ransomware,North America,Firewall,1,501,43,0,261,1,-0.20160334993098217,4.951693619185842,Low,Normal
EVT004695,2026-09-06 19:37:01.735196,Unauthorized Access,Europe,Laptop,2,118,66,0,316,1,-0.1705908439286019,13.204339797685979,Low,Normal
EVT004696,2026-09-06 19:45:01.735196,Ransomware,North America,Server,5,164,80,0,132,1,-0.1591734886834389,16.242578407791893,Low,Normal
EVT004697,2026-09-06 19:53:01.735196,Ransomware,Africa,Server,1,671,44,0,472,1,-0.16108857249243153,15.732961123829819,Low,Normal
EVT004698,2026-09-06 20:01:01.735196,Unauthorized Access,Oceania,Server,2,548,15,0,349,1,-0.1878544871795793,8.610362790757437,Low,Normal
EVT004699,2026-09-06 20:09:01.735196,Brute Force,Asia,Laptop,1,713,84,0,100,1,-0.1647886532713742,14.748343579599776,Low,Normal
EVT004700,2026-09-06 20:17:01.735196,DDoS,South America,Laptop,3,639,51,0,160,1,-0.21645711687996905,0.9990016619967061,Low,Normal
EVT004701,2026-09-06 20:25:01.735196,DDoS,Oceania,Laptop,3,853,54,0,251,1,-0.20272355783197937,4.65359841035039,Low,Normal
EVT004702,2026-09-06 20:33:01.735196,Malware,South America,Desktop,1,544,11,0,73,1,-0.1533808365672369,17.78404391678643,Low,Normal
EVT004703,2026-09-06 20:41:01.735196,Brute Force,North America,Laptop,3,939,25,0,442,1,-0.15571674853574347,17.162441296903697,Low,Normal
EVT004704,2026-09-06 20:49:01.735196,Unauthorized Access,Oceania,Desktop,5,496,42,0,419,1,-0.18384022563365593,9.678586048946311,Low,Normal
EVT004705,2026-09-06 20:57:01.735196,Unauthorized Access,Africa,Desktop,6,927,60,0,128,1,-0.14293492000025837,20.56377585559815,Low,Normal
EVT004706,2026-09-06 21:05:01.735196,Phishing,North America,Laptop,4,576,87,0,94,1,-0.18449352578765638,9.50473827866578,Low,Normal
EVT004707,2026-09-06 21:13:01.735196,Brute Force,Europe,Desktop,5,694,86,0,221,1,-0.17539057786362355,11.927096806950772,Low,Normal
EVT004708,2026-09-06 21:21:01.735196,Unauthorized Access,South America,Laptop,2,525,18,0,358,1,-0.18666864719644888,8.925923158705222,Low,Normal
EVT004709,2026-09-06 21:29:01.735196,Ransomware,North America,Router,3,318,11,0,279,1,-0.17665828794073157,11.589750230621574,Low,Normal
EVT004710,2026-09-06 21:37:01.735196,DDoS,Asia,Router,5,817,55,0,487,1,-0.1422727901807243,20.739973262038937,Low,Normal
EVT004711,2026-09-06 21:45:01.735196,Ransomware,Asia,Server,2,856,74,0,129,1,-0.1836684550718362,9.724295404729153,Low,Normal
EVT004712,2026-09-06 21:53:01.735196,Phishing,Oceania,Desktop,4,395,72,0,352,1,-0.1951181386644058,6.677453993783422,Low,Normal
EVT004713,2026-09-06 22:01:01.735196,Brute Force,Europe,Desktop,3,110,51,0,408,1,-0.16100989596272092,15.753897502276763,Low,Normal
EVT004714,2026-09-06 22:09:01.735196,Brute Force,North America,Server,4,296,34,0,234,1,-0.2034608963794044,4.457387431940552,Low,Normal
EVT004715,2026-09-06 22:17:01.735196,Ransomware,South America,Desktop,3,244,35,0,189,1,-0.20507967804565114,4.026618234161053,Low,Normal
EVT004716,2026-09-06 22:25:01.735196,Unauthorized Access,Africa,Firewall,3,751,50,0,81,1,-0.1976920560410127,5.992516459222376,Low,Normal
EVT004717,2026-09-06 22:33:01.735196,Malware,Europe,Server,1,384,8,0,290,1,-0.1484302733220601,19.10142364880795,Low,Normal
EVT004718,2026-09-06 22:41:01.735196,Unauthorized Access,Oceania,Firewall,2,237,42,0,251,1,-0.20118939861868607,5.061848977648113,Low,Normal
EVT004719,2026-09-06 22:49:01.735196,Ransomware,Asia,Laptop,3,286,40,0,488,1,-0.1694570894048691,13.506039858201014,Low,Normal
EVT004720,2026-09-06 22:57:01.735196,Brute Force,North America,Desktop,5,809,28,0,257,1,-0.18548244865751995,9.241578940875259,Low,Normal
EVT004721,2026-09-06 23:05:01.735196,Brute Force,Oceania,Server,46,9480,640,1,1592,-1,0.0860053109090464,81.48638306359358,High,Suspicious
EVT004722,2026-09-06 23:13:01.735196,Ransomware,Europe,Laptop,1,891,50,0,152,1,-0.17528028316036015,11.95644700397534,Low,Normal
EVT004723,2026-09-06 23:21:01.735196,Phishing,Asia,Laptop,3,627,7,0,104,1,-0.1747435632747345,12.099271944104126,Low,Normal
EVT004724,2026-09-06 23:29:01.735196,Ransomware,Africa,Desktop,4,589,33,0,148,1,-0.20592809236836845,3.8008492099609303,Low,Normal
EVT004725,2026-09-06 23:37:01.735196,Malware,South America,Laptop,3,641,54,0,217,1,-0.21692664982042487,0.8740556409806928,Low,Normal
EVT004726,2026-09-06 23:45:01.735196,Malware,North America,Server,2,669,68,0,493,1,-0.16430880294893563,14.876035128596843,Low,Normal
EVT004727,2026-09-06 23:53:01.735196,DDoS,Africa,Router,1,749,84,0,348,1,-0.17281885548565912,12.61145023692004,Low,Normal
EVT004728,2026-09-07 00:01:01.735196,Malware,Africa,Server,1,194,72,0,19,1,-0.1341566326507555,22.899739919356517,Low,Normal
EVT004729,2026-09-07 00:09:01.735196,Phishing,Europe,Firewall,4,821,14,0,406,1,-0.1669241039239303,14.180085127159971,Low,Normal
EVT004730,2026-09-07 00:17:01.735196,Brute Force,Europe,Router,2,640,81,0,77,1,-0.1894494765274189,8.185924896406478,Low,Normal
EVT004731,2026-09-07 00:25:01.735196,DDoS,Oceania,Desktop,2,771,74,0,463,1,-0.16796433848521575,13.903271387042448,Low,Normal
EVT004732,2026-09-07 00:33:01.735196,Malware,South America,Server,4,654,9,0,275,1,-0.18138348502320634,10.33234202109628,Low,Normal
EVT004733,2026-09-07 00:41:01.735196,Malware,Africa,Firewall,6,331,76,0,383,1,-0.15153600361409653,18.274966953432887,Low,Normal
EVT004734,2026-09-07 00:49:01.735196,Ransomware,South America,Server,1,631,55,0,348,1,-0.19393525603446415,6.992227389227599,Low,Normal
EVT004735,2026-09-07 00:57:01.735196,Unauthorized Access,South America,Firewall,6,567,89,0,166,1,-0.14904146630329324,18.938780893639677,Low,Normal
EVT004736,2026-09-07 01:05:01.735196,Unauthorized Access,North America,Server,3,981,63,0,67,1,-0.16177495023263877,15.550311174990014,Low,Normal
EVT004737,2026-09-07 01:13:01.735196,Phishing,North America,Server,5,187,10,0,38,1,-0.11676978219085948,27.52650323196987,Low,Normal
EVT004738,2026-09-07 01:21:01.735196,Ransomware,South America,Server,3,434,61,0,287,1,-0.21147470730702972,2.324855926037296,Low,Normal
EVT004739,2026-09-07 01:29:01.735196,Unauthorized Access,Africa,Server,3,346,5,0,227,1,-0.16078986414428925,15.812449518208307,Low,Normal
EVT004740,2026-09-07 01:37:01.735196,DDoS,Asia,Router,1,551,80,0,232,1,-0.1848982048924943,9.397050319885432,Low,Normal
EVT004741,2026-09-07 01:45:01.735196,DDoS,Asia,Desktop,5,715,52,0,226,1,-0.1957186488028736,6.517654018283331,Low,Normal
EVT004742,2026-09-07 01:53:01.735196,Unauthorized Access,North America,Router,2,570,83,0,103,1,-0.1917934719204194,7.562171220357761,Low,Normal
EVT004743,2026-09-07 02:01:01.735196,Unauthorized Access,Oceania,Laptop,4,518,58,0,473,1,-0.18004035703837717,10.689757833619986,Low,Normal
EVT004744,2026-09-07 02:09:01.735196,Unauthorized Access,Asia,Laptop,3,832,43,0,230,1,-0.20802129090703242,3.2438343424870992,Low,Normal
EVT004745,2026-09-07 02:17:01.735196,Malware,Asia,Firewall,4,289,33,0,231,1,-0.2012182200890974,5.0541793814655085,Low,Normal
EVT004746,2026-09-07 02:25:01.735196,Malware,Africa,Firewall,3,869,69,1,473,1,-0.03309494513227418,49.792966452812315,Medium,Normal
EVT004747,2026-09-07 02:33:01.735196,Unauthorized Access,Asia,Laptop,3,928,5,0,270,1,-0.14696688203864217,19.49084237175225,Low,Normal
EVT004748,2026-09-07 02:41:01.735196,Unauthorized Access,South America,Desktop,2,405,63,0,174,1,-0.2050684596241769,4.029603535094198,Low,Normal
EVT004749,2026-09-07 02:49:01.735196,Unauthorized Access,Europe,Router,2,997,46,0,54,1,-0.14593011193717342,19.766734194722396,Low,Normal
EVT004750,2026-09-07 02:57:01.735196,Brute Force,Europe,Laptop,2,398,28,0,69,1,-0.18581873015910944,9.15209206584556,Low,Normal
EVT004751,2026-09-07 03:05:01.735196,Unauthorized Access,Europe,Server,5,290,72,0,488,1,-0.14874921472316355,19.016551096593698,Low,Normal
EVT004752,2026-09-07 03:13:01.735196,Ransomware,Asia,Desktop,3,673,7,0,386,1,-0.17182609468648402,12.875630874719782,Low,Normal
EVT004753,2026-09-07 03:21:01.735196,Malware,Asia,Server,5,951,57,0,473,1,-0.13055850609109743,23.85722672806662,Low,Normal
EVT004754,2026-09-07 03:29:01.735196,Brute Force,Asia,Laptop,4,260,29,0,400,1,-0.18145098525787512,10.314379733442248,Low,Normal
EVT004755,2026-09-07 03:37:01.735196,DDoS,Oceania,Server,6,931,90,0,387,1,-0.11409819034751256,28.237432629768833,Low,Normal
EVT004756,2026-09-07 03:45:01.735196,Brute Force,North America,Desktop,3,273,43,0,223,1,-0.20757903199424227,3.3615225527292876,Low,Normal
EVT004757,2026-09-07 03:53:01.735196,DDoS,South America,Router,5,760,78,0,34,1,-0.1491308808903377,18.91498704253915,Low,Normal
EVT004758,2026-09-07 04:01:01.735196,Brute Force,North America,Firewall,2,572,64,0,41,1,-0.18645653659297456,8.98236728357044,Low,Normal
EVT004759,2026-09-07 04:09:01.735196,Malware,Oceania,Laptop,3,324,46,0,407,1,-0.193705849112226,7.053274186283759,Low,Normal
EVT004760,2026-09-07 04:17:01.735196,Malware,North America,Laptop,5,968,62,0,171,1,-0.15978932665832996,16.078699587110005,Low,Normal
EVT004761,2026-09-07 04:25:01.735196,Malware,Africa,Laptop,3,434,78,0,276,1,-0.20272621535482838,4.652891224811033,Low,Normal
EVT004762,2026-09-07 04:33:01.735196,DDoS,Africa,Server,1,868,42,0,246,1,-0.17818038534709268,11.184709395064884,Low,Normal
EVT004763,2026-09-07 04:41:01.735196,Malware,South America,Laptop,0,118,63,0,403,1,-0.10769660408894,29.940939801007854,Low,Normal
EVT004764,2026-09-07 04:49:01.735196,Malware,Asia,Laptop,3,805,67,0,352,1,-0.1964623122249865,6.319759946191272,Low,Normal
EVT004765,2026-09-07 04:57:01.735196,Phishing,Europe,Desktop,2,619,10,0,318,1,-0.18680093242435586,8.890721128257416,Low,Normal
EVT004766,2026-09-07 05:05:01.735196,Ransomware,North America,Router,4,233,66,0,267,1,-0.19553760838817186,6.565830147178805,Low,Normal
EVT004767,2026-09-07 05:13:01.735196,Phishing,South America,Firewall,4,961,11,0,413,1,-0.13509376982545468,22.650361119625916,Low,Normal
EVT004768,2026-09-07 05:21:01.735196,Brute Force,South America,Router,3,229,45,0,493,1,-0.1589367636578824,16.30557260366127,Low,Normal
EVT004769,2026-09-07 05:29:01.735196,Brute Force,Europe,Firewall,3,779,32,0,417,1,-0.19065392195381503,7.865413489021432,Low,Normal
EVT004770,2026-09-07 05:37:01.735196,Unauthorized Access,Asia,Desktop,5,674,40,0,332,1,-0.1960785852611353,6.4218723927497985,Low,Normal
EVT004771,2026-09-07 05:45:01.735196,Malware,North America,Laptop,5,818,70,0,103,1,-0.17308865425844672,12.539654884069847,Low,Normal
EVT004772,2026-09-07 05:53:01.735196,Unauthorized Access,North America,Firewall,1,838,8,0,275,1,-0.15180158474258348,18.204293945423746,Low,Normal
EVT004773,2026-09-07 06:01:01.735196,Phishing,Asia,Desktop,4,518,8,0,361,1,-0.16905192147456422,13.613857896879495,Low,Normal
EVT004774,2026-09-07 06:09:01.735196,Brute Force,Africa,Firewall,3,289,36,0,115,1,-0.2038868041078551,4.344050386965131,Low,Normal
EVT004775,2026-09-07 06:17:01.735196,Malware,Europe,Laptop,2,430,62,0,308,1,-0.21061938197503632,2.5524640184600074,Low,Normal
EVT004776,2026-09-07 06:25:01.735196,Unauthorized Access,Oceania,Server,2,715,97,0,489,1,-0.13630152421971403,22.328969172596995,Low,Normal
EVT004777,2026-09-07 06:33:01.735196,Brute Force,Asia,Router,3,526,71,0,363,1,-0.20234704721251284,4.753790536864342,Low,Normal
EVT004778,2026-09-07 06:41:01.735196,Malware,Africa,Server,8,453,62,0,10,1,-0.06923298458876315,40.17637973788541,Medium,Normal
EVT004779,2026-09-07 06:49:01.735196,Unauthorized Access,Africa,Server,8,133,36,1,370,-1,0.008569325916997661,60.880122299823746,Medium,Suspicious
EVT004780,2026-09-07 06:57:01.735196,Ransomware,Africa,Laptop,2,363,97,0,172,1,-0.1726635429286586,12.65278000175443,Low,Normal
EVT004781,2026-09-07 07:05:01.735196,Brute Force,South America,Desktop,8,378,36,0,428,1,-0.09334436195695373,33.76017247360627,Low,Normal
EVT004782,2026-09-07 07:13:01.735196,Phishing,South America,Firewall,4,943,63,0,203,1,-0.18184211494326769,10.210297370565634,Low,Normal
EVT004783,2026-09-07 07:21:01.735196,Unauthorized Access,Oceania,Router,4,954,22,0,120,1,-0.16590215579071094,14.452032720030761,Low,Normal
EVT004784,2026-09-07 07:29:01.735196,Unauthorized Access,South America,Desktop,4,365,64,0,81,1,-0.19383586004322062,7.018677362255617,Low,Normal
EVT004785,2026-09-07 07:37:01.735196,Brute Force,Africa,Firewall,3,480,81,0,433,1,-0.18517862612706376,9.322428255171854,Low,Normal
EVT004786,2026-09-07 07:45:01.735196,Brute Force,Oceania,Router,4,133,43,0,329,1,-0.1804649081245578,10.576781800703536,Low,Normal
EVT004787,2026-09-07 07:53:01.735196,Unauthorized Access,Asia,Laptop,5,679,84,0,57,1,-0.1627042503724931,15.303017865405174,Low,Normal
EVT004788,2026-09-07 08:01:01.735196,Ransomware,Africa,Router,3,279,88,0,435,1,-0.16565019871831987,14.51908027079801,Low,Normal
EVT004789,2026-09-07 08:09:01.735196,Unauthorized Access,Europe,Laptop,2,724,37,1,167,1,-0.05357552862349424,44.34293900036143,Medium,Normal
EVT004790,2026-09-07 08:17:01.735196,Malware,Asia,Server,4,342,76,0,479,1,-0.1658034993200489,14.47828590142574,Low,Normal
EVT004791,2026-09-07 08:25:01.735196,Ransomware,Africa,Firewall,2,691,52,0,152,1,-0.20935070873122774,2.8900669002290167,Low,Normal
EVT004792,2026-09-07 08:33:01.735196,Phishing,Europe,Laptop,3,826,41,0,83,1,-0.19880569477615867,5.696169351667548,Low,Normal
EVT004793,2026-09-07 08:41:01.735196,Phishing,Asia,Laptop,2,378,24,0,32,1,-0.16355622601517222,15.076301148891147,Low,Normal
EVT004794,2026-09-07 08:49:01.735196,DDoS,South America,Firewall,8,594,17,0,226,1,-0.09166033865345635,34.208302930366074,Low,Normal
EVT004795,2026-09-07 08:57:01.735196,Malware,South America,Firewall,6,967,48,0,83,1,-0.12529010955417563,25.259184136600908,Low,Normal
EVT004796,2026-09-07 09:05:01.735196,Unauthorized Access,South America,Laptop,6,719,28,0,317,1,-0.15862868451247136,16.38755463316436,Low,Normal
EVT004797,2026-09-07 09:13:01.735196,Malware,South America,Router,2,485,73,0,318,1,-0.20759961008541256,3.356046577796973,Low,Normal
EVT004798,2026-09-07 09:21:01.735196,Malware,Oceania,Router,5,783,88,0,194,1,-0.1631046038817957,15.196480978049415,Low,Normal
EVT004799,2026-09-07 09:29:01.735196,Phishing,Asia,Firewall,3,270,50,0,45,1,-0.17822473571897784,11.172907448875014,Low,Normal
EVT004800,2026-09-07 09:37:01.735196,Brute Force,Europe,Firewall,1,766,30,0,85,1,-0.16676859325796928,14.221467610183462,Low,Normal
EVT004801,2026-09-07 09:45:01.735196,Ransomware,Oceania,Firewall,2,895,93,0,472,1,-0.12935762750333757,24.176788974579637,Low,Normal
EVT004802,2026-09-07 09:53:01.735196,Brute Force,Europe,Firewall,4,314,67,0,195,1,-0.2026942917383156,4.661386323910661,Low,Normal
EVT004803,2026-09-07 10:01:01.735196,Unauthorized Access,North America,Desktop,5,586,34,0,72,1,-0.18269071638266055,9.984478553300828,Low,Normal
EVT004804,2026-09-07 10:09:01.735196,Ransomware,South America,Server,2,913,18,0,451,1,-0.1482238960722015,19.156342087912623,Low,Normal
EVT004805,2026-09-07 10:17:01.735196,Brute Force,Africa,Firewall,8,124,52,0,352,1,-0.08279107821964482,36.568475572318945,Low,Normal
EVT004806,2026-09-07 10:25:01.735196,Malware,Africa,Laptop,4,656,11,0,79,1,-0.1735555963044852,12.415398318298456,Low,Normal
EVT004807,2026-09-07 10:33:01.735196,Ransomware,Africa,Laptop,2,857,34,0,273,1,-0.19619774173579385,6.390164015969189,Low,Normal
EVT004808,2026-09-07 10:41:01.735196,Ransomware,North America,Firewall,2,411,59,0,147,1,-0.20658672982909565,3.6255811447852193,Low,Normal
EVT004809,2026-09-07 10:49:01.735196,DDoS,Asia,Router,1,443,30,0,261,1,-0.1908961106166014,7.800965380820616,Low,Normal
EVT004810,2026-09-07 10:57:01.735196,Phishing,North America,Firewall,8,336,81,0,237,1,-0.0932655241088024,33.781151780025986,Low,Normal
EVT004811,2026-09-07 11:05:01.735196,DDoS,North America,Laptop,0,254,86,1,443,1,-0.006124946324734815,56.96987300709433,Medium,Normal
EVT004812,2026-09-07 11:13:01.735196,Unauthorized Access,Asia,Firewall,3,180,37,1,386,1,-0.047509838912330626,45.95706173558831,Medium,Normal
EVT004813,2026-09-07 11:21:01.735196,Malware,Asia,Laptop,4,227,42,1,361,1,-0.0452116187157402,46.56863430961016,Medium,Normal
EVT004814,2026-09-07 11:29:01.735196,DDoS,Africa,Laptop,2,697,60,0,246,1,-0.21022331388709264,2.65786052502234,Low,Normal
EVT004815,2026-09-07 11:37:01.735196,Ransomware,Africa,Desktop,1,622,46,0,194,1,-0.2016420260486116,4.941401632000763,Low,Normal
EVT004816,2026-09-07 11:45:01.735196,Malware,North America,Laptop,7,324,29,0,375,1,-0.12221524967375502,26.077425998114094,Low,Normal
EVT004817,2026-09-07 11:53:01.735196,Phishing,North America,Server,2,609,83,0,123,1,-0.19431697796125913,6.890648497145402,Low,Normal
EVT004818,2026-09-07 12:01:01.735196,Unauthorized Access,South America,Firewall,2,989,13,0,452,1,-0.1276320158902054,24.635986373319284,Low,Normal
EVT004819,2026-09-07 12:09:01.735196,DDoS,North America,Server,2,365,94,0,118,1,-0.17429980880975182,12.21735813131359,Low,Normal
EVT004820,2026-09-07 12:17:01.735196,DDoS,Africa,Laptop,5,226,32,0,237,1,-0.18246701265133508,10.044007691104062,Low,Normal
EVT004821,2026-09-07 12:25:01.735196,Brute Force,Europe,Firewall,3,593,13,0,441,1,-0.17266148603239728,12.653327356330326,Low,Normal
EVT004822,2026-09-07 12:33:01.735196,Malware,North America,Server,1,244,51,0,118,1,-0.18192876437627348,10.187239346421775,Low,Normal
EVT004823,2026-09-07 12:41:01.735196,Malware,Africa,Desktop,2,496,67,0,105,1,-0.20254095232228664,4.702191022041401,Low,Normal
EVT004824,2026-09-07 12:49:01.735196,Brute Force,Africa,Server,4,767,21,0,220,1,-0.19182961841165647,7.55255238456452,Low,Normal
EVT004825,2026-09-07 12:57:01.735196,Ransomware,North America,Router,4,117,39,0,207,1,-0.17529989142611435,11.95122910641392,Low,Normal
EVT004826,2026-09-07 13:05:01.735196,Phishing,Oceania,Firewall,1,845,88,0,52,1,-0.13283822932791167,23.250576325261733,Low,Normal
EVT004827,2026-09-07 13:13:01.735196,Unauthorized Access,South America,Router,4,579,92,0,135,1,-0.18321623493484035,9.844634366860534,Low,Normal
EVT004828,2026-09-07 13:21:01.735196,Malware,Oceania,Desktop,3,489,44,0,78,1,-0.20593317617144108,3.7994963741728034,Low,Normal
EVT004829,2026-09-07 13:29:01.735196,Ransomware,Asia,Server,0,286,50,0,466,1,-0.11962106027597652,26.767758060226043,Low,Normal
EVT004830,2026-09-07 13:37:01.735196,DDoS,South America,Firewall,4,321,5,0,14,1,-0.108355245835143,29.76567059543686,Low,Normal
EVT004831,2026-09-07 13:45:01.735196,Phishing,North America,Router,5,930,15,0,111,1,-0.14237873737298984,20.71177996829783,Low,Normal
EVT004832,2026-09-07 13:53:01.735196,Brute Force,South America,Router,2,437,66,0,352,1,-0.20057942997418698,5.224165928191997,Low,Normal
EVT004833,2026-09-07 14:01:01.735196,Unauthorized Access,Europe,Desktop,3,988,15,0,293,1,-0.161183797140862,15.707621174491043,Low,Normal
EVT004834,2026-09-07 14:09:01.735196,Malware,Oceania,Router,112,10121,541,1,1508,-1,0.08790093164511215,81.99082108682776,High,Suspicious
EVT004835,2026-09-07 14:17:01.735196,DDoS,South America,Server,5,742,70,0,59,1,-0.1692535357228374,13.560206926028725,Low,Normal
EVT004836,2026-09-07 14:25:01.735196,Unauthorized Access,Oceania,Firewall,3,634,64,0,203,1,-0.2161730785538356,1.0745862602401632,Low,Normal
EVT004837,2026-09-07 14:33:01.735196,Ransomware,North America,Router,2,317,96,0,54,1,-0.15280195455246487,17.938088496306836,Low,Normal
EVT004838,2026-09-07 14:41:01.735196,Brute Force,Africa,Desktop,3,861,81,0,259,1,-0.18829049230918388,8.494338756248215,Low,Normal
EVT004839,2026-09-07 14:49:01.735196,Phishing,Europe,Laptop,3,665,70,0,124,1,-0.20197600063387305,4.852528643646883,Low,Normal
EVT004840,2026-09-07 14:57:01.735196,Malware,Europe,Desktop,2,226,44,0,379,1,-0.19218181072002055,7.458831531838368,Low,Normal
EVT004841,2026-09-07 15:05:01.735196,Phishing,Europe,Desktop,1,346,60,0,19,1,-0.14746319561628557,19.35876983464215,Low,Normal
EVT004842,2026-09-07 15:13:01.735196,DDoS,North America,Router,3,117,88,0,173,1,-0.1542748217557135,17.546148164384125,Low,Normal
EVT004843,2026-09-07 15:21:01.735196,Malware,South America,Server,3,857,15,0,94,1,-0.1776418359130117,11.328021190917848,Low,Normal
EVT004844,2026-09-07 15:29:01.735196,Phishing,Oceania,Server,3,585,75,0,15,1,-0.1614713922278384,15.631090097147307,Low,Normal
EVT004845,2026-09-07 15:37:01.735196,Phishing,North America,Router,4,383,86,0,368,1,-0.17996191547327955,10.710631686329236,Low,Normal
EVT004846,2026-09-07 15:45:01.735196,DDoS,Europe,Firewall,2,727,97,0,386,1,-0.16677178451715557,14.22061839364719,Low,Normal
EVT004847,2026-09-07 15:53:01.735196,Ransomware,Europe,Router,5,824,48,0,278,1,-0.1869539819811547,8.84999356370845,Low,Normal
EVT004848,2026-09-07 16:01:01.735196,Unauthorized Access,Asia,Router,3,657,60,0,76,1,-0.2039222928740228,4.334606576443299,Low,Normal
EVT004849,2026-09-07 16:09:01.735196,Phishing,South America,Server,3,886,19,0,286,1,-0.19094273181246202,7.788559152384035,Low,Normal
EVT004850,2026-09-07 16:17:01.735196,Unauthorized Access,Asia,Desktop,1,375,6,0,376,1,-0.1417881463824115,20.868940388712705,Low,Normal
EVT004851,2026-09-07 16:25:01.735196,Malware,Oceania,Laptop,2,467,13,0,291,1,-0.19053855625545196,7.896113113542357,Low,Normal
EVT004852,2026-09-07 16:33:01.735196,Ransomware,North America,Laptop,0,629,92,0,11,1,-0.08694063506073169,35.46424928359412,Low,Normal
EVT004853,2026-09-07 16:41:01.735196,Ransomware,Africa,Server,0,563,67,0,173,1,-0.1476280216776899,19.314908459309848,Low,Normal
EVT004854,2026-09-07 16:49:01.735196,Malware,South America,Desktop,3,733,5,0,80,1,-0.1533848686906078,17.782970940370863,Low,Normal
EVT004855,2026-09-07 16:57:01.735196,Malware,Europe,Router,3,692,35,0,155,1,-0.2099316963347737,2.735462008712298,Low,Normal
EVT004856,2026-09-07 17:05:01.735196,Ransomware,North America,Router,2,459,8,0,74,1,-0.1575517167373891,16.674143340078864,Low,Normal
EVT004857,2026-09-07 17:13:01.735196,Malware,Europe,Router,1,794,23,1,451,1,-0.026034770312825528,51.67172867663241,Medium,Normal
EVT004858,2026-09-07 17:21:01.735196,DDoS,Oceania,Firewall,5,456,78,0,279,1,-0.19099862209470375,7.773686354806111,Low,Normal
EVT004859,2026-09-07 17:29:01.735196,Phishing,North America,Server,1,627,88,0,111,1,-0.16671133403385419,14.236704692831376,Low,Normal
EVT004860,2026-09-07 17:37:01.735196,Brute Force,North America,Router,6,469,85,1,86,1,-0.021892210569923964,52.77409298826983,Medium,Normal
EVT004861,2026-09-07 17:45:01.735196,Unauthorized Access,Africa,Laptop,5,593,98,0,127,1,-0.15848319111714443,16.42627144994949,Low,Normal
EVT004862,2026-09-07 17:53:01.735196,Phishing,Asia,Firewall,3,910,32,0,167,1,-0.19184508450871046,7.548436747255521,Low,Normal
EVT004863,2026-09-07 18:01:01.735196,DDoS,Europe,Firewall,2,701,61,0,58,1,-0.19065185902008847,7.865962450209339,Low,Normal
EVT004864,2026-09-07 18:09:01.735196,Brute Force,South America,Firewall,2,843,31,0,63,1,-0.1781725935615851,11.186782844043432,Low,Normal
EVT004865,2026-09-07 18:17:01.735196,DDoS,Europe,Firewall,2,761,92,0,357,1,-0.17091971491099628,13.116824913984928,Low,Normal
EVT004866,2026-09-07 18:25:01.735196,Malware,Africa,Laptop,4,402,49,0,168,1,-0.20451135330423725,4.177853448916559,Low,Normal
EVT004867,2026-09-07 18:33:01.735196,Ransomware,South America,Server,3,311,90,0,286,1,-0.18550494326663197,9.235592967026161,Low,Normal
EVT004868,2026-09-07 18:41:01.735196,Unauthorized Access,South America,Server,2,766,12,0,327,1,-0.18001522782100132,10.696444895276002,Low,Normal
EVT004869,2026-09-07 18:49:01.735196,Brute Force,Africa,Firewall,2,927,35,0,397,1,-0.1739431182560779,12.312275998784807,Low,Normal
EVT004870,2026-09-07 18:57:01.735196,DDoS,South America,Server,3,829,58,0,198,1,-0.20392068109692085,4.335035481677207,Low,Normal
EVT004871,2026-09-07 19:05:01.735196,Brute Force,North America,Router,2,927,90,0,368,1,-0.15357575230155546,17.732175467657225,Low,Normal
EVT004872,2026-09-07 19:13:01.735196,DDoS,Europe,Router,4,812,38,0,245,1,-0.19922749286970093,5.583925909473518,Low,Normal
EVT004873,2026-09-07 19:21:01.735196,Phishing,North America,Desktop,2,127,13,0,127,1,-0.15108591976847124,18.394737433390844,Low,Normal
EVT004874,2026-09-07 19:29:01.735196,DDoS,Africa,Laptop,3,850,12,1,79,1,-0.030521731938449537,50.47771659937749,Medium,Normal
EVT004875,2026-09-07 19:37:01.735196,Phishing,Europe,Laptop,3,859,89,0,300,1,-0.17498530680802932,12.034942287994765,Low,Normal
EVT004876,2026-09-07 19:45:01.735196,Ransomware,Oceania,Laptop,5,848,27,0,64,1,-0.15864723441109319,16.38261837454788,Low,Normal
EVT004877,2026-09-07 19:53:01.735196,DDoS,Oceania,Desktop,3,843,30,0,78,1,-0.18809129921295176,8.54734544149569,Low,Normal
EVT004878,2026-09-07 20:01:01.735196,Ransomware,Africa,Router,109,14193,401,1,709,-1,0.12612834790248928,92.16340567790093,High,Suspicious
EVT004879,2026-09-07 20:09:01.735196,Brute Force,Asia,Router,5,787,13,0,117,1,-0.16057820302462805,15.868774032266442,Low,Normal
EVT004880,2026-09-07 20:17:01.735196,Brute Force,North America,Firewall,5,928,81,0,301,1,-0.16138400814055232,15.654343617967198,Low,Normal
EVT004881,2026-09-07 20:25:01.735196,Phishing,North America,Firewall,2,733,26,0,176,1,-0.19762027439854513,6.011618059633223,Low,Normal
EVT004882,2026-09-07 20:33:01.735196,Unauthorized Access,South America,Router,4,799,85,0,359,1,-0.1815826661025448,10.279338533628806,Low,Normal
EVT004883,2026-09-07 20:41:01.735196,Malware,Africa,Firewall,0,631,62,0,403,1,-0.14396999304325148,20.288335631835842,Low,Normal
EVT004884,2026-09-07 20:49:01.735196,Brute Force,Asia,Laptop,2,949,24,0,145,1,-0.17224147103941861,12.765096302911171,Low,Normal
EVT004885,2026-09-07 20:57:01.735196,Unauthorized Access,Africa,Desktop,7,306,67,0,117,1,-0.12446652643117478,25.478345403742253,Low,Normal
EVT004886,2026-09-07 21:05:01.735196,Malware,Europe,Laptop,5,284,9,0,451,1,-0.13363593533166707,23.038301141729214,Low,Normal
EVT004887,2026-09-07 21:13:01.735196,Malware,Asia,Server,6,609,62,0,97,1,-0.16247844702965203,15.36310572461419,Low,Normal
EVT004888,2026-09-07 21:21:01.735196,Brute Force,Oceania,Laptop,1,306,48,0,327,1,-0.19043680302087368,7.923190365616989,Low,Normal
EVT004889,2026-09-07 21:29:01.735196,Unauthorized Access,South America,Firewall,3,489,93,0,436,1,-0.1699123623166811,13.384888531199199,Low,Normal
EVT004890,2026-09-07 21:37:01.735196,Ransomware,Africa,Desktop,0,533,50,0,293,1,-0.16115611003307628,15.71498890879294,Low,Normal
EVT004891,2026-09-07 21:45:01.735196,Ransomware,Africa,Desktop,1,698,34,0,245,1,-0.18903260317194043,8.296857831131064,Low,Normal
EVT004892,2026-09-07 21:53:01.735196,Unauthorized Access,Africa,Firewall,2,807,92,0,37,1,-0.14022873786107165,21.283909974639368,Low,Normal
EVT004893,2026-09-07 22:01:01.735196,Brute Force,North America,Desktop,4,156,31,0,499,1,-0.1350518080101043,22.661527454106196,Low,Normal
EVT004894,2026-09-07 22:09:01.735196,Brute Force,Africa,Firewall,2,164,49,0,365,1,-0.18542943946708224,9.255685059640946,Low,Normal
EVT004895,2026-09-07 22:17:01.735196,Malware,Oceania,Router,4,216,15,0,173,1,-0.1788244643893912,11.013315427525823,Low,Normal
EVT004896,2026-09-07 22:25:01.735196,Phishing,Europe,Firewall,2,596,34,0,362,1,-0.2012391245275515,5.0486165632234545,Low,Normal
EVT004897,2026-09-07 22:33:01.735196,DDoS,South America,Laptop,4,176,90,0,149,1,-0.16763469264159997,13.990992466769619,Low,Normal
EVT004898,2026-09-07 22:41:01.735196,Brute Force,Europe,Server,6,591,68,0,147,1,-0.1690082788538571,13.625471505498243,Low,Normal
EVT004899,2026-09-07 22:49:01.735196,DDoS,Asia,Router,5,490,69,0,313,1,-0.19511866362030034,6.677314299324142,Low,Normal
EVT004900,2026-09-07 22:57:01.735196,Unauthorized Access,North America,Router,0,596,89,0,197,1,-0.13158710808584168,23.58350849580019,Low,Normal
EVT004901,2026-09-07 23:05:01.735196,Unauthorized Access,South America,Router,2,758,5,0,486,1,-0.12091515485302817,26.423390382712224,Low,Normal
EVT004902,2026-09-07 23:13:01.735196,Unauthorized Access,Africa,Router,4,218,82,0,236,1,-0.18660722332630786,8.94226848298018,Low,Normal
EVT004903,2026-09-07 23:21:01.735196,Brute Force,Europe,Laptop,2,845,59,0,487,1,-0.15738874780381268,16.71751052062179,Low,Normal
EVT004904,2026-09-07 23:29:01.735196,Unauthorized Access,Europe,Router,5,585,40,0,308,1,-0.20087650189410888,5.145112998883575,Low,Normal
EVT004905,2026-09-07 23:37:01.735196,Malware,Oceania,Firewall,2,798,85,0,448,1,-0.1643913645938092,14.85406489365342,Low,Normal
EVT004906,2026-09-07 23:45:01.735196,Unauthorized Access,North America,Router,5,988,90,0,427,1,-0.11433684680409639,28.173924466505607,Low,Normal
EVT004907,2026-09-07 23:53:01.735196,Brute Force,Oceania,Laptop,0,609,26,0,185,1,-0.14717921176275794,19.434339937341708,Low,Normal
EVT004908,2026-09-08 00:01:01.735196,Brute Force,Asia,Server,2,677,20,0,434,1,-0.17427649918149168,12.22356098749582,Low,Normal
EVT004909,2026-09-08 00:09:01.735196,Ransomware,South America,Router,5,787,66,0,396,1,-0.17510158624450428,12.003999511329456,Low,Normal
EVT004910,2026-09-08 00:17:01.735196,Ransomware,Oceania,Router,1,344,49,0,392,1,-0.17729875455513933,11.419317555576114,Low,Normal
EVT004911,2026-09-08 00:25:01.735196,Malware,Oceania,Server,3,679,84,0,311,1,-0.1965014543048899,6.309343963164664,Low,Normal
EVT004912,2026-09-08 00:33:01.735196,Unauthorized Access,Europe,Desktop,2,505,10,0,265,1,-0.18999350311085045,8.041155592551629,Low,Normal
EVT004913,2026-09-08 00:41:01.735196,Ransomware,Asia,Laptop,9,440,90,0,296,1,-0.08343741831571916,36.39647992245209,Low,Normal
EVT004914,2026-09-08 00:49:01.735196,DDoS,South America,Firewall,3,652,54,0,336,1,-0.21212211234134082,2.1525768886083574,Low,Normal
EVT004915,2026-09-08 00:57:01.735196,Phishing,Asia,Firewall,4,357,66,1,497,1,-0.03142836582134945,50.23645494034101,Medium,Normal
EVT004916,2026-09-08 01:05:01.735196,Brute Force,Europe,Laptop,6,747,80,0,297,1,-0.15928741049396272,16.21226301199011,Low,Normal
EVT004917,2026-09-08 01:13:01.735196,Brute Force,Africa,Desktop,1,806,31,0,322,1,-0.1821023878931688,10.14103690624832,Low,Normal
EVT004918,2026-09-08 01:21:01.735196,Phishing,Europe,Firewall,5,999,75,0,136,1,-0.13775744047155009,21.94153960818163,Low,Normal
EVT004919,2026-09-08 01:29:01.735196,Unauthorized Access,North America,Desktop,5,102,74,0,64,1,-0.1319898080482595,23.4763472007512,Low,Normal
EVT004920,2026-09-08 01:37:01.735196,Ransomware,North America,Desktop,3,235,69,1,255,1,-0.04629621961579122,46.28001437440348,Medium,Normal
EVT004921,2026-09-08 01:45:01.735196,Ransomware,Oceania,Router,4,706,27,0,437,1,-0.17911505513494363,10.935987184345258,Low,Normal
EVT004922,2026-09-08 01:53:01.735196,Ransomware,South America,Laptop,3,758,26,0,14,1,-0.153383965742815,17.783211221135375,Low,Normal
EVT004923,2026-09-08 02:01:01.735196,Phishing,South America,Firewall,2,146,89,0,96,1,-0.15619919334891513,17.03405933565707,Low,Normal
EVT004924,2026-09-08 02:09:01.735196,Brute Force,Europe,Desktop,5,365,71,0,73,1,-0.17962396509671702,10.800562660738315,Low,Normal
EVT004925,2026-09-08 02:17:01.735196,Brute Force,Asia,Server,3,320,69,0,329,1,-0.20126315312752702,5.042222383606125,Low,Normal
EVT004926,2026-09-08 02:25:01.735196,Unauthorized Access,North America,Firewall,1,375,65,0,399,1,-0.17513860894830846,11.99414750920348,Low,Normal
EVT004927,2026-09-08 02:33:01.735196,Ransomware,Asia,Server,0,108,41,0,41,1,-0.08246041838151352,36.65646648312533,Low,Normal
EVT004928,2026-09-08 02:41:01.735196,DDoS,Africa,Desktop,3,400,20,0,275,1,-0.19162505257914114,7.606988792761579,Low,Normal
EVT004929,2026-09-08 02:49:01.735196,Unauthorized Access,Asia,Server,3,816,29,0,109,1,-0.197553277636968,6.029446369553063,Low,Normal
EVT004930,2026-09-08 02:57:01.735196,DDoS,Oceania,Desktop,6,716,76,1,122,1,-0.029712037456892326,50.6931820012532,Medium,Normal
EVT004931,2026-09-08 03:05:01.735196,Phishing,North America,Laptop,2,145,62,0,149,1,-0.1828846009763856,9.932884497942894,Low,Normal
EVT004932,2026-09-08 03:13:01.735196,Unauthorized Access,North America,Firewall,7,593,56,0,33,1,-0.10759837308122822,29.967079763716463,Low,Normal
EVT004933,2026-09-08 03:21:01.735196,Malware,North America,Router,2,227,35,0,67,1,-0.1813979367787572,10.328496307202334,Low,Normal
EVT004934,2026-09-08 03:29:01.735196,Phishing,North America,Laptop,2,536,71,0,62,1,-0.18990984556855156,8.063417453515157,Low,Normal
EVT004935,2026-09-08 03:37:01.735196,Brute Force,Asia,Firewall,3,465,21,0,449,1,-0.17338466151850457,12.460885268246566,Low,Normal
EVT004936,2026-09-08 03:45:01.735196,Malware,North America,Desktop,1,497,7,0,286,1,-0.15884618958889196,16.329675001070488,Low,Normal
EVT004937,2026-09-08 03:53:01.735196,Ransomware,North America,Desktop,1,296,48,1,412,1,-0.04545274101193453,46.50446996906681,Medium,Normal
EVT004938,2026-09-08 04:01:01.735196,Malware,Asia,Desktop,5,408,13,0,170,1,-0.16778633697327683,13.950638842518545,Low,Normal
EVT004939,2026-09-08 04:09:01.735196,Phishing,Oceania,Laptop,2,504,72,0,77,1,-0.1981923578216055,5.85938263323008,Low,Normal
EVT004940,2026-09-08 04:17:01.735196,Phishing,South America,Router,1,912,40,0,400,1,-0.1540857619126077,17.596458319635534,Low,Normal
EVT004941,2026-09-08 04:25:01.735196,Unauthorized Access,North America,Laptop,3,146,89,0,345,1,-0.16377123810832367,15.019084917196057,Low,Normal
EVT004942,2026-09-08 04:33:01.735196,DDoS,Asia,Server,7,828,34,0,36,1,-0.09016807995880072,34.605403474670304,Low,Normal
EVT004943,2026-09-08 04:41:01.735196,Unauthorized Access,Asia,Laptop,87,7194,409,1,1093,-1,0.08028023901151549,79.96290112655919,High,Suspicious
EVT004944,2026-09-08 04:49:01.735196,Brute Force,North America,Desktop,0,672,63,0,251,1,-0.15261972481414665,17.98658111258962,Low,Normal
EVT004945,2026-09-08 04:57:01.735196,Malware,North America,Desktop,4,974,67,0,236,1,-0.1709075794711739,13.120054239956419,Low,Normal
EVT004946,2026-09-08 05:05:01.735196,DDoS,Africa,Firewall,2,248,24,1,128,1,-0.041292951852223814,47.61141914981403,Medium,Normal
EVT004947,2026-09-08 05:13:01.735196,Malware,Oceania,Firewall,4,417,65,0,315,1,-0.20345610705308376,4.458661905391831,Low,Normal
EVT004948,2026-09-08 05:21:01.735196,Unauthorized Access,North America,Firewall,3,868,77,0,475,1,-0.1571775463242427,16.773712721215738,Low,Normal
EVT004949,2026-09-08 05:29:01.735196,Phishing,South America,Server,1,541,69,0,323,1,-0.19041040072126086,7.930216203418892,Low,Normal
EVT004950,2026-09-08 05:37:01.735196,Phishing,Europe,Firewall,2,581,63,0,263,1,-0.21531019410897945,1.3042058858125969,Low,Normal
EVT004951,2026-09-08 05:45:01.735196,Ransomware,South America,Laptop,3,347,92,0,262,1,-0.18045244624061263,10.5800979957543,Low,Normal
EVT004952,2026-09-08 05:53:01.735196,Ransomware,Africa,Router,1,606,13,0,349,1,-0.16479770130629073,14.745935833809382,Low,Normal
EVT004953,2026-09-08 06:01:01.735196,Ransomware,Africa,Firewall,2,719,48,0,44,1,-0.18362171005455313,9.736734582917961,Low,Normal
EVT004954,2026-09-08 06:09:01.735196,DDoS,Africa,Router,0,821,35,0,399,1,-0.13554789742416073,22.529514568504723,Low,Normal
EVT004955,2026-09-08 06:17:01.735196,Phishing,Europe,Router,2,129,30,0,315,1,-0.17234544767691706,12.737427387666497,Low,Normal
EVT004956,2026-09-08 06:25:01.735196,Unauthorized Access,Asia,Desktop,2,237,26,0,188,1,-0.19091999462735526,7.79460967741309,Low,Normal
EVT004957,2026-09-08 06:33:01.735196,Ransomware,Oceania,Firewall,3,162,55,0,257,1,-0.1890962498858091,8.27992099249113,Low,Normal
EVT004958,2026-09-08 06:41:01.735196,Ransomware,Asia,Firewall,4,605,63,0,174,1,-0.20874276378675327,3.051845329949293,Low,Normal
EVT004959,2026-09-08 06:49:01.735196,Unauthorized Access,Europe,Desktop,6,935,47,0,360,1,-0.14238674327248307,20.709649542080317,Low,Normal
EVT004960,2026-09-08 06:57:01.735196,Malware,North America,Router,2,970,63,0,305,1,-0.17072381167321393,13.168956144737972,Low,Normal
EVT004961,2026-09-08 07:05:01.735196,Malware,Europe,Server,4,871,18,0,401,1,-0.1656955010011822,14.507025014395566,Low,Normal
EVT004962,2026-09-08 07:13:01.735196,Malware,Europe,Desktop,1,294,66,0,260,1,-0.18547882349299738,9.242543622676248,Low,Normal
EVT004963,2026-09-08 07:21:01.735196,Phishing,Africa,Laptop,1,799,78,0,84,1,-0.16360167097096429,15.064207926217666,Low,Normal
EVT004964,2026-09-08 07:29:01.735196,Phishing,Europe,Server,5,615,61,0,405,1,-0.17950768002645123,10.831506936595027,Low,Normal
EVT004965,2026-09-08 07:37:01.735196,Ransomware,North America,Laptop,3,360,52,0,339,1,-0.2076057451048467,3.3544140059343737,Low,Normal
EVT004966,2026-09-08 07:45:01.735196,Ransomware,South America,Server,99,10409,453,1,858,-1,0.09324096488736078,83.41184152697937,High,Suspicious
EVT004967,2026-09-08 07:53:01.735196,Brute Force,Oceania,Router,3,854,99,0,278,1,-0.16093712703879715,15.773261825233668,Low,Normal
EVT004968,2026-09-08 08:01:01.735196,Phishing,Oceania,Server,1,586,63,0,333,1,-0.19292531492540038,7.2609798284398845,Low,Normal
EVT004969,2026-09-08 08:09:01.735196,Ransomware,Africa,Firewall,3,366,98,0,293,1,-0.17114264685039304,13.057501155447419,Low,Normal
EVT004970,2026-09-08 08:17:01.735196,DDoS,Africa,Firewall,1,893,20,0,44,1,-0.13490286215465908,22.70116299483448,Low,Normal
EVT004971,2026-09-08 08:25:01.735196,DDoS,Europe,Router,4,708,90,0,80,1,-0.1681903358809111,13.843131889002752,Low,Normal
EVT004972,2026-09-08 08:33:01.735196,Brute Force,Europe,Router,4,193,34,0,298,1,-0.19021107525587488,7.983258113030104,Low,Normal
EVT004973,2026-09-08 08:41:01.735196,Brute Force,South America,Desktop,4,567,14,0,288,1,-0.1907375524234729,7.843158832278271,Low,Normal
EVT004974,2026-09-08 08:49:01.735196,Phishing,Oceania,Server,5,327,52,0,154,1,-0.1893183669965599,8.220814065592782,Low,Normal
EVT004975,2026-09-08 08:57:01.735196,Unauthorized Access,Oceania,Laptop,2,843,65,0,87,1,-0.18623666007833134,9.040877972070527,Low,Normal
EVT004976,2026-09-08 09:05:01.735196,Ransomware,Europe,Server,1,280,74,0,179,1,-0.1819156414639062,10.190731445789373,Low,Normal
EVT004977,2026-09-08 09:13:01.735196,Phishing,Oceania,Firewall,3,557,15,0,349,1,-0.19068178811727943,7.857998106742868,Low,Normal
EVT004978,2026-09-08 09:21:01.735196,Malware,Oceania,Laptop,1,344,53,0,114,1,-0.18648263072973953,8.975423450071847,Low,Normal
EVT004979,2026-09-08 09:29:01.735196,Malware,Europe,Laptop,7,715,92,0,295,1,-0.11401010927356603,28.26087162364593,Low,Normal
EVT004980,2026-09-08 09:37:01.735196,Brute Force,North America,Desktop,2,788,48,0,208,1,-0.20490892960712281,4.072055595740201,Low,Normal
EVT004981,2026-09-08 09:45:01.735196,Malware,South America,Server,2,789,86,0,30,1,-0.14595077752768743,19.761234935598715,Low,Normal
EVT004982,2026-09-08 09:53:01.735196,Unauthorized Access,Europe,Router,4,332,16,0,200,1,-0.18898181539772463,8.310372815401099,Low,Normal
EVT004983,2026-09-08 10:01:01.735196,Phishing,Europe,Firewall,1,767,54,0,425,1,-0.16759064496141712,14.002713864566523,Low,Normal
EVT004984,2026-09-08 10:09:01.735196,Malware,Africa,Laptop,4,989,11,0,194,1,-0.1496427351184132,18.77877902894128,Low,Normal
EVT004985,2026-09-08 10:17:01.735196,DDoS,Africa,Server,3,565,81,0,131,1,-0.2006170093841691,5.2141657826328025,Low,Normal
EVT004986,2026-09-08 10:25:01.735196,Phishing,Europe,Desktop,1,630,34,0,56,1,-0.17191232372403048,12.852684720767277,Low,Normal
EVT004987,2026-09-08 10:33:01.735196,Ransomware,Asia,Desktop,2,764,34,0,155,1,-0.20023123892324152,5.316822018149788,Low,Normal
EVT004988,2026-09-08 10:41:01.735196,Ransomware,South America,Laptop,3,653,78,0,116,1,-0.19965327043995756,5.470623500509863,Low,Normal
EVT004989,2026-09-08 10:49:01.735196,Unauthorized Access,North America,Desktop,4,767,91,0,424,1,-0.16066124835654977,15.8466750847943,Low,Normal
EVT004990,2026-09-08 10:57:01.735196,Malware,Africa,Router,4,855,12,0,396,1,-0.16728192555785587,14.084866271270874,Low,Normal
EVT004991,2026-09-08 11:05:01.735196,Brute Force,Africa,Laptop,4,306,26,0,133,1,-0.19216667606480903,7.462858970139701,Low,Normal
EVT004992,2026-09-08 11:13:01.735196,DDoS,North America,Firewall,3,852,23,0,229,1,-0.19487060506463133,6.743324427345689,Low,Normal
EVT004993,2026-09-08 11:21:01.735196,Brute Force,South America,Server,5,947,8,0,54,1,-0.11606366760955783,27.714405293174305,Low,Normal
EVT004994,2026-09-08 11:29:01.735196,Phishing,North America,Router,3,855,39,0,27,1,-0.16333014810806207,15.136462071585132,Low,Normal
EVT004995,2026-09-08 11:37:01.735196,Phishing,South America,Laptop,3,415,97,0,152,1,-0.17004485145348514,13.34963223915835,Low,Normal
EVT004996,2026-09-08 11:45:01.735196,Brute Force,Africa,Laptop,2,349,88,0,395,1,-0.1719993643657553,12.829522593229134,Low,Normal
EVT004997,2026-09-08 11:53:01.735196,Malware,Asia,Laptop,2,117,28,0,370,1,-0.16290186565573755,15.25043104730168,Low,Normal
EVT004998,2026-09-08 12:01:01.735196,Unauthorized Access,Africa,Firewall,0,407,27,0,467,1,-0.10994816936954271,29.341782428585788,Low,Normal
EVT004999,2026-09-08 12:09:01.735196,DDoS,Europe,Server,3,503,51,0,131,1,-0.21231826836894513,2.100378388704021,Low,Normal
EVT005000,2026-09-08 12:17:01.735196,Ransomware,Oceania,Firewall,5,344,91,0,297,1,-0.16542651897689947,14.578603024718614,Low,Normal
