event_id,timestamp,threat_type,region,device_type,failed_logins,network_packets,connections,port_scans,data_transfer
EVT000001,2026-08-11 17:45:01.735196,Malware,Oceania,Desktop,4,566,91,0,97
EVT000002,2026-08-11 17:53:01.735196,Phishing,Oceania,Server,1,230,26,0,353
EVT000003,2026-08-11 18:01:01.735196,Unauthorized Access,North America,Firewall,2,376,37,0,31
EVT000004,2026-08-11 18:09:01.735196,Malware,North America,Laptop,0,956,53,0,179
EVT000005,2026-08-11 18:17:01.735196,Unauthorized Access,North America,Firewall,0,799,84,0,455
EVT000006,2026-08-11 18:25:01.735196,Brute Force,Oceania,Firewall,3,230,55,0,338
EVT000007,2026-08-11 18:33:01.735196,DDoS,Africa,Desktop,3,876,94,0,349
EVT000008,2026-08-11 18:41:01.735196,Malware,Europe,Router,4,180,40,0,397
EVT000009,2026-08-11 18:49:01.735196,Phishing,Europe,Desktop,3,802,22,0,171
EVT000010,2026-08-11 18:57:01.735196,DDoS,North America,Desktop,4,351,66,0,217
EVT000011,2026-08-11 19:05:01.735196,Unauthorized Access,Asia,Server,5,256,19,0,354
EVT000012,2026-08-11 19:13:01.735196,Unauthorized Access,North America,Router,3,238,85,0,428
EVT000013,2026-08-11 19:21:01.735196,Ransomware,Oceania,Firewall,2,140,32,0,337
EVT000014,2026-08-11 19:29:01.735196,Ransomware,Africa,Laptop,1,602,27,0,302
EVT000015,2026-08-11 19:37:01.735196,Malware,Oceania,Laptop,4,561,7,0,227
EVT000016,2026-08-11 19:45:01.735196,Malware,Europe,Server,2,306,19,0,389
EVT000017,2026-08-11 19:53:01.735196,DDoS,Oceania,Desktop,1,842,56,0,397
EVT000018,2026-08-11 20:01:01.735196,Ransomware,Europe,Desktop,4,259,75,0,95
EVT000019,2026-08-11 20:09:01.735196,Brute Force,Oceania,Server,3,895,32,0,349
EVT000020,2026-08-11 20:17:01.735196,Phishing,Africa,Laptop,5,476,31,0,125
EVT000021,2026-08-11 20:25:01.735196,DDoS,Asia,Firewall,2,510,13,0,234
EVT000022,2026-08-11 20:33:01.735196,Ransomware,North America,Laptop,1,926,36,0,242
EVT000023,2026-08-11 20:41:01.735196,Ransomware,South America,Desktop,1,541,56,0,304
EVT000024,2026-08-11 20:49:01.735196,Unauthorized Access,Oceania,Desktop,2,180,63,0,139
EVT000025,2026-08-11 20:57:01.735196,DDoS,South America,Router,1,835,5,0,139
EVT000026,2026-08-11 21:05:01.735196,Phishing,Europe,Firewall,4,283,21,0,289
EVT000027,2026-08-11 21:13:01.735196,Brute Force,Africa,Router,5,286,74,0,268
EVT000028,2026-08-11 21:21:01.735196,DDoS,Asia,Laptop,2,610,23,0,208
EVT000029,2026-08-11 21:29:01.735196,Phishing,Africa,Router,2,437,5,0,450
EVT000030,2026-08-11 21:37:01.735196,Malware,North America,Laptop,3,863,20,0,69
EVT000031,2026-08-11 21:45:01.735196,Brute Force,South America,Firewall,5,332,23,0,140
EVT000032,2026-08-11 21:53:01.735196,DDoS,Africa,Router,8,572,29,0,393
EVT000033,2026-08-11 22:01:01.735196,Unauthorized Access,North America,Server,4,679,37,0,313
EVT000034,2026-08-11 22:09:01.735196,Unauthorized Access,Asia,Desktop,5,982,90,0,247
EVT000035,2026-08-11 22:17:01.735196,DDoS,Europe,Router,5,708,32,0,490
EVT000036,2026-08-11 22:25:01.735196,Brute Force,Oceania,Desktop,73,14435,457,1,1176
EVT000037,2026-08-11 22:33:01.735196,Phishing,Africa,Server,5,706,64,0,200
EVT000038,2026-08-11 22:41:01.735196,Ransomware,Oceania,Firewall,2,422,22,0,232
EVT000039,2026-08-11 22:49:01.735196,Phishing,Asia,Laptop,3,953,27,0,164
EVT000040,2026-08-11 22:57:01.735196,Unauthorized Access,North America,Firewall,3,345,52,0,179
EVT000041,2026-08-11 23:05:01.735196,Malware,North America,Desktop,8,499,18,0,480
EVT000042,2026-08-11 23:13:01.735196,Ransomware,Europe,Server,0,453,70,0,456
EVT000043,2026-08-11 23:21:01.735196,Unauthorized Access,North America,Server,0,764,62,0,134
EVT000044,2026-08-11 23:29:01.735196,Malware,Africa,Laptop,3,882,58,0,110
EVT000045,2026-08-11 23:37:01.735196,DDoS,Africa,Laptop,4,976,98,0,320
EVT000046,2026-08-11 23:45:01.735196,Unauthorized Access,South America,Laptop,1,469,34,0,129
EVT000047,2026-08-11 23:53:01.735196,Brute Force,Oceania,Laptop,2,840,94,1,288
EVT000048,2026-08-12 00:01:01.735196,DDoS,Oceania,Desktop,2,733,5,0,105
EVT000049,2026-08-12 00:09:01.735196,Unauthorized Access,South America,Server,6,889,97,0,85
EVT000050,2026-08-12 00:17:01.735196,Malware,Asia,Server,2,384,82,0,56
EVT000051,2026-08-12 00:25:01.735196,Phishing,Africa,Laptop,0,849,66,0,213
EVT000052,2026-08-12 00:33:01.735196,Brute Force,Oceania,Server,62,12421,656,1,722
EVT000053,2026-08-12 00:41:01.735196,Malware,Asia,Server,0,857,73,0,189
EVT000054,2026-08-12 00:49:01.735196,Ransomware,Oceania,Router,5,891,84,0,485
EVT000055,2026-08-12 00:57:01.735196,Phishing,Oceania,Firewall,5,790,47,0,332
EVT000056,2026-08-12 01:05:01.735196,Phishing,South America,Router,3,111,99,0,262
EVT000057,2026-08-12 01:13:01.735196,Malware,Oceania,Router,2,875,97,0,99
EVT000058,2026-08-12 01:21:01.735196,DDoS,South America,Server,2,925,79,0,429
EVT000059,2026-08-12 01:29:01.735196,Brute Force,North America,Server,5,198,40,0,496
EVT000060,2026-08-12 01:37:01.735196,Ransomware,North America,Laptop,4,378,93,0,295
EVT000061,2026-08-12 01:45:01.735196,Unauthorized Access,South America,Laptop,5,495,65,0,85
EVT000062,2026-08-12 01:53:01.735196,Ransomware,South America,Laptop,5,168,16,0,388
EVT000063,2026-08-12 02:01:01.735196,Malware,South America,Firewall,3,792,46,1,407
EVT000064,2026-08-12 02:09:01.735196,Brute Force,Africa,Server,4,687,13,0,410
EVT000065,2026-08-12 02:17:01.735196,Phishing,Europe,Router,1,752,44,0,443
EVT000066,2026-08-12 02:25:01.735196,Phishing,South America,Server,3,747,69,0,154
EVT000067,2026-08-12 02:33:01.735196,Malware,South America,Desktop,4,544,58,0,211
EVT000068,2026-08-12 02:41:01.735196,DDoS,Asia,Router,2,752,96,0,157
EVT000069,2026-08-12 02:49:01.735196,Brute Force,Africa,Router,1,460,43,0,470
EVT000070,2026-08-12 02:57:01.735196,Ransomware,Europe,Server,2,508,60,0,126
EVT000071,2026-08-12 03:05:01.735196,Unauthorized Access,North America,Desktop,1,771,49,0,158
EVT000072,2026-08-12 03:13:01.735196,Unauthorized Access,South America,Firewall,0,312,79,0,173
EVT000073,2026-08-12 03:21:01.735196,Unauthorized Access,Europe,Server,6,985,7,0,450
EVT000074,2026-08-12 03:29:01.735196,Malware,Europe,Server,3,507,32,0,131
EVT000075,2026-08-12 03:37:01.735196,Brute Force,Europe,Router,2,277,32,0,50
EVT000076,2026-08-12 03:45:01.735196,Unauthorized Access,Europe,Firewall,2,300,37,0,470
EVT000077,2026-08-12 03:53:01.735196,Unauthorized Access,North America,Router,6,549,14,0,251
EVT000078,2026-08-12 04:01:01.735196,Unauthorized Access,Africa,Desktop,2,473,69,0,248
EVT000079,2026-08-12 04:09:01.735196,Phishing,Oceania,Desktop,2,953,63,0,470
EVT000080,2026-08-12 04:17:01.735196,DDoS,Europe,Desktop,1,610,5,0,320
EVT000081,2026-08-12 04:25:01.735196,Malware,North America,Router,9,977,5,1,214
EVT000082,2026-08-12 04:33:01.735196,Unauthorized Access,North America,Server,3,194,76,0,259
EVT000083,2026-08-12 04:41:01.735196,Unauthorized Access,Asia,Laptop,6,924,21,0,312
EVT000084,2026-08-12 04:49:01.735196,Malware,Europe,Desktop,8,434,95,0,491
EVT000085,2026-08-12 04:57:01.735196,DDoS,Africa,Desktop,4,662,85,0,397
EVT000086,2026-08-12 05:05:01.735196,Brute Force,Africa,Server,3,168,38,0,459
EVT000087,2026-08-12 05:13:01.735196,Unauthorized Access,Asia,Server,3,860,27,0,104
EVT000088,2026-08-12 05:21:01.735196,Phishing,Asia,Server,3,380,71,0,164
EVT000089,2026-08-12 05:29:01.735196,Brute Force,Africa,Laptop,2,502,25,0,101
EVT000090,2026-08-12 05:37:01.735196,Unauthorized Access,Europe,Desktop,1,937,5,0,21
EVT000091,2026-08-12 05:45:01.735196,Brute Force,Asia,Firewall,2,912,31,0,258
EVT000092,2026-08-12 05:53:01.735196,Malware,North America,Router,3,147,65,0,301
EVT000093,2026-08-12 06:01:01.735196,Malware,North America,Desktop,3,738,60,0,483
EVT000094,2026-08-12 06:09:01.735196,Brute Force,Asia,Laptop,3,798,60,0,12
EVT000095,2026-08-12 06:17:01.735196,Unauthorized Access,Oceania,Router,3,605,42,0,24
EVT000096,2026-08-12 06:25:01.735196,Malware,North America,Laptop,2,138,61,0,95
EVT000097,2026-08-12 06:33:01.735196,Ransomware,Africa,Firewall,1,244,17,0,77
EVT000098,2026-08-12 06:41:01.735196,Phishing,North America,Desktop,4,722,12,0,245
EVT000099,2026-08-12 06:49:01.735196,Malware,Asia,Laptop,1,617,56,0,235
EVT000100,2026-08-12 06:57:01.735196,Brute Force,North America,Desktop,2,476,37,0,286
EVT000101,2026-08-12 07:05:01.735196,DDoS,Africa,Laptop,1,615,98,0,327
EVT000102,2026-08-12 07:13:01.735196,Phishing,Europe,Laptop,1,236,7,0,49
EVT000103,2026-08-12 07:21:01.735196,Malware,Europe,Desktop,5,217,98,0,444
EVT000104,2026-08-12 07:29:01.735196,DDoS,Oceania,Laptop,5,509,72,0,234
EVT000105,2026-08-12 07:37:01.735196,Brute Force,North America,Router,4,993,15,0,342
EVT000106,2026-08-12 07:45:01.735196,DDoS,Europe,Laptop,1,789,14,0,147
EVT000107,2026-08-12 07:53:01.735196,DDoS,Asia,Desktop,4,884,13,0,417
EVT000108,2026-08-12 08:01:01.735196,Phishing,Europe,Server,3,335,54,0,385
EVT000109,2026-08-12 08:09:01.735196,DDoS,Asia,Desktop,5,448,76,0,238
EVT000110,2026-08-12 08:17:01.735196,Ransomware,Asia,Firewall,1,824,41,0,388
EVT000111,2026-08-12 08:25:01.735196,Unauthorized Access,Asia,Server,5,715,18,0,134
EVT000112,2026-08-12 08:33:01.735196,Ransomware,Europe,Firewall,3,324,70,0,113
EVT000113,2026-08-12 08:41:01.735196,Ransomware,North America,Server,3,278,76,0,24
EVT000114,2026-08-12 08:49:01.735196,Ransomware,Oceania,Desktop,8,295,90,0,14
EVT000115,2026-08-12 08:57:01.735196,Unauthorized Access,North America,Router,3,327,92,0,24
EVT000116,2026-08-12 09:05:01.735196,Phishing,Asia,Server,2,943,49,0,104
EVT000117,2026-08-12 09:13:01.735196,Malware,Africa,Firewall,6,233,76,0,355
EVT000118,2026-08-12 09:21:01.735196,Brute Force,Oceania,Laptop,3,722,64,0,365
EVT000119,2026-08-12 09:29:01.735196,Malware,Oceania,Desktop,2,226,96,0,402
EVT000120,2026-08-12 09:37:01.735196,Brute Force,North America,Desktop,5,504,94,0,191
EVT000121,2026-08-12 09:45:01.735196,Brute Force,South America,Desktop,3,760,51,0,146
EVT000122,2026-08-12 09:53:01.735196,Ransomware,Africa,Laptop,3,343,29,0,303
EVT000123,2026-08-12 10:01:01.735196,Brute Force,South America,Laptop,3,975,55,0,34
EVT000124,2026-08-12 10:09:01.735196,Ransomware,South America,Firewall,4,761,30,0,478
EVT000125,2026-08-12 10:17:01.735196,Ransomware,Asia,Laptop,6,426,5,0,487
EVT000126,2026-08-12 10:25:01.735196,Unauthorized Access,Africa,Desktop,3,384,53,0,295
EVT000127,2026-08-12 10:33:01.735196,DDoS,Oceania,Laptop,5,212,98,0,328
EVT000128,2026-08-12 10:41:01.735196,Brute Force,Europe,Server,1,154,7,0,467
EVT000129,2026-08-12 10:49:01.735196,Brute Force,Oceania,Firewall,8,542,76,0,248
EVT000130,2026-08-12 10:57:01.735196,Phishing,Oceania,Desktop,10,834,59,0,16
EVT000131,2026-08-12 11:05:01.735196,Phishing,Europe,Server,3,647,33,0,11
EVT000132,2026-08-12 11:13:01.735196,DDoS,Africa,Server,123,12083,799,1,1553
EVT000133,2026-08-12 11:21:01.735196,Brute Force,Africa,Laptop,3,826,85,0,218
EVT000134,2026-08-12 11:29:01.735196,DDoS,South America,Router,3,857,26,0,13
EVT000135,2026-08-12 11:37:01.735196,Brute Force,Oceania,Server,4,227,89,0,50
EVT000136,2026-08-12 11:45:01.735196,Malware,South America,Laptop,4,973,90,0,322
EVT000137,2026-08-12 11:53:01.735196,Brute Force,Africa,Router,2,848,57,0,182
EVT000138,2026-08-12 12:01:01.735196,Phishing,North America,Router,4,921,69,0,301
EVT000139,2026-08-12 12:09:01.735196,DDoS,Oceania,Firewall,2,110,40,0,304
EVT000140,2026-08-12 12:17:01.735196,Unauthorized Access,Asia,Router,4,411,37,0,248
EVT000141,2026-08-12 12:25:01.735196,Brute Force,Africa,Router,2,606,77,0,82
EVT000142,2026-08-12 12:33:01.735196,Unauthorized Access,South America,Laptop,2,715,46,0,300
EVT000143,2026-08-12 12:41:01.735196,DDoS,South America,Desktop,5,143,63,0,454
EVT000144,2026-08-12 12:49:01.735196,Brute Force,Asia,Firewall,3,691,92,0,488
EVT000145,2026-08-12 12:57:01.735196,Phishing,Asia,Router,5,754,63,1,374
EVT000146,2026-08-12 13:05:01.735196,Ransomware,Europe,Desktop,1,115,75,1,291
EVT000147,2026-08-12 13:13:01.735196,Unauthorized Access,North America,Laptop,2,728,11,0,185
EVT000148,2026-08-12 13:21:01.735196,DDoS,Oceania,Laptop,1,576,86,0,381
EVT000149,2026-08-12 13:29:01.735196,Malware,South America,Router,3,258,28,0,197
EVT000150,2026-08-12 13:37:01.735196,DDoS,South America,Server,4,138,19,0,13
EVT000151,2026-08-12 13:45:01.735196,DDoS,South America,Firewall,5,410,46,1,260
EVT000152,2026-08-12 13:53:01.735196,Malware,Africa,Router,7,344,61,0,245
EVT000153,2026-08-12 14:01:01.735196,Ransomware,Asia,Router,5,102,49,0,167
EVT000154,2026-08-12 14:09:01.735196,DDoS,Africa,Firewall,5,498,53,0,461
EVT000155,2026-08-12 14:17:01.735196,Phishing,South America,Laptop,3,809,43,0,311
EVT000156,2026-08-12 14:25:01.735196,DDoS,North America,Router,4,683,24,0,319
EVT000157,2026-08-12 14:33:01.735196,Brute Force,South America,Laptop,3,317,45,0,268
EVT000158,2026-08-12 14:41:01.735196,Phishing,Africa,Firewall,4,119,65,0,428
EVT000159,2026-08-12 14:49:01.735196,DDoS,Africa,Firewall,130,6290,916,1,1651
EVT000160,2026-08-12 14:57:01.735196,Malware,Oceania,Router,1,748,71,1,341
EVT000161,2026-08-12 15:05:01.735196,DDoS,Europe,Server,0,562,44,0,404
EVT000162,2026-08-12 15:13:01.735196,Ransomware,Europe,Router,1,137,76,0,185
EVT000163,2026-08-12 15:21:01.735196,DDoS,Asia,Router,1,415,52,0,462
EVT000164,2026-08-12 15:29:01.735196,Malware,South America,Server,3,214,62,0,49
EVT000165,2026-08-12 15:37:01.735196,Malware,Asia,Laptop,5,452,63,0,178
EVT000166,2026-08-12 15:45:01.735196,Brute Force,North America,Server,3,766,42,0,142
EVT000167,2026-08-12 15:53:01.735196,Phishing,North America,Firewall,2,634,46,0,372
EVT000168,2026-08-12 16:01:01.735196,Phishing,South America,Server,2,357,82,0,21
EVT000169,2026-08-12 16:09:01.735196,Phishing,South America,Desktop,0,323,17,0,122
EVT000170,2026-08-12 16:17:01.735196,Phishing,Africa,Firewall,2,547,92,0,335
EVT000171,2026-08-12 16:25:01.735196,Brute Force,North America,Laptop,1,332,67,0,344
EVT000172,2026-08-12 16:33:01.735196,Malware,Africa,Server,4,830,68,0,415
EVT000173,2026-08-12 16:41:01.735196,Unauthorized Access,Oceania,Router,2,219,86,0,201
EVT000174,2026-08-12 16:49:01.735196,Brute Force,Europe,Server,4,128,15,0,376
EVT000175,2026-08-12 16:57:01.735196,Brute Force,Europe,Server,4,384,8,0,406
EVT000176,2026-08-12 17:05:01.735196,Ransomware,Oceania,Firewall,6,558,31,0,391
EVT000177,2026-08-12 17:13:01.735196,Unauthorized Access,North America,Desktop,3,183,10,0,462
EVT000178,2026-08-12 17:21:01.735196,Brute Force,Asia,Server,4,931,29,0,283
EVT000179,2026-08-12 17:29:01.735196,Ransomware,North America,Router,5,690,31,0,208
EVT000180,2026-08-12 17:37:01.735196,Malware,South America,Desktop,2,927,7,0,24
EVT000181,2026-08-12 17:45:01.735196,DDoS,Oceania,Laptop,2,335,88,0,175
EVT000182,2026-08-12 17:53:01.735196,Brute Force,Africa,Desktop,1,825,6,0,404
EVT000183,2026-08-12 18:01:01.735196,Unauthorized Access,South America,Router,3,437,99,0,20
EVT000184,2026-08-12 18:09:01.735196,Brute Force,Africa,Desktop,3,313,55,0,410
EVT000185,2026-08-12 18:17:01.735196,Phishing,North America,Desktop,2,409,90,0,170
EVT000186,2026-08-12 18:25:01.735196,Phishing,South America,Firewall,1,964,6,0,242
EVT000187,2026-08-12 18:33:01.735196,DDoS,Asia,Server,1,215,30,0,203
EVT000188,2026-08-12 18:41:01.735196,Ransomware,Europe,Router,4,527,53,1,326
EVT000189,2026-08-12 18:49:01.735196,Ransomware,Asia,Desktop,1,873,77,0,425
EVT000190,2026-08-12 18:57:01.735196,Brute Force,Asia,Firewall,6,558,88,0,399
EVT000191,2026-08-12 19:05:01.735196,Phishing,North America,Laptop,74,6266,421,1,1870
EVT000192,2026-08-12 19:13:01.735196,DDoS,Africa,Laptop,3,794,36,0,91
EVT000193,2026-08-12 19:21:01.735196,Brute Force,Oceania,Router,0,822,26,0,321
EVT000194,2026-08-12 19:29:01.735196,Malware,North America,Desktop,4,306,11,0,359
EVT000195,2026-08-12 19:37:01.735196,Brute Force,Europe,Desktop,7,707,40,0,363
EVT000196,2026-08-12 19:45:01.735196,Ransomware,South America,Firewall,4,470,62,0,277
EVT000197,2026-08-12 19:53:01.735196,DDoS,Oceania,Firewall,3,893,12,0,487
EVT000198,2026-08-12 20:01:01.735196,Brute Force,South America,Desktop,1,433,6,0,334
EVT000199,2026-08-12 20:09:01.735196,Phishing,North America,Laptop,1,601,64,0,23
EVT000200,2026-08-12 20:17:01.735196,Brute Force,Africa,Laptop,3,990,93,1,75
EVT000201,2026-08-12 20:25:01.735196,Brute Force,South America,Desktop,1,548,44,0,173
EVT000202,2026-08-12 20:33:01.735196,Unauthorized Access,Africa,Desktop,3,369,84,0,275
EVT000203,2026-08-12 20:41:01.735196,Phishing,Asia,Laptop,2,875,47,0,322
EVT000204,2026-08-12 20:49:01.735196,Ransomware,North America,Firewall,1,220,41,0,213
EVT000205,2026-08-12 20:57:01.735196,Malware,North America,Firewall,5,981,82,0,302
EVT000206,2026-08-12 21:05:01.735196,Phishing,Oceania,Router,1,218,39,0,254
EVT000207,2026-08-12 21:13:01.735196,Malware,Africa,Desktop,1,790,82,0,285
EVT000208,2026-08-12 21:21:01.735196,DDoS,Asia,Laptop,2,316,54,1,48
EVT000209,2026-08-12 21:29:01.735196,Ransomware,South America,Server,4,483,49,0,443
EVT000210,2026-08-12 21:37:01.735196,DDoS,South America,Server,3,875,33,0,14
EVT000211,2026-08-12 21:45:01.735196,Brute Force,North America,Laptop,5,244,30,0,241
EVT000212,2026-08-12 21:53:01.735196,Unauthorized Access,Asia,Server,4,386,84,0,313
EVT000213,2026-08-12 22:01:01.735196,Malware,Africa,Router,2,803,74,0,170
EVT000214,2026-08-12 22:09:01.735196,Unauthorized Access,Europe,Firewall,6,593,8,0,463
EVT000215,2026-08-12 22:17:01.735196,DDoS,Asia,Firewall,5,554,93,0,74
EVT000216,2026-08-12 22:25:01.735196,Ransomware,Africa,Firewall,3,572,37,0,300
EVT000217,2026-08-12 22:33:01.735196,Brute Force,North America,Laptop,1,966,76,0,339
EVT000218,2026-08-12 22:41:01.735196,Ransomware,Oceania,Server,7,232,52,0,309
EVT000219,2026-08-12 22:49:01.735196,Phishing,Africa,Server,5,120,27,0,345
EVT000220,2026-08-12 22:57:01.735196,DDoS,South America,Firewall,4,888,17,0,299
EVT000221,2026-08-12 23:05:01.735196,Malware,Europe,Desktop,3,768,32,0,153
EVT000222,2026-08-12 23:13:01.735196,Brute Force,South America,Server,2,688,8,0,359
EVT000223,2026-08-12 23:21:01.735196,Ransomware,Oceania,Firewall,2,258,75,0,250
EVT000224,2026-08-12 23:29:01.735196,Phishing,South America,Server,5,475,49,0,388
EVT000225,2026-08-12 23:37:01.735196,Brute Force,Europe,Desktop,0,217,25,0,402
EVT000226,2026-08-12 23:45:01.735196,Malware,North America,Laptop,3,781,76,0,58
EVT000227,2026-08-12 23:53:01.735196,Unauthorized Access,Oceania,Firewall,3,159,43,0,155
EVT000228,2026-08-13 00:01:01.735196,DDoS,North America,Router,2,680,51,0,117
EVT000229,2026-08-13 00:09:01.735196,Brute Force,South America,Desktop,2,531,41,0,485
EVT000230,2026-08-13 00:17:01.735196,DDoS,South America,Server,2,176,61,0,267
EVT000231,2026-08-13 00:25:01.735196,DDoS,Oceania,Desktop,3,736,43,0,468
EVT000232,2026-08-13 00:33:01.735196,Malware,North America,Laptop,2,317,46,0,118
EVT000233,2026-08-13 00:41:01.735196,Unauthorized Access,Africa,Server,1,452,40,0,145
EVT000234,2026-08-13 00:49:01.735196,Brute Force,Asia,Firewall,3,927,6,0,437
EVT000235,2026-08-13 00:57:01.735196,Phishing,South America,Firewall,31,10291,913,1,1932
EVT000236,2026-08-13 01:05:01.735196,Ransomware,Europe,Firewall,4,552,81,0,312
EVT000237,2026-08-13 01:13:01.735196,DDoS,North America,Router,2,732,59,0,154
EVT000238,2026-08-13 01:21:01.735196,Ransomware,Asia,Server,4,726,9,0,257
EVT000239,2026-08-13 01:29:01.735196,Ransomware,South America,Router,4,842,36,0,281
EVT000240,2026-08-13 01:37:01.735196,DDoS,Africa,Server,2,903,27,0,75
EVT000241,2026-08-13 01:45:01.735196,Ransomware,Asia,Desktop,2,548,79,0,199
EVT000242,2026-08-13 01:53:01.735196,DDoS,Africa,Server,7,338,53,0,91
EVT000243,2026-08-13 02:01:01.735196,Unauthorized Access,South America,Router,4,106,56,0,408
EVT000244,2026-08-13 02:09:01.735196,Unauthorized Access,Asia,Firewall,2,565,82,1,265
EVT000245,2026-08-13 02:17:01.735196,Brute Force,South America,Server,4,932,84,0,390
EVT000246,2026-08-13 02:25:01.735196,Unauthorized Access,Europe,Desktop,4,636,83,1,453
EVT000247,2026-08-13 02:33:01.735196,Brute Force,South America,Server,4,927,67,0,358
EVT000248,2026-08-13 02:41:01.735196,Brute Force,Africa,Laptop,144,11488,941,1,1081
EVT000249,2026-08-13 02:49:01.735196,Ransomware,Africa,Server,2,556,91,0,108
EVT000250,2026-08-13 02:57:01.735196,Malware,Europe,Server,2,362,84,0,106
EVT000251,2026-08-13 03:05:01.735196,Malware,Oceania,Laptop,5,223,42,0,72
EVT000252,2026-08-13 03:13:01.735196,Brute Force,Asia,Firewall,4,625,75,0,95
EVT000253,2026-08-13 03:21:01.735196,DDoS,South America,Router,2,504,83,0,480
EVT000254,2026-08-13 03:29:01.735196,Unauthorized Access,Europe,Router,2,312,94,0,222
EVT000255,2026-08-13 03:37:01.735196,Unauthorized Access,Africa,Laptop,1,771,40,0,197
EVT000256,2026-08-13 03:45:01.735196,Ransomware,South America,Desktop,3,609,72,0,121
EVT000257,2026-08-13 03:53:01.735196,Unauthorized Access,Asia,Server,4,120,46,0,114
EVT000258,2026-08-13 04:01:01.735196,Ransomware,Africa,Firewall,4,196,14,0,453
EVT000259,2026-08-13 04:09:01.735196,DDoS,Europe,Router,5,954,92,0,78
EVT000260,2026-08-13 04:17:01.735196,Ransomware,Asia,Firewall,3,604,91,0,118
EVT000261,2026-08-13 04:25:01.735196,DDoS,South America,Desktop,2,247,25,0,424
EVT000262,2026-08-13 04:33:01.735196,Brute Force,Europe,Firewall,4,590,62,0,359
EVT000263,2026-08-13 04:41:01.735196,DDoS,North America,Desktop,2,722,96,0,145
EVT000264,2026-08-13 04:49:01.735196,Brute Force,South America,Router,3,660,40,0,87
EVT000265,2026-08-13 04:57:01.735196,Brute Force,Europe,Router,2,866,14,0,149
EVT000266,2026-08-13 05:05:01.735196,Phishing,Africa,Firewall,2,259,99,0,297
EVT000267,2026-08-13 05:13:01.735196,Malware,South America,Server,2,501,59,0,497
EVT000268,2026-08-13 05:21:01.735196,DDoS,North America,Laptop,4,824,48,0,183
EVT000269,2026-08-13 05:29:01.735196,Brute Force,Europe,Server,0,221,36,0,48
EVT000270,2026-08-13 05:37:01.735196,Ransomware,Asia,Firewall,6,746,27,0,212
EVT000271,2026-08-13 05:45:01.735196,Brute Force,North America,Desktop,3,880,86,0,222
EVT000272,2026-08-13 05:53:01.735196,Unauthorized Access,South America,Desktop,5,782,41,0,193
EVT000273,2026-08-13 06:01:01.735196,DDoS,Africa,Server,2,129,43,0,290
EVT000274,2026-08-13 06:09:01.735196,Phishing,Oceania,Desktop,3,228,9,0,397
EVT000275,2026-08-13 06:17:01.735196,Brute Force,North America,Router,1,973,93,0,393
EVT000276,2026-08-13 06:25:01.735196,Brute Force,Oceania,Server,5,333,94,0,21
EVT000277,2026-08-13 06:33:01.735196,Brute Force,Asia,Server,4,854,99,0,321
EVT000278,2026-08-13 06:41:01.735196,Malware,Asia,Desktop,55,6828,768,1,1521
EVT000279,2026-08-13 06:49:01.735196,Phishing,Europe,Firewall,1,137,50,0,66
EVT000280,2026-08-13 06:57:01.735196,Brute Force,Europe,Laptop,5,797,59,0,385
EVT000281,2026-08-13 07:05:01.735196,Unauthorized Access,South America,Firewall,5,977,87,0,118
EVT000282,2026-08-13 07:13:01.735196,DDoS,Africa,Laptop,5,449,59,0,490
EVT000283,2026-08-13 07:21:01.735196,Brute Force,Asia,Router,1,862,96,0,468
EVT000284,2026-08-13 07:29:01.735196,Malware,South America,Desktop,2,297,8,0,56
EVT000285,2026-08-13 07:37:01.735196,Phishing,North America,Router,1,177,79,0,99
EVT000286,2026-08-13 07:45:01.735196,Unauthorized Access,Asia,Router,2,149,7,0,122
EVT000287,2026-08-13 07:53:01.735196,DDoS,Asia,Laptop,5,646,50,0,78
EVT000288,2026-08-13 08:01:01.735196,DDoS,North America,Laptop,4,681,94,0,240
EVT000289,2026-08-13 08:09:01.735196,Ransomware,Africa,Desktop,3,908,58,0,373
EVT000290,2026-08-13 08:17:01.735196,Ransomware,North America,Router,4,975,34,0,400
EVT000291,2026-08-13 08:25:01.735196,Unauthorized Access,Oceania,Server,3,281,99,0,214
EVT000292,2026-08-13 08:33:01.735196,Brute Force,South America,Desktop,1,327,60,0,347
EVT000293,2026-08-13 08:41:01.735196,Phishing,Africa,Desktop,3,618,74,0,475
EVT000294,2026-08-13 08:49:01.735196,Phishing,Africa,Desktop,3,525,30,0,393
EVT000295,2026-08-13 08:57:01.735196,Brute Force,Oceania,Laptop,3,698,94,0,314
EVT000296,2026-08-13 09:05:01.735196,Brute Force,Oceania,Server,4,277,72,0,336
EVT000297,2026-08-13 09:13:01.735196,DDoS,North America,Firewall,4,142,45,0,186
EVT000298,2026-08-13 09:21:01.735196,Phishing,North America,Desktop,1,297,69,0,14
EVT000299,2026-08-13 09:29:01.735196,DDoS,Europe,Laptop,6,443,44,0,68
EVT000300,2026-08-13 09:37:01.735196,Unauthorized Access,Asia,Firewall,1,930,53,0,400
EVT000301,2026-08-13 09:45:01.735196,Ransomware,Europe,Desktop,4,843,89,0,125
EVT000302,2026-08-13 09:53:01.735196,DDoS,Asia,Desktop,5,859,7,0,106
EVT000303,2026-08-13 10:01:01.735196,DDoS,North America,Laptop,4,526,23,0,276
EVT000304,2026-08-13 10:09:01.735196,Phishing,Oceania,Router,2,575,45,0,94
EVT000305,2026-08-13 10:17:01.735196,Unauthorized Access,Asia,Server,2,337,86,0,477
EVT000306,2026-08-13 10:25:01.735196,Malware,Asia,Firewall,3,382,44,0,229
EVT000307,2026-08-13 10:33:01.735196,Ransomware,Oceania,Desktop,1,712,36,0,116
EVT000308,2026-08-13 10:41:01.735196,Brute Force,Asia,Server,4,913,20,1,118
EVT000309,2026-08-13 10:49:01.735196,DDoS,North America,Firewall,5,346,31,0,140
EVT000310,2026-08-13 10:57:01.735196,Unauthorized Access,Asia,Firewall,3,744,65,0,274
EVT000311,2026-08-13 11:05:01.735196,Malware,Oceania,Router,4,463,77,0,235
EVT000312,2026-08-13 11:13:01.735196,Ransomware,Oceania,Router,4,317,66,0,172
EVT000313,2026-08-13 11:21:01.735196,Malware,North America,Desktop,1,437,62,0,288
EVT000314,2026-08-13 11:29:01.735196,Malware,North America,Laptop,6,371,38,0,433
EVT000315,2026-08-13 11:37:01.735196,Phishing,South America,Router,0,146,43,0,157
EVT000316,2026-08-13 11:45:01.735196,Brute Force,Oceania,Firewall,3,615,62,0,303
EVT000317,2026-08-13 11:53:01.735196,Brute Force,Oceania,Laptop,1,412,57,0,151
EVT000318,2026-08-13 12:01:01.735196,Brute Force,North America,Router,3,306,86,0,143
EVT000319,2026-08-13 12:09:01.735196,Ransomware,North America,Desktop,2,987,50,0,109
EVT000320,2026-08-13 12:17:01.735196,DDoS,Europe,Desktop,1,758,34,0,93
EVT000321,2026-08-13 12:25:01.735196,Brute Force,Asia,Firewall,0,523,92,0,111
EVT000322,2026-08-13 12:33:01.735196,Brute Force,Asia,Server,4,812,32,0,336
EVT000323,2026-08-13 12:41:01.735196,Phishing,North America,Router,5,219,42,0,173
EVT000324,2026-08-13 12:49:01.735196,Phishing,Oceania,Firewall,1,419,37,0,98
EVT000325,2026-08-13 12:57:01.735196,Malware,Asia,Laptop,2,433,98,0,77
EVT000326,2026-08-13 13:05:01.735196,Unauthorized Access,Europe,Server,6,161,52,0,44
EVT000327,2026-08-13 13:13:01.735196,Unauthorized Access,Europe,Firewall,4,968,71,0,210
EVT000328,2026-08-13 13:21:01.735196,Phishing,Asia,Laptop,7,687,50,0,370
EVT000329,2026-08-13 13:29:01.735196,Unauthorized Access,North America,Desktop,2,632,55,0,166
EVT000330,2026-08-13 13:37:01.735196,Phishing,Europe,Firewall,3,175,49,1,203
EVT000331,2026-08-13 13:45:01.735196,Phishing,North America,Server,3,361,90,0,410
EVT000332,2026-08-13 13:53:01.735196,Ransomware,Europe,Firewall,0,361,94,0,476
EVT000333,2026-08-13 14:01:01.735196,Phishing,Asia,Server,3,523,18,0,246
EVT000334,2026-08-13 14:09:01.735196,DDoS,Africa,Server,4,235,47,0,362
EVT000335,2026-08-13 14:17:01.735196,DDoS,South America,Desktop,4,481,13,0,314
EVT000336,2026-08-13 14:25:01.735196,Malware,South America,Firewall,2,282,45,0,201
EVT000337,2026-08-13 14:33:01.735196,Unauthorized Access,North America,Firewall,3,100,44,0,341
EVT000338,2026-08-13 14:41:01.735196,Brute Force,North America,Server,4,701,96,0,17
EVT000339,2026-08-13 14:49:01.735196,DDoS,South America,Server,1,769,51,0,184
EVT000340,2026-08-13 14:57:01.735196,DDoS,North America,Server,5,850,32,0,122
EVT000341,2026-08-13 15:05:01.735196,Phishing,North America,Laptop,1,754,45,0,456
EVT000342,2026-08-13 15:13:01.735196,Brute Force,Africa,Firewall,5,812,43,0,93
EVT000343,2026-08-13 15:21:01.735196,DDoS,Africa,Firewall,8,410,49,0,366
EVT000344,2026-08-13 15:29:01.735196,Unauthorized Access,Africa,Router,2,378,28,0,293
EVT000345,2026-08-13 15:37:01.735196,Brute Force,North America,Firewall,3,172,57,0,39
EVT000346,2026-08-13 15:45:01.735196,Phishing,South America,Router,6,659,36,0,322
EVT000347,2026-08-13 15:53:01.735196,DDoS,Asia,Router,0,479,37,0,299
EVT000348,2026-08-13 16:01:01.735196,Brute Force,North America,Desktop,2,667,69,0,157
EVT000349,2026-08-13 16:09:01.735196,Brute Force,Asia,Desktop,3,578,95,0,314
EVT000350,2026-08-13 16:17:01.735196,Brute Force,South America,Server,2,787,60,1,330
EVT000351,2026-08-13 16:25:01.735196,Malware,North America,Router,1,533,73,0,353
EVT000352,2026-08-13 16:33:01.735196,Brute Force,Asia,Laptop,3,462,68,0,60
EVT000353,2026-08-13 16:41:01.735196,Unauthorized Access,Africa,Firewall,0,926,19,0,435
EVT000354,2026-08-13 16:49:01.735196,Malware,South America,Desktop,3,186,10,0,210
EVT000355,2026-08-13 16:57:01.735196,DDoS,Oceania,Server,4,377,72,1,498
EVT000356,2026-08-13 17:05:01.735196,Unauthorized Access,Asia,Desktop,5,515,55,0,350
EVT000357,2026-08-13 17:13:01.735196,Unauthorized Access,Europe,Laptop,4,703,67,0,492
EVT000358,2026-08-13 17:21:01.735196,Phishing,North America,Desktop,2,608,21,0,347
EVT000359,2026-08-13 17:29:01.735196,Ransomware,North America,Desktop,3,952,12,0,154
EVT000360,2026-08-13 17:37:01.735196,DDoS,Africa,Firewall,4,921,49,0,255
EVT000361,2026-08-13 17:45:01.735196,Brute Force,Africa,Server,2,283,24,0,21
EVT000362,2026-08-13 17:53:01.735196,Brute Force,Oceania,Desktop,3,919,74,0,259
EVT000363,2026-08-13 18:01:01.735196,Ransomware,Oceania,Desktop,120,9699,986,1,1471
EVT000364,2026-08-13 18:09:01.735196,Ransomware,North America,Laptop,3,948,85,0,361
EVT000365,2026-08-13 18:17:01.735196,Unauthorized Access,Oceania,Router,2,936,17,1,198
EVT000366,2026-08-13 18:25:01.735196,Brute Force,Oceania,Server,1,579,26,0,180
EVT000367,2026-08-13 18:33:01.735196,Unauthorized Access,Europe,Router,6,385,61,0,172
EVT000368,2026-08-13 18:41:01.735196,Ransomware,Europe,Desktop,4,164,40,0,10
EVT000369,2026-08-13 18:49:01.735196,Ransomware,Africa,Firewall,1,747,9,0,210
EVT000370,2026-08-13 18:57:01.735196,Malware,Europe,Laptop,3,364,38,0,393
EVT000371,2026-08-13 19:05:01.735196,Malware,Oceania,Server,1,174,76,0,197
EVT000372,2026-08-13 19:13:01.735196,Brute Force,South America,Router,2,182,20,0,154
EVT000373,2026-08-13 19:21:01.735196,DDoS,Asia,Laptop,3,549,94,0,120
EVT000374,2026-08-13 19:29:01.735196,Malware,Asia,Router,3,731,59,0,230
EVT000375,2026-08-13 19:37:01.735196,Brute Force,Oceania,Firewall,4,502,57,0,290
EVT000376,2026-08-13 19:45:01.735196,Brute Force,Asia,Server,3,109,76,0,157
EVT000377,2026-08-13 19:53:01.735196,Unauthorized Access,North America,Server,5,802,8,0,480
EVT000378,2026-08-13 20:01:01.735196,Phishing,Europe,Desktop,2,389,86,0,136
EVT000379,2026-08-13 20:09:01.735196,Malware,North America,Router,1,690,61,0,358
EVT000380,2026-08-13 20:17:01.735196,Phishing,Europe,Router,0,195,90,0,352
EVT000381,2026-08-13 20:25:01.735196,Phishing,Africa,Firewall,4,767,15,0,116
EVT000382,2026-08-13 20:33:01.735196,Ransomware,North America,Router,5,276,74,0,469
EVT000383,2026-08-13 20:41:01.735196,Malware,South America,Server,2,927,95,0,448
EVT000384,2026-08-13 20:49:01.735196,Malware,Asia,Firewall,0,122,89,0,22
EVT000385,2026-08-13 20:57:01.735196,DDoS,Oceania,Router,2,551,51,0,210
EVT000386,2026-08-13 21:05:01.735196,DDoS,North America,Desktop,3,200,52,0,50
EVT000387,2026-08-13 21:13:01.735196,Unauthorized Access,South America,Desktop,2,326,75,0,219
EVT000388,2026-08-13 21:21:01.735196,Malware,Europe,Router,5,199,91,0,171
EVT000389,2026-08-13 21:29:01.735196,Unauthorized Access,North America,Router,2,102,32,1,437
EVT000390,2026-08-13 21:37:01.735196,Brute Force,Asia,Laptop,4,326,17,0,127
EVT000391,2026-08-13 21:45:01.735196,Phishing,North America,Firewall,2,685,50,0,111
EVT000392,2026-08-13 21:53:01.735196,Unauthorized Access,Africa,Laptop,1,967,18,0,418
EVT000393,2026-08-13 22:01:01.735196,Ransomware,Asia,Laptop,4,508,64,0,330
EVT000394,2026-08-13 22:09:01.735196,Phishing,Asia,Laptop,5,792,46,0,231
EVT000395,2026-08-13 22:17:01.735196,Phishing,Oceania,Server,2,835,29,0,451
EVT000396,2026-08-13 22:25:01.735196,Brute Force,South America,Router,3,472,81,1,120
EVT000397,2026-08-13 22:33:01.735196,Unauthorized Access,South America,Firewall,5,158,8,0,422
EVT000398,2026-08-13 22:41:01.735196,Unauthorized Access,Asia,Desktop,2,178,91,0,13
EVT000399,2026-08-13 22:49:01.735196,Malware,South America,Router,6,332,21,0,208
EVT000400,2026-08-13 22:57:01.735196,Ransomware,Africa,Server,3,366,81,0,369
EVT000401,2026-08-13 23:05:01.735196,Malware,Asia,Router,5,537,64,0,168
EVT000402,2026-08-13 23:13:01.735196,Malware,Asia,Desktop,1,852,9,0,370
EVT000403,2026-08-13 23:21:01.735196,Malware,Africa,Firewall,3,114,65,0,55
EVT000404,2026-08-13 23:29:01.735196,DDoS,Africa,Firewall,1,697,66,0,211
EVT000405,2026-08-13 23:37:01.735196,Brute Force,North America,Router,2,617,97,0,244
EVT000406,2026-08-13 23:45:01.735196,Unauthorized Access,Oceania,Laptop,3,962,32,0,178
EVT000407,2026-08-13 23:53:01.735196,DDoS,Africa,Laptop,6,700,22,0,320
EVT000408,2026-08-14 00:01:01.735196,DDoS,North America,Desktop,1,489,8,0,294
EVT000409,2026-08-14 00:09:01.735196,Malware,Africa,Laptop,7,451,98,0,48
EVT000410,2026-08-14 00:17:01.735196,Brute Force,South America,Router,133,7369,866,1,1155
EVT000411,2026-08-14 00:25:01.735196,Unauthorized Access,Europe,Desktop,3,975,17,0,237
EVT000412,2026-08-14 00:33:01.735196,Ransomware,South America,Router,4,704,75,0,477
EVT000413,2026-08-14 00:41:01.735196,Brute Force,Africa,Server,1,710,95,0,26
EVT000414,2026-08-14 00:49:01.735196,Brute Force,Asia,Server,3,423,69,0,67
EVT000415,2026-08-14 00:57:01.735196,Unauthorized Access,Oceania,Router,2,414,79,0,398
EVT000416,2026-08-14 01:05:01.735196,Brute Force,Oceania,Firewall,0,500,26,0,246
EVT000417,2026-08-14 01:13:01.735196,Ransomware,North America,Firewall,3,760,80,0,412
EVT000418,2026-08-14 01:21:01.735196,Ransomware,Asia,Router,3,744,25,0,288
EVT000419,2026-08-14 01:29:01.735196,Brute Force,North America,Desktop,2,320,12,0,156
EVT000420,2026-08-14 01:37:01.735196,Brute Force,Asia,Laptop,1,593,95,0,280
EVT000421,2026-08-14 01:45:01.735196,Brute Force,Oceania,Firewall,2,382,44,0,173
EVT000422,2026-08-14 01:53:01.735196,Brute Force,South America,Firewall,4,570,57,0,288
EVT000423,2026-08-14 02:01:01.735196,Ransomware,Asia,Laptop,5,425,61,1,400
EVT000424,2026-08-14 02:09:01.735196,Ransomware,South America,Laptop,1,311,7,0,351
EVT000425,2026-08-14 02:17:01.735196,Phishing,Europe,Server,6,405,34,0,34
EVT000426,2026-08-14 02:25:01.735196,Malware,Africa,Firewall,2,595,51,0,48
EVT000427,2026-08-14 02:33:01.735196,Unauthorized Access,North America,Desktop,3,371,63,0,435
EVT000428,2026-08-14 02:41:01.735196,Unauthorized Access,Europe,Firewall,5,604,21,0,445
EVT000429,2026-08-14 02:49:01.735196,Phishing,Europe,Firewall,2,852,69,0,60
EVT000430,2026-08-14 02:57:01.735196,Phishing,Oceania,Router,7,266,61,0,260
EVT000431,2026-08-14 03:05:01.735196,Ransomware,Oceania,Laptop,32,8408,874,1,1260
EVT000432,2026-08-14 03:13:01.735196,Unauthorized Access,Asia,Router,5,643,72,0,348
EVT000433,2026-08-14 03:21:01.735196,Phishing,Asia,Router,3,773,65,0,225
EVT000434,2026-08-14 03:29:01.735196,Phishing,Asia,Firewall,4,292,73,0,399
EVT000435,2026-08-14 03:37:01.735196,DDoS,Asia,Router,4,654,78,0,104
EVT000436,2026-08-14 03:45:01.735196,DDoS,Europe,Laptop,4,618,82,0,460
EVT000437,2026-08-14 03:53:01.735196,Phishing,Asia,Server,4,212,16,0,340
EVT000438,2026-08-14 04:01:01.735196,Ransomware,Africa,Server,3,945,73,0,68
EVT000439,2026-08-14 04:09:01.735196,Unauthorized Access,North America,Desktop,1,588,23,0,388
EVT000440,2026-08-14 04:17:01.735196,Phishing,Asia,Router,1,551,37,0,191
EVT000441,2026-08-14 04:25:01.735196,Phishing,South America,Server,4,503,33,0,328
EVT000442,2026-08-14 04:33:01.735196,Phishing,South America,Desktop,2,768,78,0,15
EVT000443,2026-08-14 04:41:01.735196,DDoS,North America,Router,4,830,53,0,396
EVT000444,2026-08-14 04:49:01.735196,Phishing,South America,Server,2,735,28,0,31
EVT000445,2026-08-14 04:57:01.735196,Malware,Asia,Server,2,594,24,0,447
EVT000446,2026-08-14 05:05:01.735196,Brute Force,Asia,Laptop,2,933,34,0,415
EVT000447,2026-08-14 05:13:01.735196,Ransomware,South America,Laptop,5,199,63,0,422
EVT000448,2026-08-14 05:21:01.735196,DDoS,South America,Firewall,1,365,57,0,159
EVT000449,2026-08-14 05:29:01.735196,Malware,North America,Desktop,54,11124,583,1,1580
EVT000450,2026-08-14 05:37:01.735196,Phishing,Africa,Firewall,4,172,50,0,297
EVT000451,2026-08-14 05:45:01.735196,Malware,Asia,Laptop,4,855,89,0,421
EVT000452,2026-08-14 05:53:01.735196,Malware,Europe,Router,5,142,45,0,221
EVT000453,2026-08-14 06:01:01.735196,Unauthorized Access,South America,Server,3,535,51,0,234
EVT000454,2026-08-14 06:09:01.735196,DDoS,Africa,Firewall,2,395,79,0,460
EVT000455,2026-08-14 06:17:01.735196,Unauthorized Access,Africa,Laptop,48,10283,742,1,1018
EVT000456,2026-08-14 06:25:01.735196,Ransomware,South America,Server,4,849,12,0,499
EVT000457,2026-08-14 06:33:01.735196,Phishing,Africa,Router,3,895,58,0,347
EVT000458,2026-08-14 06:41:01.735196,Brute Force,North America,Firewall,4,779,40,0,116
EVT000459,2026-08-14 06:49:01.735196,Malware,Africa,Firewall,2,761,15,0,214
EVT000460,2026-08-14 06:57:01.735196,Unauthorized Access,Africa,Server,2,921,92,0,216
EVT000461,2026-08-14 07:05:01.735196,DDoS,North America,Router,2,220,5,0,350
EVT000462,2026-08-14 07:13:01.735196,Ransomware,Oceania,Server,1,813,96,0,464
EVT000463,2026-08-14 07:21:01.735196,Malware,Asia,Laptop,4,239,64,0,243
EVT000464,2026-08-14 07:29:01.735196,Brute Force,North America,Firewall,4,410,50,0,361
EVT000465,2026-08-14 07:37:01.735196,Ransomware,Europe,Server,4,980,89,0,15
EVT000466,2026-08-14 07:45:01.735196,Ransomware,Oceania,Laptop,3,525,91,0,480
EVT000467,2026-08-14 07:53:01.735196,Brute Force,South America,Router,2,556,33,0,96
EVT000468,2026-08-14 08:01:01.735196,Phishing,North America,Router,2,144,21,0,94
EVT000469,2026-08-14 08:09:01.735196,Phishing,North America,Laptop,61,12081,798,1,1673
EVT000470,2026-08-14 08:17:01.735196,Ransomware,Asia,Firewall,2,773,77,0,20
EVT000471,2026-08-14 08:25:01.735196,Unauthorized Access,South America,Desktop,1,857,23,0,391
EVT000472,2026-08-14 08:33:01.735196,Brute Force,Europe,Desktop,58,14137,653,1,840
EVT000473,2026-08-14 08:41:01.735196,Malware,Oceania,Desktop,3,532,68,0,304
EVT000474,2026-08-14 08:49:01.735196,Ransomware,South America,Router,2,424,30,0,16
EVT000475,2026-08-14 08:57:01.735196,DDoS,Asia,Laptop,8,893,20,0,165
EVT000476,2026-08-14 09:05:01.735196,DDoS,Asia,Firewall,4,463,55,0,208
EVT000477,2026-08-14 09:13:01.735196,Malware,Oceania,Router,4,792,50,0,241
EVT000478,2026-08-14 09:21:01.735196,Unauthorized Access,Europe,Firewall,0,483,52,0,145
EVT000479,2026-08-14 09:29:01.735196,Malware,North America,Desktop,4,924,53,0,331
EVT000480,2026-08-14 09:37:01.735196,Ransomware,South America,Firewall,4,422,87,0,215
EVT000481,2026-08-14 09:45:01.735196,Phishing,Oceania,Router,1,673,8,0,381
EVT000482,2026-08-14 09:53:01.735196,Malware,Oceania,Desktop,0,578,95,0,395
EVT000483,2026-08-14 10:01:01.735196,DDoS,Asia,Server,2,223,65,0,57
EVT000484,2026-08-14 10:09:01.735196,Brute Force,South America,Desktop,2,968,49,0,489
EVT000485,2026-08-14 10:17:01.735196,Brute Force,Oceania,Laptop,2,803,48,0,80
EVT000486,2026-08-14 10:25:01.735196,Phishing,Africa,Router,3,499,91,0,286
EVT000487,2026-08-14 10:33:01.735196,Malware,Europe,Desktop,45,5615,358,1,1763
EVT000488,2026-08-14 10:41:01.735196,Unauthorized Access,North America,Firewall,7,470,94,0,327
EVT000489,2026-08-14 10:49:01.735196,DDoS,Asia,Desktop,3,777,71,0,138
EVT000490,2026-08-14 10:57:01.735196,Malware,Africa,Laptop,4,889,78,0,472
EVT000491,2026-08-14 11:05:01.735196,DDoS,Asia,Desktop,6,491,5,0,31
EVT000492,2026-08-14 11:13:01.735196,Malware,North America,Laptop,0,504,39,0,325
EVT000493,2026-08-14 11:21:01.735196,DDoS,Africa,Server,0,789,52,0,65
EVT000494,2026-08-14 11:29:01.735196,Ransomware,Oceania,Router,3,176,22,0,340
EVT000495,2026-08-14 11:37:01.735196,Unauthorized Access,Asia,Router,8,958,39,0,409
EVT000496,2026-08-14 11:45:01.735196,Phishing,North America,Router,2,798,25,0,468
EVT000497,2026-08-14 11:53:01.735196,Brute Force,South America,Server,0,607,52,0,95
EVT000498,2026-08-14 12:01:01.735196,Ransomware,Oceania,Desktop,0,561,28,0,489
EVT000499,2026-08-14 12:09:01.735196,Unauthorized Access,Africa,Desktop,1,867,62,0,217
EVT000500,2026-08-14 12:17:01.735196,Phishing,Oceania,Laptop,3,640,23,0,83
EVT000501,2026-08-14 12:25:01.735196,Unauthorized Access,Europe,Server,2,954,28,0,491
EVT000502,2026-08-14 12:33:01.735196,Phishing,Europe,Router,2,662,25,1,397
EVT000503,2026-08-14 12:41:01.735196,Unauthorized Access,Africa,Desktop,34,8414,724,1,1270
EVT000504,2026-08-14 12:49:01.735196,Unauthorized Access,Europe,Firewall,3,163,75,0,152
EVT000505,2026-08-14 12:57:01.735196,Malware,Asia,Router,1,853,51,0,439
EVT000506,2026-08-14 13:05:01.735196,Brute Force,South America,Firewall,1,211,37,0,52
EVT000507,2026-08-14 13:13:01.735196,DDoS,Africa,Server,7,841,70,0,35
EVT000508,2026-08-14 13:21:01.735196,Ransomware,Oceania,Server,2,759,12,0,483
EVT000509,2026-08-14 13:29:01.735196,Brute Force,Africa,Desktop,2,243,50,0,16
EVT000510,2026-08-14 13:37:01.735196,Unauthorized Access,Oceania,Firewall,6,278,88,0,474
EVT000511,2026-08-14 13:45:01.735196,Phishing,South America,Firewall,4,375,57,1,442
EVT000512,2026-08-14 13:53:01.735196,Malware,North America,Firewall,5,669,38,0,59
EVT000513,2026-08-14 14:01:01.735196,Phishing,Europe,Desktop,1,663,19,0,396
EVT000514,2026-08-14 14:09:01.735196,Phishing,Asia,Firewall,2,335,60,0,404
EVT000515,2026-08-14 14:17:01.735196,Malware,Asia,Laptop,2,159,14,0,58
EVT000516,2026-08-14 14:25:01.735196,Unauthorized Access,Asia,Laptop,3,615,99,0,175
EVT000517,2026-08-14 14:33:01.735196,Unauthorized Access,Africa,Server,2,741,35,0,485
EVT000518,2026-08-14 14:41:01.735196,Phishing,Africa,Firewall,2,365,44,0,417
EVT000519,2026-08-14 14:49:01.735196,Brute Force,Africa,Firewall,3,346,99,0,322
EVT000520,2026-08-14 14:57:01.735196,Unauthorized Access,North America,Server,3,188,52,0,469
EVT000521,2026-08-14 15:05:01.735196,Brute Force,Africa,Desktop,7,830,89,0,217
EVT000522,2026-08-14 15:13:01.735196,Unauthorized Access,South America,Firewall,4,147,22,0,304
EVT000523,2026-08-14 15:21:01.735196,DDoS,Oceania,Firewall,2,976,85,0,399
EVT000524,2026-08-14 15:29:01.735196,Ransomware,South America,Laptop,4,650,76,0,169
EVT000525,2026-08-14 15:37:01.735196,Brute Force,South America,Desktop,1,219,96,0,460
EVT000526,2026-08-14 15:45:01.735196,Brute Force,North America,Laptop,1,837,84,0,431
EVT000527,2026-08-14 15:53:01.735196,DDoS,South America,Laptop,3,710,14,0,196
EVT000528,2026-08-14 16:01:01.735196,Phishing,Asia,Desktop,3,407,93,0,296
EVT000529,2026-08-14 16:09:01.735196,Ransomware,South America,Laptop,2,505,8,0,136
EVT000530,2026-08-14 16:17:01.735196,Unauthorized Access,Africa,Server,1,599,81,0,429
EVT000531,2026-08-14 16:25:01.735196,DDoS,North America,Desktop,2,157,76,0,118
EVT000532,2026-08-14 16:33:01.735196,Phishing,North America,Server,5,255,93,0,384
EVT000533,2026-08-14 16:41:01.735196,DDoS,Africa,Router,5,193,86,0,478
EVT000534,2026-08-14 16:49:01.735196,Phishing,Asia,Firewall,1,948,44,0,152
EVT000535,2026-08-14 16:57:01.735196,Phishing,Europe,Router,3,791,34,0,317
EVT000536,2026-08-14 17:05:01.735196,DDoS,South America,Desktop,5,239,82,0,401
EVT000537,2026-08-14 17:13:01.735196,Malware,South America,Firewall,1,420,46,0,148
EVT000538,2026-08-14 17:21:01.735196,Phishing,Europe,Firewall,3,824,89,0,65
EVT000539,2026-08-14 17:29:01.735196,Malware,Asia,Router,1,592,68,0,209
EVT000540,2026-08-14 17:37:01.735196,Brute Force,Oceania,Router,3,214,70,0,348
EVT000541,2026-08-14 17:45:01.735196,Malware,North America,Router,3,127,70,0,302
EVT000542,2026-08-14 17:53:01.735196,Ransomware,Oceania,Desktop,4,407,62,0,114
EVT000543,2026-08-14 18:01:01.735196,Ransomware,North America,Router,3,849,60,0,394
EVT000544,2026-08-14 18:09:01.735196,Unauthorized Access,Europe,Desktop,2,559,76,0,379
EVT000545,2026-08-14 18:17:01.735196,Malware,South America,Firewall,2,283,80,0,384
EVT000546,2026-08-14 18:25:01.735196,Unauthorized Access,Asia,Firewall,4,172,30,0,369
EVT000547,2026-08-14 18:33:01.735196,Malware,Europe,Server,4,370,39,0,190
EVT000548,2026-08-14 18:41:01.735196,Ransomware,Africa,Desktop,4,231,91,0,377
EVT000549,2026-08-14 18:49:01.735196,Phishing,Africa,Firewall,2,477,25,0,442
EVT000550,2026-08-14 18:57:01.735196,Malware,North America,Server,3,864,19,0,375
EVT000551,2026-08-14 19:05:01.735196,Ransomware,South America,Firewall,2,988,9,0,372
EVT000552,2026-08-14 19:13:01.735196,Unauthorized Access,Africa,Laptop,6,651,14,0,209
EVT000553,2026-08-14 19:21:01.735196,Unauthorized Access,Asia,Laptop,3,410,41,0,246
EVT000554,2026-08-14 19:29:01.735196,Unauthorized Access,Oceania,Desktop,5,878,96,0,432
EVT000555,2026-08-14 19:37:01.735196,Unauthorized Access,Africa,Firewall,2,544,58,0,103
EVT000556,2026-08-14 19:45:01.735196,Unauthorized Access,Asia,Router,3,346,35,0,85
EVT000557,2026-08-14 19:53:01.735196,Ransomware,Asia,Server,4,589,58,0,344
EVT000558,2026-08-14 20:01:01.735196,Unauthorized Access,Asia,Server,4,628,94,0,175
EVT000559,2026-08-14 20:09:01.735196,Ransomware,Oceania,Firewall,3,338,76,0,319
EVT000560,2026-08-14 20:17:01.735196,Brute Force,North America,Firewall,3,159,10,0,67
EVT000561,2026-08-14 20:25:01.735196,Unauthorized Access,Oceania,Firewall,2,104,94,0,207
EVT000562,2026-08-14 20:33:01.735196,DDoS,Europe,Laptop,5,655,19,0,248
EVT000563,2026-08-14 20:41:01.735196,Brute Force,North America,Laptop,73,6895,616,1,1080
EVT000564,2026-08-14 20:49:01.735196,Ransomware,South America,Laptop,43,6956,762,1,1507
EVT000565,2026-08-14 20:57:01.735196,Phishing,South America,Firewall,2,528,94,0,246
EVT000566,2026-08-14 21:05:01.735196,DDoS,Oceania,Server,2,882,47,0,496
EVT000567,2026-08-14 21:13:01.735196,Unauthorized Access,Europe,Firewall,6,557,22,0,382
EVT000568,2026-08-14 21:21:01.735196,Brute Force,South America,Firewall,3,552,98,0,131
EVT000569,2026-08-14 21:29:01.735196,Phishing,South America,Firewall,1,192,27,0,115
EVT000570,2026-08-14 21:37:01.735196,Ransomware,Oceania,Desktop,4,723,67,0,148
EVT000571,2026-08-14 21:45:01.735196,Phishing,Europe,Desktop,3,515,90,0,300
EVT000572,2026-08-14 21:53:01.735196,Phishing,Asia,Desktop,5,415,80,0,234
EVT000573,2026-08-14 22:01:01.735196,Brute Force,Oceania,Router,2,813,87,0,78
EVT000574,2026-08-14 22:09:01.735196,Ransomware,Africa,Desktop,3,336,29,0,499
EVT000575,2026-08-14 22:17:01.735196,Unauthorized Access,Oceania,Firewall,1,474,45,0,364
EVT000576,2026-08-14 22:25:01.735196,DDoS,Asia,Laptop,2,622,89,0,182
EVT000577,2026-08-14 22:33:01.735196,Ransomware,Oceania,Server,2,357,80,0,475
EVT000578,2026-08-14 22:41:01.735196,DDoS,Oceania,Desktop,1,340,22,0,196
EVT000579,2026-08-14 22:49:01.735196,Phishing,Europe,Firewall,1,463,51,0,307
EVT000580,2026-08-14 22:57:01.735196,Unauthorized Access,Oceania,Desktop,4,382,83,0,272
EVT000581,2026-08-14 23:05:01.735196,Unauthorized Access,Oceania,Firewall,2,991,16,0,52
EVT000582,2026-08-14 23:13:01.735196,Malware,Oceania,Firewall,2,619,73,0,301
EVT000583,2026-08-14 23:21:01.735196,Phishing,North America,Server,3,499,18,0,189
EVT000584,2026-08-14 23:29:01.735196,Brute Force,South America,Server,3,535,23,0,30
EVT000585,2026-08-14 23:37:01.735196,Phishing,North America,Firewall,3,937,67,0,415
EVT000586,2026-08-14 23:45:01.735196,Phishing,South America,Router,1,967,34,0,480
EVT000587,2026-08-14 23:53:01.735196,Phishing,Asia,Desktop,4,466,40,0,412
EVT000588,2026-08-15 00:01:01.735196,Malware,North America,Firewall,4,149,86,0,352
EVT000589,2026-08-15 00:09:01.735196,Brute Force,Oceania,Server,3,901,81,1,115
EVT000590,2026-08-15 00:17:01.735196,Phishing,South America,Laptop,2,258,39,0,198
EVT000591,2026-08-15 00:25:01.735196,Malware,South America,Router,6,963,20,0,432
EVT000592,2026-08-15 00:33:01.735196,Brute Force,Asia,Server,5,405,16,0,234
EVT000593,2026-08-15 00:41:01.735196,Unauthorized Access,Africa,Server,137,11553,595,1,1517
EVT000594,2026-08-15 00:49:01.735196,Ransomware,Asia,Router,5,755,6,0,39
EVT000595,2026-08-15 00:57:01.735196,Unauthorized Access,Africa,Router,2,877,64,0,234
EVT000596,2026-08-15 01:05:01.735196,Phishing,Africa,Router,3,819,26,0,251
EVT000597,2026-08-15 01:13:01.735196,Malware,Asia,Laptop,0,652,84,0,483
EVT000598,2026-08-15 01:21:01.735196,Brute Force,Asia,Laptop,2,957,77,0,235
EVT000599,2026-08-15 01:29:01.735196,Ransomware,Asia,Firewall,41,7172,579,1,1616
EVT000600,2026-08-15 01:37:01.735196,Phishing,Europe,Firewall,1,757,92,0,137
EVT000601,2026-08-15 01:45:01.735196,DDoS,South America,Firewall,7,195,37,0,157
EVT000602,2026-08-15 01:53:01.735196,DDoS,Oceania,Server,2,222,20,0,461
EVT000603,2026-08-15 02:01:01.735196,Phishing,South America,Desktop,1,842,99,0,405
EVT000604,2026-08-15 02:09:01.735196,Malware,Asia,Router,3,899,19,0,178
EVT000605,2026-08-15 02:17:01.735196,Ransomware,Asia,Desktop,4,867,82,0,362
EVT000606,2026-08-15 02:25:01.735196,Unauthorized Access,North America,Desktop,0,454,21,0,119
EVT000607,2026-08-15 02:33:01.735196,Brute Force,Europe,Server,0,899,44,0,221
EVT000608,2026-08-15 02:41:01.735196,DDoS,Asia,Laptop,2,508,99,0,438
EVT000609,2026-08-15 02:49:01.735196,Unauthorized Access,Oceania,Desktop,3,954,79,0,63
EVT000610,2026-08-15 02:57:01.735196,Brute Force,Asia,Desktop,6,210,5,0,422
EVT000611,2026-08-15 03:05:01.735196,Phishing,Europe,Router,6,311,24,0,269
EVT000612,2026-08-15 03:13:01.735196,Brute Force,Africa,Desktop,2,270,17,0,450
EVT000613,2026-08-15 03:21:01.735196,Unauthorized Access,South America,Firewall,4,299,46,0,124
EVT000614,2026-08-15 03:29:01.735196,Phishing,Europe,Firewall,3,310,43,1,216
EVT000615,2026-08-15 03:37:01.735196,Malware,Africa,Router,4,526,23,0,439
EVT000616,2026-08-15 03:45:01.735196,Ransomware,North America,Firewall,4,151,51,0,276
EVT000617,2026-08-15 03:53:01.735196,Unauthorized Access,Africa,Laptop,10,665,61,1,269
EVT000618,2026-08-15 04:01:01.735196,Phishing,Europe,Desktop,5,890,32,0,322
EVT000619,2026-08-15 04:09:01.735196,DDoS,North America,Laptop,1,566,40,0,44
EVT000620,2026-08-15 04:17:01.735196,DDoS,North America,Firewall,4,178,93,0,115
EVT000621,2026-08-15 04:25:01.735196,Malware,South America,Laptop,4,316,11,0,219
EVT000622,2026-08-15 04:33:01.735196,DDoS,Africa,Server,1,540,11,0,315
EVT000623,2026-08-15 04:41:01.735196,Brute Force,Asia,Server,2,287,38,0,141
EVT000624,2026-08-15 04:49:01.735196,Malware,Oceania,Laptop,1,612,75,0,466
EVT000625,2026-08-15 04:57:01.735196,Malware,South America,Desktop,1,391,54,0,308
EVT000626,2026-08-15 05:05:01.735196,Unauthorized Access,North America,Server,4,658,63,0,430
EVT000627,2026-08-15 05:13:01.735196,DDoS,North America,Desktop,3,743,34,0,212
EVT000628,2026-08-15 05:21:01.735196,Phishing,Oceania,Router,4,352,5,0,355
EVT000629,2026-08-15 05:29:01.735196,DDoS,South America,Router,3,697,23,0,104
EVT000630,2026-08-15 05:37:01.735196,Brute Force,Oceania,Firewall,1,132,78,0,127
EVT000631,2026-08-15 05:45:01.735196,Ransomware,North America,Laptop,3,640,37,0,126
EVT000632,2026-08-15 05:53:01.735196,DDoS,Africa,Laptop,3,358,11,0,245
EVT000633,2026-08-15 06:01:01.735196,Phishing,North America,Server,4,990,86,0,107
EVT000634,2026-08-15 06:09:01.735196,DDoS,Oceania,Firewall,6,243,99,0,421
EVT000635,2026-08-15 06:17:01.735196,DDoS,Europe,Laptop,1,532,13,0,159
EVT000636,2026-08-15 06:25:01.735196,Phishing,Asia,Laptop,1,653,57,0,339
EVT000637,2026-08-15 06:33:01.735196,Brute Force,North America,Server,3,486,87,0,38
EVT000638,2026-08-15 06:41:01.735196,DDoS,Africa,Server,1,722,42,0,156
EVT000639,2026-08-15 06:49:01.735196,Malware,North America,Firewall,2,274,8,0,460
EVT000640,2026-08-15 06:57:01.735196,Unauthorized Access,Oceania,Server,107,12500,626,1,714
EVT000641,2026-08-15 07:05:01.735196,Malware,South America,Router,5,307,76,0,482
EVT000642,2026-08-15 07:13:01.735196,Phishing,North America,Laptop,6,233,73,0,27
EVT000643,2026-08-15 07:21:01.735196,Ransomware,Europe,Firewall,2,414,64,0,101
EVT000644,2026-08-15 07:29:01.735196,Unauthorized Access,Oceania,Desktop,4,580,72,0,491
EVT000645,2026-08-15 07:37:01.735196,Phishing,Oceania,Firewall,0,617,84,1,496
EVT000646,2026-08-15 07:45:01.735196,Ransomware,Asia,Server,2,217,86,0,75
EVT000647,2026-08-15 07:53:01.735196,Unauthorized Access,Oceania,Laptop,2,687,81,0,258
EVT000648,2026-08-15 08:01:01.735196,DDoS,Africa,Router,6,804,55,0,223
EVT000649,2026-08-15 08:09:01.735196,Ransomware,Oceania,Router,62,7962,839,1,1590
EVT000650,2026-08-15 08:17:01.735196,Ransomware,Oceania,Router,1,136,30,0,136
EVT000651,2026-08-15 08:25:01.735196,Ransomware,South America,Laptop,3,409,26,0,428
EVT000652,2026-08-15 08:33:01.735196,DDoS,Europe,Laptop,2,313,89,0,94
EVT000653,2026-08-15 08:41:01.735196,Brute Force,Europe,Router,3,974,27,0,86
EVT000654,2026-08-15 08:49:01.735196,Unauthorized Access,South America,Router,3,958,49,0,97
EVT000655,2026-08-15 08:57:01.735196,Phishing,South America,Laptop,1,781,11,0,349
EVT000656,2026-08-15 09:05:01.735196,Ransomware,Oceania,Server,4,395,49,0,352
EVT000657,2026-08-15 09:13:01.735196,Ransomware,North America,Firewall,2,127,45,0,67
EVT000658,2026-08-15 09:21:01.735196,Phishing,North America,Desktop,0,233,79,0,47
EVT000659,2026-08-15 09:29:01.735196,Unauthorized Access,Africa,Server,1,933,44,0,382
EVT000660,2026-08-15 09:37:01.735196,Phishing,Africa,Firewall,1,245,68,0,390
EVT000661,2026-08-15 09:45:01.735196,Phishing,Asia,Desktop,1,100,29,0,135
EVT000662,2026-08-15 09:53:01.735196,Malware,Europe,Laptop,7,580,38,0,369
EVT000663,2026-08-15 10:01:01.735196,Malware,Oceania,Router,2,745,25,0,361
EVT000664,2026-08-15 10:09:01.735196,Brute Force,Africa,Laptop,5,699,77,0,13
EVT000665,2026-08-15 10:17:01.735196,Phishing,Africa,Desktop,4,710,56,0,270
EVT000666,2026-08-15 10:25:01.735196,DDoS,South America,Firewall,6,107,71,0,375
EVT000667,2026-08-15 10:33:01.735196,Ransomware,Asia,Desktop,1,366,46,0,385
EVT000668,2026-08-15 10:41:01.735196,DDoS,South America,Server,3,298,6,0,69
EVT000669,2026-08-15 10:49:01.735196,Brute Force,South America,Desktop,4,278,73,0,98
EVT000670,2026-08-15 10:57:01.735196,Ransomware,Asia,Router,2,592,6,1,131
EVT000671,2026-08-15 11:05:01.735196,Phishing,Oceania,Laptop,98,10074,766,1,1593
EVT000672,2026-08-15 11:13:01.735196,Unauthorized Access,Africa,Firewall,131,10731,818,1,1166
EVT000673,2026-08-15 11:21:01.735196,Ransomware,Europe,Laptop,4,691,87,0,200
EVT000674,2026-08-15 11:29:01.735196,DDoS,Africa,Laptop,5,233,33,0,448
EVT000675,2026-08-15 11:37:01.735196,Brute Force,Oceania,Desktop,3,581,32,0,175
EVT000676,2026-08-15 11:45:01.735196,DDoS,Oceania,Router,0,701,52,0,193
EVT000677,2026-08-15 11:53:01.735196,Brute Force,Asia,Laptop,4,426,13,1,166
EVT000678,2026-08-15 12:01:01.735196,Unauthorized Access,South America,Laptop,4,715,11,0,228
EVT000679,2026-08-15 12:09:01.735196,Unauthorized Access,Oceania,Server,1,186,45,0,307
EVT000680,2026-08-15 12:17:01.735196,Malware,Oceania,Server,3,482,85,0,398
EVT000681,2026-08-15 12:25:01.735196,DDoS,Europe,Laptop,7,991,28,0,347
EVT000682,2026-08-15 12:33:01.735196,Phishing,North America,Laptop,2,681,31,0,301
EVT000683,2026-08-15 12:41:01.735196,Ransomware,North America,Firewall,4,587,65,0,231
EVT000684,2026-08-15 12:49:01.735196,Unauthorized Access,South America,Router,2,178,82,0,107
EVT000685,2026-08-15 12:57:01.735196,Unauthorized Access,Africa,Router,120,9435,896,1,1456
EVT000686,2026-08-15 13:05:01.735196,Unauthorized Access,Oceania,Desktop,127,14053,689,1,1292
EVT000687,2026-08-15 13:13:01.735196,Ransomware,North America,Firewall,4,587,77,0,194
EVT000688,2026-08-15 13:21:01.735196,Brute Force,South America,Laptop,2,825,26,0,166
EVT000689,2026-08-15 13:29:01.735196,Malware,Africa,Laptop,1,629,75,0,106
EVT000690,2026-08-15 13:37:01.735196,Unauthorized Access,Africa,Desktop,3,158,36,0,115
EVT000691,2026-08-15 13:45:01.735196,Ransomware,South America,Server,1,681,66,0,96
EVT000692,2026-08-15 13:53:01.735196,DDoS,South America,Firewall,3,793,81,0,180
EVT000693,2026-08-15 14:01:01.735196,Brute Force,Europe,Desktop,4,861,62,0,80
EVT000694,2026-08-15 14:09:01.735196,Malware,Oceania,Server,4,593,53,0,372
EVT000695,2026-08-15 14:17:01.735196,DDoS,South America,Firewall,3,397,55,0,207
EVT000696,2026-08-15 14:25:01.735196,Brute Force,North America,Laptop,2,164,58,0,33
EVT000697,2026-08-15 14:33:01.735196,DDoS,Oceania,Desktop,2,796,59,0,71
EVT000698,2026-08-15 14:41:01.735196,Malware,Africa,Server,4,709,69,1,121
EVT000699,2026-08-15 14:49:01.735196,Brute Force,Africa,Router,7,668,48,0,123
EVT000700,2026-08-15 14:57:01.735196,Malware,Oceania,Desktop,3,278,5,0,446
EVT000701,2026-08-15 15:05:01.735196,Unauthorized Access,Oceania,Server,2,637,84,0,109
EVT000702,2026-08-15 15:13:01.735196,Ransomware,North America,Laptop,5,946,38,0,461
EVT000703,2026-08-15 15:21:01.735196,Brute Force,South America,Server,4,180,16,0,297
EVT000704,2026-08-15 15:29:01.735196,Unauthorized Access,Europe,Firewall,2,157,74,0,399
EVT000705,2026-08-15 15:37:01.735196,DDoS,Oceania,Firewall,1,509,81,1,53
EVT000706,2026-08-15 15:45:01.735196,Brute Force,Europe,Server,4,168,65,0,387
EVT000707,2026-08-15 15:53:01.735196,Ransomware,North America,Server,2,433,33,0,88
EVT000708,2026-08-15 16:01:01.735196,Malware,Asia,Firewall,6,142,11,0,70
EVT000709,2026-08-15 16:09:01.735196,Unauthorized Access,South America,Desktop,3,325,34,0,135
EVT000710,2026-08-15 16:17:01.735196,Ransomware,South America,Router,44,5666,583,1,886
EVT000711,2026-08-15 16:25:01.735196,Unauthorized Access,South America,Router,2,298,17,0,224
EVT000712,2026-08-15 16:33:01.735196,Unauthorized Access,Oceania,Router,1,814,78,0,185
EVT000713,2026-08-15 16:41:01.735196,Unauthorized Access,Asia,Laptop,2,523,21,0,322
EVT000714,2026-08-15 16:49:01.735196,Malware,Asia,Laptop,0,988,66,0,333
EVT000715,2026-08-15 16:57:01.735196,Brute Force,Europe,Router,3,814,89,0,192
EVT000716,2026-08-15 17:05:01.735196,Malware,North America,Server,1,373,46,0,110
EVT000717,2026-08-15 17:13:01.735196,DDoS,Asia,Desktop,3,231,86,0,385
EVT000718,2026-08-15 17:21:01.735196,Malware,Europe,Router,2,178,31,0,494
EVT000719,2026-08-15 17:29:01.735196,Unauthorized Access,Africa,Router,2,253,30,0,442
EVT000720,2026-08-15 17:37:01.735196,Malware,Asia,Firewall,4,687,53,0,140
EVT000721,2026-08-15 17:45:01.735196,Unauthorized Access,Asia,Router,6,507,65,0,138
EVT000722,2026-08-15 17:53:01.735196,DDoS,South America,Server,132,11031,447,1,1794
EVT000723,2026-08-15 18:01:01.735196,Unauthorized Access,Europe,Firewall,3,637,49,0,460
EVT000724,2026-08-15 18:09:01.735196,Brute Force,South America,Laptop,7,827,30,0,313
EVT000725,2026-08-15 18:17:01.735196,Ransomware,Asia,Router,0,677,77,0,214
EVT000726,2026-08-15 18:25:01.735196,Phishing,South America,Desktop,3,798,50,0,277
EVT000727,2026-08-15 18:33:01.735196,DDoS,North America,Desktop,5,291,26,0,189
EVT000728,2026-08-15 18:41:01.735196,Phishing,Oceania,Router,5,254,57,0,313
EVT000729,2026-08-15 18:49:01.735196,Phishing,South America,Server,4,792,41,0,396
EVT000730,2026-08-15 18:57:01.735196,Malware,South America,Desktop,1,504,76,0,276
EVT000731,2026-08-15 19:05:01.735196,DDoS,Asia,Router,4,877,16,0,128
EVT000732,2026-08-15 19:13:01.735196,Brute Force,Africa,Laptop,1,733,21,0,455
EVT000733,2026-08-15 19:21:01.735196,Unauthorized Access,Oceania,Laptop,2,496,89,0,141
EVT000734,2026-08-15 19:29:01.735196,Phishing,South America,Desktop,2,429,10,0,316
EVT000735,2026-08-15 19:37:01.735196,Brute Force,Oceania,Router,1,751,77,0,259
EVT000736,2026-08-15 19:45:01.735196,Phishing,Asia,Router,2,311,12,0,371
EVT000737,2026-08-15 19:53:01.735196,DDoS,Asia,Server,3,760,54,0,29
EVT000738,2026-08-15 20:01:01.735196,Phishing,Africa,Firewall,4,655,90,0,384
EVT000739,2026-08-15 20:09:01.735196,Unauthorized Access,North America,Router,0,489,21,0,303
EVT000740,2026-08-15 20:17:01.735196,Phishing,South America,Desktop,1,811,25,0,350
EVT000741,2026-08-15 20:25:01.735196,Malware,South America,Router,3,831,61,0,469
EVT000742,2026-08-15 20:33:01.735196,Ransomware,Europe,Desktop,1,209,56,0,243
EVT000743,2026-08-15 20:41:01.735196,Brute Force,South America,Router,2,279,91,0,73
EVT000744,2026-08-15 20:49:01.735196,Unauthorized Access,South America,Firewall,3,328,88,0,379
EVT000745,2026-08-15 20:57:01.735196,Unauthorized Access,Oceania,Router,3,641,48,0,352
EVT000746,2026-08-15 21:05:01.735196,Ransomware,Oceania,Firewall,7,840,98,0,288
EVT000747,2026-08-15 21:13:01.735196,Malware,North America,Laptop,1,239,28,0,401
EVT000748,2026-08-15 21:21:01.735196,Ransomware,Europe,Firewall,2,281,17,0,268
EVT000749,2026-08-15 21:29:01.735196,Brute Force,Oceania,Router,115,10092,581,1,1685
EVT000750,2026-08-15 21:37:01.735196,Ransomware,South America,Server,2,287,77,0,494
EVT000751,2026-08-15 21:45:01.735196,Ransomware,Europe,Firewall,36,10159,715,1,954
EVT000752,2026-08-15 21:53:01.735196,Unauthorized Access,Africa,Firewall,2,999,15,0,454
EVT000753,2026-08-15 22:01:01.735196,Ransomware,South America,Router,0,320,89,0,246
EVT000754,2026-08-15 22:09:01.735196,Unauthorized Access,Oceania,Firewall,4,354,72,0,168
EVT000755,2026-08-15 22:17:01.735196,Malware,South America,Server,0,508,48,0,366
EVT000756,2026-08-15 22:25:01.735196,Malware,North America,Laptop,1,620,16,0,253
EVT000757,2026-08-15 22:33:01.735196,Ransomware,South America,Laptop,2,977,81,0,374
EVT000758,2026-08-15 22:41:01.735196,Ransomware,South America,Server,4,667,76,0,316
EVT000759,2026-08-15 22:49:01.735196,Brute Force,South America,Desktop,3,694,58,0,405
EVT000760,2026-08-15 22:57:01.735196,Malware,Oceania,Server,2,903,29,0,107
EVT000761,2026-08-15 23:05:01.735196,Ransomware,Oceania,Server,74,13625,506,1,1751
EVT000762,2026-08-15 23:13:01.735196,Phishing,Oceania,Laptop,1,168,5,0,227
EVT000763,2026-08-15 23:21:01.735196,Unauthorized Access,Europe,Desktop,4,189,53,0,416
EVT000764,2026-08-15 23:29:01.735196,DDoS,Europe,Router,4,571,99,0,376
EVT000765,2026-08-15 23:37:01.735196,Phishing,Oceania,Router,8,577,34,1,223
EVT000766,2026-08-15 23:45:01.735196,Brute Force,Africa,Laptop,4,568,60,0,53
EVT000767,2026-08-15 23:53:01.735196,DDoS,South America,Server,3,767,20,0,472
EVT000768,2026-08-16 00:01:01.735196,Phishing,Asia,Server,4,519,88,0,374
EVT000769,2026-08-16 00:09:01.735196,Unauthorized Access,Europe,Desktop,1,216,72,0,203
EVT000770,2026-08-16 00:17:01.735196,DDoS,North America,Desktop,3,552,14,0,484
EVT000771,2026-08-16 00:25:01.735196,DDoS,Africa,Desktop,1,491,69,0,240
EVT000772,2026-08-16 00:33:01.735196,Unauthorized Access,South America,Firewall,2,244,73,0,71
EVT000773,2026-08-16 00:41:01.735196,Ransomware,South America,Firewall,3,583,54,0,343
EVT000774,2026-08-16 00:49:01.735196,Brute Force,Oceania,Desktop,5,924,5,0,228
EVT000775,2026-08-16 00:57:01.735196,Unauthorized Access,North America,Laptop,5,255,9,0,27
EVT000776,2026-08-16 01:05:01.735196,Phishing,Asia,Server,6,651,71,0,246
EVT000777,2026-08-16 01:13:01.735196,Brute Force,Europe,Firewall,2,208,89,0,377
EVT000778,2026-08-16 01:21:01.735196,Unauthorized Access,Europe,Firewall,4,421,23,0,400
EVT000779,2026-08-16 01:29:01.735196,Phishing,South America,Firewall,4,357,67,0,28
EVT000780,2026-08-16 01:37:01.735196,Brute Force,Europe,Firewall,5,528,8,1,206
EVT000781,2026-08-16 01:45:01.735196,Ransomware,Europe,Laptop,1,384,77,0,161
EVT000782,2026-08-16 01:53:01.735196,DDoS,Africa,Server,6,308,5,0,261
EVT000783,2026-08-16 02:01:01.735196,Malware,South America,Laptop,1,799,39,0,220
EVT000784,2026-08-16 02:09:01.735196,DDoS,Africa,Firewall,2,208,5,0,388
EVT000785,2026-08-16 02:17:01.735196,DDoS,Oceania,Router,0,202,90,0,439
EVT000786,2026-08-16 02:25:01.735196,DDoS,South America,Laptop,2,181,48,0,488
EVT000787,2026-08-16 02:33:01.735196,Malware,Europe,Desktop,2,137,63,0,210
EVT000788,2026-08-16 02:41:01.735196,Phishing,Africa,Desktop,57,12371,493,1,934
EVT000789,2026-08-16 02:49:01.735196,DDoS,Africa,Router,1,915,24,0,320
EVT000790,2026-08-16 02:57:01.735196,Malware,Africa,Server,0,187,93,0,194
EVT000791,2026-08-16 03:05:01.735196,Unauthorized Access,Asia,Firewall,0,717,9,0,307
EVT000792,2026-08-16 03:13:01.735196,Malware,Oceania,Router,4,221,21,0,327
EVT000793,2026-08-16 03:21:01.735196,DDoS,North America,Laptop,0,351,38,0,495
EVT000794,2026-08-16 03:29:01.735196,Malware,South America,Desktop,5,515,71,0,351
EVT000795,2026-08-16 03:37:01.735196,Malware,South America,Server,2,787,21,0,385
EVT000796,2026-08-16 03:45:01.735196,Phishing,Europe,Firewall,3,822,73,0,402
EVT000797,2026-08-16 03:53:01.735196,Brute Force,Africa,Router,2,615,28,1,268
EVT000798,2026-08-16 04:01:01.735196,Phishing,Europe,Laptop,3,155,93,0,333
EVT000799,2026-08-16 04:09:01.735196,Unauthorized Access,Asia,Firewall,1,361,21,0,250
EVT000800,2026-08-16 04:17:01.735196,Unauthorized Access,Europe,Desktop,1,860,81,0,317
EVT000801,2026-08-16 04:25:01.735196,Ransomware,Asia,Firewall,3,934,64,0,225
EVT000802,2026-08-16 04:33:01.735196,Unauthorized Access,Oceania,Server,2,924,57,0,22
EVT000803,2026-08-16 04:41:01.735196,DDoS,North America,Desktop,4,358,9,0,391
EVT000804,2026-08-16 04:49:01.735196,Phishing,Oceania,Laptop,4,686,75,0,79
EVT000805,2026-08-16 04:57:01.735196,Brute Force,Asia,Laptop,2,563,29,0,48
EVT000806,2026-08-16 05:05:01.735196,Brute Force,South America,Router,4,741,90,0,344
EVT000807,2026-08-16 05:13:01.735196,Brute Force,Asia,Router,5,885,42,0,302
EVT000808,2026-08-16 05:21:01.735196,Malware,Oceania,Server,3,787,48,0,234
EVT000809,2026-08-16 05:29:01.735196,Brute Force,Asia,Desktop,2,613,98,0,473
EVT000810,2026-08-16 05:37:01.735196,DDoS,Asia,Firewall,4,958,98,0,420
EVT000811,2026-08-16 05:45:01.735196,Brute Force,North America,Router,44,5223,453,1,1259
EVT000812,2026-08-16 05:53:01.735196,Brute Force,Asia,Server,2,736,55,0,391
EVT000813,2026-08-16 06:01:01.735196,DDoS,Europe,Router,3,541,79,0,30
EVT000814,2026-08-16 06:09:01.735196,DDoS,Asia,Desktop,2,263,79,0,132
EVT000815,2026-08-16 06:17:01.735196,Ransomware,Africa,Firewall,4,585,88,0,60
EVT000816,2026-08-16 06:25:01.735196,DDoS,Asia,Server,1,608,68,0,274
EVT000817,2026-08-16 06:33:01.735196,Brute Force,South America,Server,141,13880,686,1,1669
EVT000818,2026-08-16 06:41:01.735196,Phishing,South America,Router,5,360,19,0,266
EVT000819,2026-08-16 06:49:01.735196,DDoS,Europe,Laptop,149,13399,610,1,1446
EVT000820,2026-08-16 06:57:01.735196,Ransomware,Europe,Desktop,2,797,66,0,183
EVT000821,2026-08-16 07:05:01.735196,Ransomware,Asia,Server,4,299,67,0,257
EVT000822,2026-08-16 07:13:01.735196,Brute Force,Europe,Server,0,157,50,0,258
EVT000823,2026-08-16 07:21:01.735196,Ransomware,Oceania,Laptop,6,648,90,0,434
EVT000824,2026-08-16 07:29:01.735196,Malware,Oceania,Server,1,511,52,0,23
EVT000825,2026-08-16 07:37:01.735196,DDoS,North America,Laptop,71,14257,975,1,1572
EVT000826,2026-08-16 07:45:01.735196,Unauthorized Access,Oceania,Router,1,636,77,0,138
EVT000827,2026-08-16 07:53:01.735196,Brute Force,Asia,Server,87,5564,877,1,1525
EVT000828,2026-08-16 08:01:01.735196,DDoS,Oceania,Laptop,2,904,24,0,377
EVT000829,2026-08-16 08:09:01.735196,Phishing,South America,Server,1,862,5,0,246
EVT000830,2026-08-16 08:17:01.735196,Malware,North America,Desktop,3,591,49,0,458
EVT000831,2026-08-16 08:25:01.735196,Ransomware,Europe,Router,0,557,39,1,493
EVT000832,2026-08-16 08:33:01.735196,Phishing,Oceania,Laptop,3,370,15,0,227
EVT000833,2026-08-16 08:41:01.735196,Unauthorized Access,North America,Firewall,4,202,45,0,224
EVT000834,2026-08-16 08:49:01.735196,DDoS,Asia,Laptop,4,275,83,0,392
EVT000835,2026-08-16 08:57:01.735196,Phishing,South America,Firewall,4,100,64,0,121
EVT000836,2026-08-16 09:05:01.735196,Phishing,North America,Server,4,424,55,0,116
EVT000837,2026-08-16 09:13:01.735196,Malware,Africa,Router,3,791,57,0,473
EVT000838,2026-08-16 09:21:01.735196,DDoS,Asia,Laptop,5,921,94,0,345
EVT000839,2026-08-16 09:29:01.735196,Brute Force,North America,Laptop,2,660,6,0,247
EVT000840,2026-08-16 09:37:01.735196,Unauthorized Access,Oceania,Firewall,3,613,45,0,238
EVT000841,2026-08-16 09:45:01.735196,Brute Force,North America,Desktop,3,111,9,0,115
EVT000842,2026-08-16 09:53:01.735196,Unauthorized Access,Africa,Laptop,5,757,13,0,38
EVT000843,2026-08-16 10:01:01.735196,Ransomware,Oceania,Server,4,960,8,0,450
EVT000844,2026-08-16 10:09:01.735196,Phishing,South America,Router,5,201,49,0,451
EVT000845,2026-08-16 10:17:01.735196,DDoS,Oceania,Firewall,3,807,82,0,61
EVT000846,2026-08-16 10:25:01.735196,Malware,Asia,Desktop,3,656,13,0,298
EVT000847,2026-08-16 10:33:01.735196,Unauthorized Access,South America,Desktop,1,303,33,0,194
EVT000848,2026-08-16 10:41:01.735196,Phishing,South America,Server,1,485,66,0,77
EVT000849,2026-08-16 10:49:01.735196,Malware,North America,Desktop,137,10073,921,1,757
EVT000850,2026-08-16 10:57:01.735196,Malware,South America,Firewall,1,923,47,0,171
EVT000851,2026-08-16 11:05:01.735196,Brute Force,Africa,Router,1,553,59,0,12
EVT000852,2026-08-16 11:13:01.735196,DDoS,North America,Firewall,6,549,15,0,483
EVT000853,2026-08-16 11:21:01.735196,Phishing,Asia,Server,2,655,26,0,487
EVT000854,2026-08-16 11:29:01.735196,Unauthorized Access,Europe,Laptop,3,924,77,0,497
EVT000855,2026-08-16 11:37:01.735196,DDoS,Africa,Server,3,826,31,0,35
EVT000856,2026-08-16 11:45:01.735196,DDoS,Oceania,Laptop,2,512,43,0,298
EVT000857,2026-08-16 11:53:01.735196,Malware,South America,Server,4,623,76,0,229
EVT000858,2026-08-16 12:01:01.735196,Unauthorized Access,North America,Desktop,1,232,26,0,421
EVT000859,2026-08-16 12:09:01.735196,Brute Force,Oceania,Laptop,3,897,30,0,48
EVT000860,2026-08-16 12:17:01.735196,Brute Force,Europe,Server,2,997,10,0,175
EVT000861,2026-08-16 12:25:01.735196,Ransomware,Africa,Firewall,0,757,31,0,485
EVT000862,2026-08-16 12:33:01.735196,Brute Force,Asia,Laptop,2,169,82,0,271
EVT000863,2026-08-16 12:41:01.735196,Brute Force,Asia,Server,5,700,17,0,403
EVT000864,2026-08-16 12:49:01.735196,Malware,Asia,Router,2,997,29,0,60
EVT000865,2026-08-16 12:57:01.735196,Malware,Asia,Firewall,2,731,63,0,441
EVT000866,2026-08-16 13:05:01.735196,DDoS,South America,Firewall,6,551,73,1,101
EVT000867,2026-08-16 13:13:01.735196,DDoS,Africa,Laptop,2,229,41,0,441
EVT000868,2026-08-16 13:21:01.735196,Ransomware,North America,Firewall,6,450,46,0,217
EVT000869,2026-08-16 13:29:01.735196,Malware,Europe,Firewall,4,265,35,0,291
EVT000870,2026-08-16 13:37:01.735196,Malware,Europe,Server,38,12766,448,1,1460
EVT000871,2026-08-16 13:45:01.735196,DDoS,Europe,Laptop,2,655,32,0,136
EVT000872,2026-08-16 13:53:01.735196,Malware,Africa,Router,3,347,50,0,167
EVT000873,2026-08-16 14:01:01.735196,Phishing,South America,Desktop,2,446,70,0,170
EVT000874,2026-08-16 14:09:01.735196,Malware,Africa,Desktop,4,476,6,0,36
EVT000875,2026-08-16 14:17:01.735196,Brute Force,North America,Laptop,3,440,97,0,326
EVT000876,2026-08-16 14:25:01.735196,Unauthorized Access,North America,Router,1,485,36,0,178
EVT000877,2026-08-16 14:33:01.735196,DDoS,Asia,Desktop,2,112,23,0,418
EVT000878,2026-08-16 14:41:01.735196,Unauthorized Access,South America,Server,2,889,81,0,447
EVT000879,2026-08-16 14:49:01.735196,Ransomware,Africa,Desktop,5,311,20,0,341
EVT000880,2026-08-16 14:57:01.735196,Phishing,South America,Desktop,1,700,50,0,263
EVT000881,2026-08-16 15:05:01.735196,DDoS,Europe,Firewall,2,597,91,0,86
EVT000882,2026-08-16 15:13:01.735196,Phishing,Europe,Server,4,307,45,0,475
EVT000883,2026-08-16 15:21:01.735196,Malware,Europe,Firewall,3,627,94,0,160
EVT000884,2026-08-16 15:29:01.735196,Brute Force,North America,Desktop,2,888,21,0,474
EVT000885,2026-08-16 15:37:01.735196,Brute Force,South America,Desktop,132,10649,372,1,1628
EVT000886,2026-08-16 15:45:01.735196,Unauthorized Access,Europe,Router,9,499,94,0,231
EVT000887,2026-08-16 15:53:01.735196,Malware,Europe,Desktop,1,371,20,0,21
EVT000888,2026-08-16 16:01:01.735196,Phishing,Africa,Router,3,387,45,0,292
EVT000889,2026-08-16 16:09:01.735196,Ransomware,South America,Server,3,358,88,0,490
EVT000890,2026-08-16 16:17:01.735196,Unauthorized Access,Europe,Router,7,866,35,0,488
EVT000891,2026-08-16 16:25:01.735196,Unauthorized Access,North America,Router,2,519,62,0,118
EVT000892,2026-08-16 16:33:01.735196,Phishing,Europe,Desktop,3,977,22,0,146
EVT000893,2026-08-16 16:41:01.735196,Ransomware,South America,Desktop,4,152,96,0,456
EVT000894,2026-08-16 16:49:01.735196,Ransomware,Europe,Server,4,626,35,0,174
EVT000895,2026-08-16 16:57:01.735196,Phishing,Africa,Server,2,229,88,0,397
EVT000896,2026-08-16 17:05:01.735196,Phishing,South America,Router,3,603,70,0,422
EVT000897,2026-08-16 17:13:01.735196,Malware,Africa,Desktop,2,217,78,0,492
EVT000898,2026-08-16 17:21:01.735196,Phishing,South America,Desktop,2,177,60,0,304
EVT000899,2026-08-16 17:29:01.735196,Malware,North America,Laptop,4,471,54,0,78
EVT000900,2026-08-16 17:37:01.735196,Ransomware,Oceania,Firewall,4,757,76,0,346
EVT000901,2026-08-16 17:45:01.735196,Ransomware,Europe,Server,58,6872,779,1,1346
EVT000902,2026-08-16 17:53:01.735196,Ransomware,South America,Firewall,1,257,85,0,335
EVT000903,2026-08-16 18:01:01.735196,Ransomware,Asia,Laptop,131,6313,979,1,1770
EVT000904,2026-08-16 18:09:01.735196,DDoS,South America,Firewall,105,10432,662,1,1367
EVT000905,2026-08-16 18:17:01.735196,Phishing,North America,Router,1,773,15,0,172
EVT000906,2026-08-16 18:25:01.735196,Phishing,North America,Server,7,999,95,0,490
EVT000907,2026-08-16 18:33:01.735196,Phishing,Europe,Laptop,2,786,30,0,235
EVT000908,2026-08-16 18:41:01.735196,Ransomware,Oceania,Server,3,610,82,0,495
EVT000909,2026-08-16 18:49:01.735196,Ransomware,North America,Server,6,349,24,0,389
EVT000910,2026-08-16 18:57:01.735196,Phishing,Oceania,Router,4,973,23,0,313
EVT000911,2026-08-16 19:05:01.735196,Malware,Asia,Server,2,892,82,0,412
EVT000912,2026-08-16 19:13:01.735196,DDoS,North America,Laptop,140,10024,693,1,1038
EVT000913,2026-08-16 19:21:01.735196,DDoS,Oceania,Router,6,320,98,0,376
EVT000914,2026-08-16 19:29:01.735196,DDoS,Oceania,Router,1,837,59,0,255
EVT000915,2026-08-16 19:37:01.735196,Phishing,Europe,Desktop,3,579,31,0,298
EVT000916,2026-08-16 19:45:01.735196,Phishing,North America,Firewall,2,875,61,0,146
EVT000917,2026-08-16 19:53:01.735196,Phishing,Oceania,Desktop,3,695,29,0,199
EVT000918,2026-08-16 20:01:01.735196,Unauthorized Access,South America,Server,2,750,52,0,244
EVT000919,2026-08-16 20:09:01.735196,DDoS,Europe,Router,3,447,44,0,88
EVT000920,2026-08-16 20:17:01.735196,Unauthorized Access,Europe,Firewall,4,108,37,0,486
EVT000921,2026-08-16 20:25:01.735196,DDoS,Oceania,Desktop,2,873,17,0,322
EVT000922,2026-08-16 20:33:01.735196,DDoS,Asia,Firewall,3,111,14,0,186
EVT000923,2026-08-16 20:41:01.735196,DDoS,Asia,Laptop,3,817,60,0,65
EVT000924,2026-08-16 20:49:01.735196,Unauthorized Access,Europe,Server,97,8718,321,1,1542
EVT000925,2026-08-16 20:57:01.735196,Ransomware,North America,Router,3,106,59,0,71
EVT000926,2026-08-16 21:05:01.735196,Unauthorized Access,Europe,Laptop,5,763,48,0,150
EVT000927,2026-08-16 21:13:01.735196,Brute Force,Europe,Desktop,4,644,24,0,366
EVT000928,2026-08-16 21:21:01.735196,Brute Force,North America,Laptop,4,184,35,0,387
EVT000929,2026-08-16 21:29:01.735196,DDoS,Asia,Laptop,3,198,51,0,431
EVT000930,2026-08-16 21:37:01.735196,Unauthorized Access,Asia,Desktop,4,491,85,0,298
EVT000931,2026-08-16 21:45:01.735196,Malware,Oceania,Desktop,4,506,68,0,486
EVT000932,2026-08-16 21:53:01.735196,Unauthorized Access,Europe,Firewall,4,649,57,0,109
EVT000933,2026-08-16 22:01:01.735196,DDoS,Africa,Desktop,0,911,64,0,410
EVT000934,2026-08-16 22:09:01.735196,Malware,North America,Server,1,787,16,0,112
EVT000935,2026-08-16 22:17:01.735196,Phishing,North America,Firewall,4,329,58,0,462
EVT000936,2026-08-16 22:25:01.735196,Ransomware,Africa,Laptop,7,703,74,0,142
EVT000937,2026-08-16 22:33:01.735196,Ransomware,Oceania,Laptop,5,887,55,0,302
EVT000938,2026-08-16 22:41:01.735196,Ransomware,North America,Server,3,153,48,0,464
EVT000939,2026-08-16 22:49:01.735196,Brute Force,Europe,Server,1,122,50,0,127
EVT000940,2026-08-16 22:57:01.735196,Ransomware,North America,Desktop,2,517,48,0,167
EVT000941,2026-08-16 23:05:01.735196,Brute Force,South America,Firewall,3,207,95,0,324
EVT000942,2026-08-16 23:13:01.735196,Ransomware,Asia,Laptop,5,786,38,0,154
EVT000943,2026-08-16 23:21:01.735196,Brute Force,South America,Router,2,886,71,0,329
EVT000944,2026-08-16 23:29:01.735196,Phishing,Oceania,Firewall,0,361,20,0,411
EVT000945,2026-08-16 23:37:01.735196,Unauthorized Access,Asia,Laptop,3,848,14,0,320
EVT000946,2026-08-16 23:45:01.735196,Phishing,South America,Desktop,2,635,59,0,136
EVT000947,2026-08-16 23:53:01.735196,Ransomware,Europe,Laptop,5,134,67,0,229
EVT000948,2026-08-17 00:01:01.735196,Brute Force,Africa,Router,3,179,16,0,340
EVT000949,2026-08-17 00:09:01.735196,Unauthorized Access,North America,Laptop,5,970,72,0,203
EVT000950,2026-08-17 00:17:01.735196,Unauthorized Access,Europe,Firewall,5,176,70,0,212
EVT000951,2026-08-17 00:25:01.735196,DDoS,Europe,Desktop,1,682,87,0,166
EVT000952,2026-08-17 00:33:01.735196,Phishing,Asia,Desktop,1,423,62,1,322
EVT000953,2026-08-17 00:41:01.735196,Malware,Oceania,Desktop,3,226,69,0,27
EVT000954,2026-08-17 00:49:01.735196,Ransomware,Europe,Laptop,4,806,86,0,296
EVT000955,2026-08-17 00:57:01.735196,Ransomware,Asia,Server,1,704,40,1,318
EVT000956,2026-08-17 01:05:01.735196,Malware,South America,Router,4,105,25,0,494
EVT000957,2026-08-17 01:13:01.735196,Phishing,South America,Router,4,948,25,1,247
EVT000958,2026-08-17 01:21:01.735196,Ransomware,Africa,Router,4,452,70,0,133
EVT000959,2026-08-17 01:29:01.735196,DDoS,Africa,Laptop,4,688,31,0,343
EVT000960,2026-08-17 01:37:01.735196,Malware,North America,Desktop,4,561,16,0,486
EVT000961,2026-08-17 01:45:01.735196,Ransomware,North America,Server,99,9311,854,1,1586
EVT000962,2026-08-17 01:53:01.735196,DDoS,Europe,Server,3,489,54,0,97
EVT000963,2026-08-17 02:01:01.735196,Malware,Asia,Firewall,3,969,74,0,115
EVT000964,2026-08-17 02:09:01.735196,DDoS,Oceania,Server,3,367,46,0,464
EVT000965,2026-08-17 02:17:01.735196,Brute Force,Europe,Firewall,2,245,45,0,161
EVT000966,2026-08-17 02:25:01.735196,Phishing,North America,Server,3,485,19,0,424
EVT000967,2026-08-17 02:33:01.735196,Phishing,South America,Firewall,2,720,96,0,312
EVT000968,2026-08-17 02:41:01.735196,Brute Force,Africa,Desktop,3,716,92,0,93
EVT000969,2026-08-17 02:49:01.735196,Ransomware,Europe,Server,2,909,9,0,299
EVT000970,2026-08-17 02:57:01.735196,Unauthorized Access,Africa,Router,30,6309,681,1,1564
EVT000971,2026-08-17 03:05:01.735196,Ransomware,North America,Router,2,962,59,0,289
EVT000972,2026-08-17 03:13:01.735196,Brute Force,Oceania,Firewall,2,521,69,0,444
EVT000973,2026-08-17 03:21:01.735196,Malware,North America,Laptop,0,640,41,0,63
EVT000974,2026-08-17 03:29:01.735196,Ransomware,North America,Router,3,286,18,0,51
EVT000975,2026-08-17 03:37:01.735196,Ransomware,South America,Router,6,769,75,0,402
EVT000976,2026-08-17 03:45:01.735196,Brute Force,Asia,Server,4,991,44,0,402
EVT000977,2026-08-17 03:53:01.735196,DDoS,Europe,Desktop,4,822,52,0,16
EVT000978,2026-08-17 04:01:01.735196,Ransomware,Europe,Router,5,291,94,0,337
EVT000979,2026-08-17 04:09:01.735196,DDoS,South America,Desktop,66,7691,888,1,1464
EVT000980,2026-08-17 04:17:01.735196,Ransomware,Africa,Server,2,566,77,0,496
EVT000981,2026-08-17 04:25:01.735196,Brute Force,Oceania,Server,3,882,61,0,415
EVT000982,2026-08-17 04:33:01.735196,Ransomware,Africa,Router,4,986,38,1,69
EVT000983,2026-08-17 04:41:01.735196,Unauthorized Access,Europe,Firewall,1,799,74,0,491
EVT000984,2026-08-17 04:49:01.735196,DDoS,Africa,Router,5,659,89,0,455
EVT000985,2026-08-17 04:57:01.735196,Brute Force,South America,Firewall,1,918,46,0,136
EVT000986,2026-08-17 05:05:01.735196,DDoS,Asia,Server,2,906,25,0,397
EVT000987,2026-08-17 05:13:01.735196,Brute Force,North America,Firewall,5,842,65,0,349
EVT000988,2026-08-17 05:21:01.735196,Unauthorized Access,Africa,Firewall,3,834,27,0,116
EVT000989,2026-08-17 05:29:01.735196,DDoS,Europe,Laptop,1,750,32,0,108
EVT000990,2026-08-17 05:37:01.735196,Phishing,Europe,Server,6,809,34,0,468
EVT000991,2026-08-17 05:45:01.735196,Brute Force,South America,Laptop,2,231,58,0,396
EVT000992,2026-08-17 05:53:01.735196,Brute Force,Europe,Firewall,5,229,98,0,115
EVT000993,2026-08-17 06:01:01.735196,Brute Force,North America,Server,2,405,17,0,437
EVT000994,2026-08-17 06:09:01.735196,DDoS,Africa,Desktop,3,478,15,0,285
EVT000995,2026-08-17 06:17:01.735196,Unauthorized Access,South America,Server,5,770,46,0,454
EVT000996,2026-08-17 06:25:01.735196,Unauthorized Access,Africa,Firewall,1,701,21,0,188
EVT000997,2026-08-17 06:33:01.735196,Malware,South America,Laptop,0,930,97,0,423
EVT000998,2026-08-17 06:41:01.735196,Unauthorized Access,Africa,Server,4,258,30,0,493
EVT000999,2026-08-17 06:49:01.735196,Unauthorized Access,North America,Desktop,2,243,77,1,428
EVT001000,2026-08-17 06:57:01.735196,Ransomware,South America,Desktop,3,926,45,0,239
EVT001001,2026-08-17 07:05:01.735196,DDoS,Africa,Firewall,2,204,69,0,448
EVT001002,2026-08-17 07:13:01.735196,Phishing,Asia,Router,2,369,42,0,410
EVT001003,2026-08-17 07:21:01.735196,Unauthorized Access,Oceania,Router,2,384,22,0,279
EVT001004,2026-08-17 07:29:01.735196,Ransomware,Oceania,Laptop,48,7759,435,1,922
EVT001005,2026-08-17 07:37:01.735196,DDoS,Asia,Desktop,66,11111,438,1,1999
EVT001006,2026-08-17 07:45:01.735196,Ransomware,Asia,Desktop,131,10166,393,1,1639
EVT001007,2026-08-17 07:53:01.735196,Brute Force,Oceania,Server,5,615,80,0,313
EVT001008,2026-08-17 08:01:01.735196,Phishing,Europe,Desktop,2,575,62,0,220
EVT001009,2026-08-17 08:09:01.735196,DDoS,Asia,Desktop,1,639,70,0,479
EVT001010,2026-08-17 08:17:01.735196,Unauthorized Access,Oceania,Server,3,242,37,0,167
EVT001011,2026-08-17 08:25:01.735196,Phishing,South America,Router,4,142,12,0,134
EVT001012,2026-08-17 08:33:01.735196,Ransomware,North America,Firewall,6,388,34,1,24
EVT001013,2026-08-17 08:41:01.735196,Malware,Asia,Firewall,6,845,50,0,439
EVT001014,2026-08-17 08:49:01.735196,Unauthorized Access,Africa,Server,5,412,87,0,29
EVT001015,2026-08-17 08:57:01.735196,Phishing,North America,Laptop,3,232,59,0,17
EVT001016,2026-08-17 09:05:01.735196,Malware,Asia,Laptop,32,10221,609,1,1194
EVT001017,2026-08-17 09:13:01.735196,DDoS,Africa,Router,4,894,79,0,80
EVT001018,2026-08-17 09:21:01.735196,Malware,Oceania,Server,4,257,24,0,338
EVT001019,2026-08-17 09:29:01.735196,DDoS,Africa,Router,2,378,89,0,22
EVT001020,2026-08-17 09:37:01.735196,DDoS,Africa,Firewall,1,151,85,0,202
EVT001021,2026-08-17 09:45:01.735196,Phishing,Asia,Server,4,399,72,0,429
EVT001022,2026-08-17 09:53:01.735196,DDoS,North America,Laptop,0,716,14,0,498
EVT001023,2026-08-17 10:01:01.735196,Phishing,Europe,Laptop,5,636,16,0,20
EVT001024,2026-08-17 10:09:01.735196,Ransomware,Oceania,Router,3,727,53,0,218
EVT001025,2026-08-17 10:17:01.735196,Brute Force,North America,Router,5,533,20,0,23
EVT001026,2026-08-17 10:25:01.735196,Brute Force,Europe,Firewall,3,271,84,0,161
EVT001027,2026-08-17 10:33:01.735196,Phishing,Asia,Firewall,3,173,91,0,485
EVT001028,2026-08-17 10:41:01.735196,Ransomware,Oceania,Desktop,0,546,97,0,393
EVT001029,2026-08-17 10:49:01.735196,DDoS,Asia,Router,3,291,36,0,278
EVT001030,2026-08-17 10:57:01.735196,DDoS,Asia,Firewall,2,699,15,0,24
EVT001031,2026-08-17 11:05:01.735196,DDoS,Africa,Server,0,510,64,0,137
EVT001032,2026-08-17 11:13:01.735196,Brute Force,Asia,Firewall,132,10872,881,1,1827
EVT001033,2026-08-17 11:21:01.735196,Unauthorized Access,Asia,Desktop,4,234,62,0,19
EVT001034,2026-08-17 11:29:01.735196,DDoS,North America,Desktop,5,919,60,0,248
EVT001035,2026-08-17 11:37:01.735196,Brute Force,Asia,Desktop,1,191,27,0,326
EVT001036,2026-08-17 11:45:01.735196,Brute Force,Oceania,Desktop,3,772,20,0,66
EVT001037,2026-08-17 11:53:01.735196,Unauthorized Access,Europe,Server,3,937,34,0,297
EVT001038,2026-08-17 12:01:01.735196,Unauthorized Access,South America,Desktop,0,846,61,0,296
EVT001039,2026-08-17 12:09:01.735196,Brute Force,North America,Router,3,931,99,0,489
EVT001040,2026-08-17 12:17:01.735196,Ransomware,South America,Router,4,899,56,0,421
EVT001041,2026-08-17 12:25:01.735196,Malware,Africa,Firewall,5,343,77,0,363
EVT001042,2026-08-17 12:33:01.735196,Ransomware,Oceania,Laptop,2,172,57,0,207
EVT001043,2026-08-17 12:41:01.735196,Brute Force,South America,Desktop,5,221,87,0,182
EVT001044,2026-08-17 12:49:01.735196,Phishing,Oceania,Firewall,4,143,65,0,205
EVT001045,2026-08-17 12:57:01.735196,Malware,South America,Laptop,3,532,74,0,108
EVT001046,2026-08-17 13:05:01.735196,Brute Force,Africa,Laptop,4,807,45,0,280
EVT001047,2026-08-17 13:13:01.735196,Ransomware,Oceania,Server,3,749,82,0,348
EVT001048,2026-08-17 13:21:01.735196,Phishing,Oceania,Desktop,1,298,87,0,259
EVT001049,2026-08-17 13:29:01.735196,Ransomware,Asia,Desktop,4,780,31,0,322
EVT001050,2026-08-17 13:37:01.735196,DDoS,North America,Router,1,146,83,0,404
EVT001051,2026-08-17 13:45:01.735196,Brute Force,Africa,Firewall,5,603,22,0,426
EVT001052,2026-08-17 13:53:01.735196,Malware,South America,Laptop,1,428,63,0,69
EVT001053,2026-08-17 14:01:01.735196,Brute Force,South America,Firewall,2,316,19,1,215
EVT001054,2026-08-17 14:09:01.735196,Malware,Europe,Laptop,3,833,95,0,216
EVT001055,2026-08-17 14:17:01.735196,Ransomware,South America,Firewall,4,494,78,0,346
EVT001056,2026-08-17 14:25:01.735196,DDoS,Europe,Desktop,1,339,25,0,148
EVT001057,2026-08-17 14:33:01.735196,Phishing,North America,Router,3,898,90,0,356
EVT001058,2026-08-17 14:41:01.735196,Phishing,Asia,Server,3,903,36,0,464
EVT001059,2026-08-17 14:49:01.735196,Ransomware,Europe,Laptop,42,5256,876,1,938
EVT001060,2026-08-17 14:57:01.735196,Phishing,South America,Server,1,560,63,0,366
EVT001061,2026-08-17 15:05:01.735196,DDoS,Oceania,Router,3,530,60,0,78
EVT001062,2026-08-17 15:13:01.735196,DDoS,South America,Server,2,356,36,0,140
EVT001063,2026-08-17 15:21:01.735196,Phishing,Oceania,Desktop,139,9515,872,1,1543
EVT001064,2026-08-17 15:29:01.735196,Ransomware,Africa,Laptop,1,654,61,0,474
EVT001065,2026-08-17 15:37:01.735196,Malware,Oceania,Laptop,40,5246,447,1,929
EVT001066,2026-08-17 15:45:01.735196,Ransomware,Asia,Laptop,3,187,92,0,213
EVT001067,2026-08-17 15:53:01.735196,Unauthorized Access,Africa,Desktop,3,638,90,0,195
EVT001068,2026-08-17 16:01:01.735196,Malware,Asia,Desktop,1,514,36,0,246
EVT001069,2026-08-17 16:09:01.735196,Unauthorized Access,Africa,Firewall,1,440,78,0,269
EVT001070,2026-08-17 16:17:01.735196,Brute Force,Europe,Desktop,4,921,21,0,423
EVT001071,2026-08-17 16:25:01.735196,DDoS,Asia,Laptop,3,894,41,0,44
EVT001072,2026-08-17 16:33:01.735196,DDoS,North America,Laptop,2,839,23,1,182
EVT001073,2026-08-17 16:41:01.735196,Phishing,Europe,Server,3,527,47,0,410
EVT001074,2026-08-17 16:49:01.735196,Phishing,North America,Desktop,3,563,20,0,115
EVT001075,2026-08-17 16:57:01.735196,Malware,South America,Desktop,2,924,85,0,204
EVT001076,2026-08-17 17:05:01.735196,Unauthorized Access,North America,Firewall,3,665,90,1,96
EVT001077,2026-08-17 17:13:01.735196,Brute Force,North America,Server,4,865,11,0,185
EVT001078,2026-08-17 17:21:01.735196,Malware,South America,Router,136,8888,861,1,1548
EVT001079,2026-08-17 17:29:01.735196,Unauthorized Access,Asia,Router,4,263,7,1,192
EVT001080,2026-08-17 17:37:01.735196,Phishing,Oceania,Server,1,410,49,0,30
EVT001081,2026-08-17 17:45:01.735196,Brute Force,North America,Firewall,4,771,14,0,472
EVT001082,2026-08-17 17:53:01.735196,Unauthorized Access,Oceania,Laptop,4,884,71,0,499
EVT001083,2026-08-17 18:01:01.735196,Malware,Africa,Firewall,3,578,63,0,140
EVT001084,2026-08-17 18:09:01.735196,Malware,North America,Router,2,199,65,0,355
EVT001085,2026-08-17 18:17:01.735196,Phishing,Asia,Firewall,1,830,37,0,396
EVT001086,2026-08-17 18:25:01.735196,Ransomware,Oceania,Router,4,381,45,0,303
EVT001087,2026-08-17 18:33:01.735196,Malware,Africa,Router,5,246,50,0,343
EVT001088,2026-08-17 18:41:01.735196,Brute Force,South America,Desktop,1,143,20,0,495
EVT001089,2026-08-17 18:49:01.735196,Malware,Oceania,Server,5,179,35,0,55
EVT001090,2026-08-17 18:57:01.735196,Unauthorized Access,Oceania,Router,3,688,7,0,61
EVT001091,2026-08-17 19:05:01.735196,Malware,Africa,Server,2,836,73,1,70
EVT001092,2026-08-17 19:13:01.735196,Malware,Asia,Laptop,2,800,27,0,411
EVT001093,2026-08-17 19:21:01.735196,Ransomware,Asia,Router,5,231,38,1,130
EVT001094,2026-08-17 19:29:01.735196,Phishing,North America,Desktop,3,665,94,0,209
EVT001095,2026-08-17 19:37:01.735196,Brute Force,Asia,Router,2,482,94,0,71
EVT001096,2026-08-17 19:45:01.735196,Malware,North America,Server,4,317,13,0,25
EVT001097,2026-08-17 19:53:01.735196,Brute Force,Oceania,Laptop,5,810,25,0,312
EVT001098,2026-08-17 20:01:01.735196,DDoS,Africa,Desktop,2,184,43,0,81
EVT001099,2026-08-17 20:09:01.735196,Malware,Asia,Desktop,2,357,23,0,499
EVT001100,2026-08-17 20:17:01.735196,DDoS,South America,Router,5,186,55,0,449
EVT001101,2026-08-17 20:25:01.735196,DDoS,Oceania,Router,4,272,8,0,483
EVT001102,2026-08-17 20:33:01.735196,Brute Force,Europe,Server,1,136,75,0,448
EVT001103,2026-08-17 20:41:01.735196,Brute Force,North America,Laptop,3,799,90,0,125
EVT001104,2026-08-17 20:49:01.735196,Unauthorized Access,South America,Firewall,3,801,72,0,134
EVT001105,2026-08-17 20:57:01.735196,Phishing,Africa,Router,5,894,21,0,310
EVT001106,2026-08-17 21:05:01.735196,Unauthorized Access,North America,Laptop,3,617,45,0,452
EVT001107,2026-08-17 21:13:01.735196,DDoS,North America,Router,6,794,44,0,187
EVT001108,2026-08-17 21:21:01.735196,Malware,Asia,Desktop,4,947,42,0,343
EVT001109,2026-08-17 21:29:01.735196,Brute Force,Africa,Firewall,130,12743,644,1,1992
EVT001110,2026-08-17 21:37:01.735196,Phishing,Oceania,Desktop,4,661,60,0,498
EVT001111,2026-08-17 21:45:01.735196,Brute Force,Oceania,Firewall,1,958,49,0,235
EVT001112,2026-08-17 21:53:01.735196,Brute Force,Oceania,Laptop,5,665,14,0,281
EVT001113,2026-08-17 22:01:01.735196,Brute Force,Oceania,Router,0,794,65,0,218
EVT001114,2026-08-17 22:09:01.735196,Unauthorized Access,Africa,Server,2,357,54,0,351
EVT001115,2026-08-17 22:17:01.735196,Phishing,Africa,Router,116,7775,810,1,768
EVT001116,2026-08-17 22:25:01.735196,Phishing,North America,Router,2,307,89,0,409
EVT001117,2026-08-17 22:33:01.735196,Ransomware,Asia,Server,3,299,47,1,429
EVT001118,2026-08-17 22:41:01.735196,Unauthorized Access,Oceania,Router,3,587,7,0,237
EVT001119,2026-08-17 22:49:01.735196,Phishing,North America,Router,2,458,86,0,325
EVT001120,2026-08-17 22:57:01.735196,Unauthorized Access,South America,Server,2,988,99,0,301
EVT001121,2026-08-17 23:05:01.735196,DDoS,Asia,Server,2,464,94,0,490
EVT001122,2026-08-17 23:13:01.735196,Brute Force,Oceania,Server,4,551,87,0,397
EVT001123,2026-08-17 23:21:01.735196,DDoS,North America,Firewall,1,108,57,0,325
EVT001124,2026-08-17 23:29:01.735196,Malware,Africa,Firewall,2,378,31,0,459
EVT001125,2026-08-17 23:37:01.735196,Unauthorized Access,Africa,Laptop,4,121,97,0,47
EVT001126,2026-08-17 23:45:01.735196,DDoS,Asia,Desktop,1,282,55,0,273
EVT001127,2026-08-17 23:53:01.735196,Phishing,South America,Desktop,3,706,74,0,99
EVT001128,2026-08-18 00:01:01.735196,Unauthorized Access,Africa,Router,2,723,48,0,483
EVT001129,2026-08-18 00:09:01.735196,Ransomware,Oceania,Router,4,288,70,0,429
EVT001130,2026-08-18 00:17:01.735196,Brute Force,Europe,Server,2,575,42,0,326
EVT001131,2026-08-18 00:25:01.735196,Brute Force,Asia,Firewall,4,787,76,0,308
EVT001132,2026-08-18 00:33:01.735196,Brute Force,North America,Server,4,540,17,0,327
EVT001133,2026-08-18 00:41:01.735196,DDoS,Europe,Router,4,813,87,0,439
EVT001134,2026-08-18 00:49:01.735196,Unauthorized Access,Europe,Laptop,3,380,48,0,49
EVT001135,2026-08-18 00:57:01.735196,DDoS,Europe,Router,4,990,23,0,42
EVT001136,2026-08-18 01:05:01.735196,Phishing,Oceania,Desktop,3,169,74,0,373
EVT001137,2026-08-18 01:13:01.735196,DDoS,North America,Firewall,2,524,81,0,334
EVT001138,2026-08-18 01:21:01.735196,DDoS,South America,Firewall,3,966,30,0,380
EVT001139,2026-08-18 01:29:01.735196,Phishing,South America,Server,1,667,35,0,389
EVT001140,2026-08-18 01:37:01.735196,Malware,Africa,Router,2,290,22,0,176
EVT001141,2026-08-18 01:45:01.735196,DDoS,Africa,Laptop,5,935,29,0,93
EVT001142,2026-08-18 01:53:01.735196,Phishing,Oceania,Laptop,3,100,7,0,71
EVT001143,2026-08-18 02:01:01.735196,Brute Force,Africa,Firewall,3,624,39,0,449
EVT001144,2026-08-18 02:09:01.735196,Unauthorized Access,South America,Router,4,775,45,0,242
EVT001145,2026-08-18 02:17:01.735196,Brute Force,Europe,Desktop,3,333,59,0,370
EVT001146,2026-08-18 02:25:01.735196,Ransomware,Asia,Router,3,795,48,0,229
EVT001147,2026-08-18 02:33:01.735196,Phishing,South America,Firewall,3,234,12,0,144
EVT001148,2026-08-18 02:41:01.735196,Brute Force,Africa,Desktop,6,343,10,0,404
EVT001149,2026-08-18 02:49:01.735196,Unauthorized Access,Asia,Firewall,1,582,35,0,428
EVT001150,2026-08-18 02:57:01.735196,Phishing,Europe,Firewall,2,979,66,0,498
EVT001151,2026-08-18 03:05:01.735196,Brute Force,Asia,Laptop,1,272,39,0,390
EVT001152,2026-08-18 03:13:01.735196,Brute Force,Europe,Firewall,4,438,59,0,136
EVT001153,2026-08-18 03:21:01.735196,Brute Force,Asia,Server,0,342,97,0,418
EVT001154,2026-08-18 03:29:01.735196,Unauthorized Access,South America,Firewall,3,238,71,0,144
EVT001155,2026-08-18 03:37:01.735196,Brute Force,Oceania,Router,0,195,77,0,352
EVT001156,2026-08-18 03:45:01.735196,Unauthorized Access,Asia,Router,2,938,16,1,383
EVT001157,2026-08-18 03:53:01.735196,Unauthorized Access,North America,Server,2,740,31,0,177
EVT001158,2026-08-18 04:01:01.735196,Malware,Oceania,Server,4,772,59,0,214
EVT001159,2026-08-18 04:09:01.735196,Phishing,Asia,Desktop,3,365,58,0,442
EVT001160,2026-08-18 04:17:01.735196,Malware,Oceania,Desktop,6,758,11,0,376
EVT001161,2026-08-18 04:25:01.735196,Unauthorized Access,North America,Desktop,2,549,99,0,487
EVT001162,2026-08-18 04:33:01.735196,Malware,Africa,Firewall,3,522,72,0,309
EVT001163,2026-08-18 04:41:01.735196,Brute Force,Oceania,Firewall,0,609,34,0,220
EVT001164,2026-08-18 04:49:01.735196,Unauthorized Access,Oceania,Desktop,5,480,53,0,306
EVT001165,2026-08-18 04:57:01.735196,Malware,South America,Router,3,190,31,0,477
EVT001166,2026-08-18 05:05:01.735196,Brute Force,Asia,Firewall,3,363,33,0,423
EVT001167,2026-08-18 05:13:01.735196,Brute Force,Asia,Laptop,2,293,7,0,205
EVT001168,2026-08-18 05:21:01.735196,DDoS,Europe,Desktop,3,750,97,1,258
EVT001169,2026-08-18 05:29:01.735196,Unauthorized Access,Oceania,Firewall,1,375,6,0,420
EVT001170,2026-08-18 05:37:01.735196,Brute Force,Europe,Desktop,1,340,17,0,245
EVT001171,2026-08-18 05:45:01.735196,Brute Force,North America,Laptop,6,742,36,0,38
EVT001172,2026-08-18 05:53:01.735196,Brute Force,Africa,Server,3,224,76,0,404
EVT001173,2026-08-18 06:01:01.735196,DDoS,Asia,Firewall,3,632,7,0,376
EVT001174,2026-08-18 06:09:01.735196,Phishing,Africa,Desktop,2,548,68,0,35
EVT001175,2026-08-18 06:17:01.735196,DDoS,Oceania,Laptop,105,6525,894,1,1748
EVT001176,2026-08-18 06:25:01.735196,Ransomware,Africa,Server,52,8395,479,1,1215
EVT001177,2026-08-18 06:33:01.735196,Brute Force,Africa,Desktop,3,542,11,0,154
EVT001178,2026-08-18 06:41:01.735196,Unauthorized Access,Africa,Desktop,2,893,70,0,96
EVT001179,2026-08-18 06:49:01.735196,Brute Force,Asia,Firewall,6,364,40,0,301
EVT001180,2026-08-18 06:57:01.735196,Phishing,Africa,Server,3,167,26,0,381
EVT001181,2026-08-18 07:05:01.735196,Phishing,South America,Firewall,4,736,64,0,330
EVT001182,2026-08-18 07:13:01.735196,Malware,Asia,Laptop,6,412,70,0,315
EVT001183,2026-08-18 07:21:01.735196,Brute Force,Asia,Desktop,4,118,70,0,412
EVT001184,2026-08-18 07:29:01.735196,Phishing,Africa,Firewall,2,472,89,0,114
EVT001185,2026-08-18 07:37:01.735196,Unauthorized Access,Oceania,Server,0,513,49,0,386
EVT001186,2026-08-18 07:45:01.735196,Ransomware,South America,Laptop,5,441,9,0,262
EVT001187,2026-08-18 07:53:01.735196,Unauthorized Access,Africa,Laptop,3,845,65,0,143
EVT001188,2026-08-18 08:01:01.735196,Brute Force,Asia,Router,2,990,60,0,376
EVT001189,2026-08-18 08:09:01.735196,Malware,South America,Desktop,3,659,36,0,189
EVT001190,2026-08-18 08:17:01.735196,Ransomware,North America,Firewall,3,158,57,0,482
EVT001191,2026-08-18 08:25:01.735196,Ransomware,Africa,Firewall,3,794,99,0,364
EVT001192,2026-08-18 08:33:01.735196,Malware,Asia,Laptop,4,730,61,0,17
EVT001193,2026-08-18 08:41:01.735196,Malware,North America,Laptop,1,571,29,0,201
EVT001194,2026-08-18 08:49:01.735196,Unauthorized Access,Africa,Server,1,984,14,0,426
EVT001195,2026-08-18 08:57:01.735196,Phishing,Oceania,Laptop,2,991,14,0,335
EVT001196,2026-08-18 09:05:01.735196,DDoS,North America,Laptop,2,852,84,0,214
EVT001197,2026-08-18 09:13:01.735196,Brute Force,Oceania,Router,2,990,39,0,174
EVT001198,2026-08-18 09:21:01.735196,Malware,Oceania,Laptop,3,418,93,0,275
EVT001199,2026-08-18 09:29:01.735196,Brute Force,Asia,Server,87,6973,845,1,1474
EVT001200,2026-08-18 09:37:01.735196,Malware,Europe,Desktop,2,636,63,0,95
EVT001201,2026-08-18 09:45:01.735196,Unauthorized Access,Europe,Desktop,1,955,25,0,262
EVT001202,2026-08-18 09:53:01.735196,DDoS,Oceania,Router,2,158,73,0,95
EVT001203,2026-08-18 10:01:01.735196,Malware,South America,Server,3,417,58,0,396
EVT001204,2026-08-18 10:09:01.735196,Brute Force,Oceania,Firewall,6,343,40,0,163
EVT001205,2026-08-18 10:17:01.735196,Brute Force,Africa,Server,1,746,61,0,382
EVT001206,2026-08-18 10:25:01.735196,Malware,Asia,Firewall,1,669,16,0,117
EVT001207,2026-08-18 10:33:01.735196,Brute Force,Asia,Firewall,4,983,58,0,212
EVT001208,2026-08-18 10:41:01.735196,DDoS,South America,Router,1,940,52,0,193
EVT001209,2026-08-18 10:49:01.735196,Malware,South America,Laptop,2,364,11,0,240
EVT001210,2026-08-18 10:57:01.735196,Phishing,Oceania,Router,5,184,78,0,173
EVT001211,2026-08-18 11:05:01.735196,Unauthorized Access,Asia,Laptop,1,864,16,0,390
EVT001212,2026-08-18 11:13:01.735196,Brute Force,Oceania,Desktop,1,908,49,0,146
EVT001213,2026-08-18 11:21:01.735196,Malware,Africa,Firewall,2,356,48,0,252
EVT001214,2026-08-18 11:29:01.735196,Malware,North America,Firewall,3,693,30,0,155
EVT001215,2026-08-18 11:37:01.735196,Unauthorized Access,Africa,Server,3,669,67,0,496
EVT001216,2026-08-18 11:45:01.735196,Brute Force,Oceania,Desktop,2,193,87,0,161
EVT001217,2026-08-18 11:53:01.735196,Brute Force,Africa,Laptop,7,610,8,0,468
EVT001218,2026-08-18 12:01:01.735196,Phishing,Africa,Desktop,3,784,95,0,227
EVT001219,2026-08-18 12:09:01.735196,Phishing,Oceania,Firewall,3,938,38,0,407
EVT001220,2026-08-18 12:17:01.735196,Unauthorized Access,South America,Firewall,7,670,93,1,33
EVT001221,2026-08-18 12:25:01.735196,Brute Force,North America,Desktop,1,233,41,0,491
EVT001222,2026-08-18 12:33:01.735196,Brute Force,Africa,Router,4,320,56,0,194
EVT001223,2026-08-18 12:41:01.735196,Ransomware,Europe,Laptop,3,894,28,0,81
EVT001224,2026-08-18 12:49:01.735196,Unauthorized Access,North America,Laptop,3,788,98,0,31
EVT001225,2026-08-18 12:57:01.735196,DDoS,Asia,Firewall,3,234,10,1,92
EVT001226,2026-08-18 13:05:01.735196,Brute Force,Africa,Laptop,7,269,49,0,23
EVT001227,2026-08-18 13:13:01.735196,Ransomware,Asia,Router,2,664,22,0,47
EVT001228,2026-08-18 13:21:01.735196,Ransomware,Europe,Laptop,7,974,84,0,233
EVT001229,2026-08-18 13:29:01.735196,Brute Force,South America,Desktop,2,722,74,0,493
EVT001230,2026-08-18 13:37:01.735196,Phishing,Oceania,Desktop,2,307,5,0,447
EVT001231,2026-08-18 13:45:01.735196,DDoS,South America,Desktop,1,131,92,0,396
EVT001232,2026-08-18 13:53:01.735196,DDoS,Africa,Server,3,894,49,0,290
EVT001233,2026-08-18 14:01:01.735196,Unauthorized Access,North America,Desktop,2,241,12,0,458
EVT001234,2026-08-18 14:09:01.735196,Phishing,Africa,Laptop,3,666,17,0,65
EVT001235,2026-08-18 14:17:01.735196,Brute Force,North America,Server,3,576,91,0,49
EVT001236,2026-08-18 14:25:01.735196,Unauthorized Access,Oceania,Server,4,254,51,0,399
EVT001237,2026-08-18 14:33:01.735196,Unauthorized Access,South America,Firewall,1,883,16,0,201
EVT001238,2026-08-18 14:41:01.735196,Malware,Africa,Desktop,3,402,33,0,86
EVT001239,2026-08-18 14:49:01.735196,Unauthorized Access,South America,Laptop,1,775,17,0,366
EVT001240,2026-08-18 14:57:01.735196,Phishing,Africa,Desktop,1,561,80,0,70
EVT001241,2026-08-18 15:05:01.735196,Unauthorized Access,Africa,Server,3,855,38,1,286
EVT001242,2026-08-18 15:13:01.735196,Unauthorized Access,North America,Laptop,1,358,55,0,447
EVT001243,2026-08-18 15:21:01.735196,Unauthorized Access,Oceania,Laptop,4,671,26,1,346
EVT001244,2026-08-18 15:29:01.735196,Phishing,South America,Laptop,4,659,61,0,108
EVT001245,2026-08-18 15:37:01.735196,Unauthorized Access,Oceania,Laptop,4,745,75,0,17
EVT001246,2026-08-18 15:45:01.735196,DDoS,Asia,Server,5,654,45,0,51
EVT001247,2026-08-18 15:53:01.735196,DDoS,Europe,Server,1,423,57,0,85
EVT001248,2026-08-18 16:01:01.735196,Phishing,North America,Laptop,4,903,42,0,152
EVT001249,2026-08-18 16:09:01.735196,Ransomware,South America,Router,2,242,97,0,391
EVT001250,2026-08-18 16:17:01.735196,Malware,North America,Desktop,1,397,84,0,72
EVT001251,2026-08-18 16:25:01.735196,Unauthorized Access,Oceania,Desktop,2,151,67,1,66
EVT001252,2026-08-18 16:33:01.735196,Ransomware,Africa,Firewall,6,435,45,0,397
EVT001253,2026-08-18 16:41:01.735196,DDoS,Oceania,Router,3,856,86,0,402
EVT001254,2026-08-18 16:49:01.735196,Brute Force,North America,Firewall,1,694,7,0,265
EVT001255,2026-08-18 16:57:01.735196,Phishing,Africa,Router,0,162,59,0,114
EVT001256,2026-08-18 17:05:01.735196,Ransomware,South America,Router,3,713,8,0,54
EVT001257,2026-08-18 17:13:01.735196,Malware,Africa,Laptop,4,486,30,0,291
EVT001258,2026-08-18 17:21:01.735196,Phishing,North America,Firewall,3,498,60,0,157
EVT001259,2026-08-18 17:29:01.735196,Phishing,Europe,Laptop,3,246,66,0,495
EVT001260,2026-08-18 17:37:01.735196,Unauthorized Access,Oceania,Server,2,600,5,0,229
EVT001261,2026-08-18 17:45:01.735196,DDoS,Asia,Server,2,645,97,0,419
EVT001262,2026-08-18 17:53:01.735196,DDoS,South America,Laptop,3,516,42,0,300
EVT001263,2026-08-18 18:01:01.735196,Brute Force,South America,Server,6,200,8,0,450
EVT001264,2026-08-18 18:09:01.735196,Phishing,Africa,Firewall,4,248,15,0,195
EVT001265,2026-08-18 18:17:01.735196,Brute Force,Africa,Server,2,352,8,0,384
EVT001266,2026-08-18 18:25:01.735196,Phishing,North America,Laptop,4,342,12,1,460
EVT001267,2026-08-18 18:33:01.735196,Phishing,Africa,Router,2,145,87,0,275
EVT001268,2026-08-18 18:41:01.735196,Unauthorized Access,Oceania,Server,2,154,84,0,28
EVT001269,2026-08-18 18:49:01.735196,Brute Force,Oceania,Desktop,3,432,47,0,408
EVT001270,2026-08-18 18:57:01.735196,Phishing,South America,Firewall,4,650,38,0,179
EVT001271,2026-08-18 19:05:01.735196,DDoS,Europe,Laptop,2,173,90,0,76
EVT001272,2026-08-18 19:13:01.735196,Unauthorized Access,Europe,Firewall,2,447,14,0,111
EVT001273,2026-08-18 19:21:01.735196,Phishing,Africa,Firewall,2,702,68,0,231
EVT001274,2026-08-18 19:29:01.735196,Brute Force,Oceania,Desktop,3,659,23,0,42
EVT001275,2026-08-18 19:37:01.735196,Unauthorized Access,Africa,Server,0,264,93,0,353
EVT001276,2026-08-18 19:45:01.735196,DDoS,Europe,Server,4,220,53,0,161
EVT001277,2026-08-18 19:53:01.735196,Unauthorized Access,Africa,Router,102,12963,429,1,1588
EVT001278,2026-08-18 20:01:01.735196,Unauthorized Access,North America,Laptop,2,902,27,0,24
EVT001279,2026-08-18 20:09:01.735196,Unauthorized Access,Africa,Server,1,931,56,0,334
EVT001280,2026-08-18 20:17:01.735196,Unauthorized Access,Africa,Server,1,613,48,0,474
EVT001281,2026-08-18 20:25:01.735196,Brute Force,Europe,Firewall,3,731,67,0,313
EVT001282,2026-08-18 20:33:01.735196,Malware,Oceania,Router,3,983,30,0,414
EVT001283,2026-08-18 20:41:01.735196,Ransomware,North America,Firewall,2,146,89,0,68
EVT001284,2026-08-18 20:49:01.735196,DDoS,South America,Desktop,3,957,9,0,241
EVT001285,2026-08-18 20:57:01.735196,Brute Force,Oceania,Firewall,4,640,23,0,288
EVT001286,2026-08-18 21:05:01.735196,Phishing,Asia,Router,2,963,62,0,282
EVT001287,2026-08-18 21:13:01.735196,Malware,Asia,Firewall,3,731,70,0,219
EVT001288,2026-08-18 21:21:01.735196,DDoS,Asia,Laptop,2,331,10,0,59
EVT001289,2026-08-18 21:29:01.735196,Brute Force,North America,Firewall,100,9687,882,1,1878
EVT001290,2026-08-18 21:37:01.735196,Unauthorized Access,North America,Router,0,271,37,0,285
EVT001291,2026-08-18 21:45:01.735196,Brute Force,Asia,Router,3,635,90,0,225
EVT001292,2026-08-18 21:53:01.735196,Phishing,South America,Firewall,2,302,36,0,207
EVT001293,2026-08-18 22:01:01.735196,Unauthorized Access,South America,Firewall,2,795,31,0,283
EVT001294,2026-08-18 22:09:01.735196,Ransomware,Oceania,Router,1,602,81,0,423
EVT001295,2026-08-18 22:17:01.735196,DDoS,Africa,Firewall,3,224,29,0,109
EVT001296,2026-08-18 22:25:01.735196,Ransomware,Africa,Firewall,4,136,53,0,192
EVT001297,2026-08-18 22:33:01.735196,Ransomware,Africa,Desktop,4,546,96,0,103
EVT001298,2026-08-18 22:41:01.735196,DDoS,Oceania,Laptop,4,625,89,0,12
EVT001299,2026-08-18 22:49:01.735196,Brute Force,North America,Laptop,4,213,9,0,259
EVT001300,2026-08-18 22:57:01.735196,Brute Force,Europe,Server,1,333,51,0,150
EVT001301,2026-08-18 23:05:01.735196,DDoS,Asia,Firewall,6,489,93,0,321
EVT001302,2026-08-18 23:13:01.735196,Brute Force,Oceania,Server,2,667,36,0,381
EVT001303,2026-08-18 23:21:01.735196,Brute Force,North America,Server,1,945,37,0,320
EVT001304,2026-08-18 23:29:01.735196,DDoS,Africa,Router,2,999,88,0,57
EVT001305,2026-08-18 23:37:01.735196,Ransomware,Europe,Desktop,8,203,99,0,70
EVT001306,2026-08-18 23:45:01.735196,Malware,Oceania,Router,4,392,29,0,175
EVT001307,2026-08-18 23:53:01.735196,DDoS,Africa,Firewall,1,753,10,0,135
EVT001308,2026-08-19 00:01:01.735196,Unauthorized Access,North America,Laptop,3,674,42,0,263
EVT001309,2026-08-19 00:09:01.735196,DDoS,North America,Laptop,2,836,38,0,237
EVT001310,2026-08-19 00:17:01.735196,Unauthorized Access,Asia,Laptop,7,183,84,0,352
EVT001311,2026-08-19 00:25:01.735196,Unauthorized Access,Africa,Firewall,127,10289,897,1,1344
EVT001312,2026-08-19 00:33:01.735196,Unauthorized Access,Europe,Server,3,478,77,0,446
EVT001313,2026-08-19 00:41:01.735196,Brute Force,North America,Laptop,5,679,97,0,319
EVT001314,2026-08-19 00:49:01.735196,Ransomware,South America,Desktop,1,588,90,0,401
EVT001315,2026-08-19 00:57:01.735196,DDoS,Africa,Laptop,5,991,99,0,181
EVT001316,2026-08-19 01:05:01.735196,Brute Force,Oceania,Server,5,883,67,0,350
EVT001317,2026-08-19 01:13:01.735196,Unauthorized Access,Asia,Firewall,3,690,80,0,130
EVT001318,2026-08-19 01:21:01.735196,Ransomware,Asia,Desktop,4,168,91,0,385
EVT001319,2026-08-19 01:29:01.735196,Phishing,South America,Router,1,484,17,0,463
EVT001320,2026-08-19 01:37:01.735196,Ransomware,Europe,Router,2,506,14,0,60
EVT001321,2026-08-19 01:45:01.735196,Unauthorized Access,North America,Firewall,2,830,61,0,257
EVT001322,2026-08-19 01:53:01.735196,Malware,Africa,Desktop,2,277,56,0,255
EVT001323,2026-08-19 02:01:01.735196,Unauthorized Access,Asia,Router,1,205,54,0,90
EVT001324,2026-08-19 02:09:01.735196,Unauthorized Access,South America,Laptop,4,373,70,0,274
EVT001325,2026-08-19 02:17:01.735196,DDoS,Oceania,Router,0,125,89,0,365
EVT001326,2026-08-19 02:25:01.735196,Malware,South America,Server,3,665,82,1,152
EVT001327,2026-08-19 02:33:01.735196,DDoS,Oceania,Laptop,3,698,43,0,481
EVT001328,2026-08-19 02:41:01.735196,Phishing,Asia,Router,4,240,51,0,456
EVT001329,2026-08-19 02:49:01.735196,Unauthorized Access,Africa,Server,5,531,16,0,264
EVT001330,2026-08-19 02:57:01.735196,Ransomware,Europe,Desktop,9,854,25,0,133
EVT001331,2026-08-19 03:05:01.735196,Brute Force,Oceania,Desktop,1,763,89,0,197
EVT001332,2026-08-19 03:13:01.735196,Phishing,South America,Desktop,5,266,46,0,473
EVT001333,2026-08-19 03:21:01.735196,Unauthorized Access,Asia,Laptop,1,676,74,0,118
EVT001334,2026-08-19 03:29:01.735196,Brute Force,Europe,Router,3,723,69,0,353
EVT001335,2026-08-19 03:37:01.735196,Phishing,Oceania,Laptop,8,304,15,0,452
EVT001336,2026-08-19 03:45:01.735196,Phishing,Europe,Laptop,5,749,50,0,180
EVT001337,2026-08-19 03:53:01.735196,Unauthorized Access,Asia,Laptop,4,861,73,0,30
EVT001338,2026-08-19 04:01:01.735196,Malware,North America,Router,3,224,6,0,378
EVT001339,2026-08-19 04:09:01.735196,Unauthorized Access,North America,Router,4,736,46,0,226
EVT001340,2026-08-19 04:17:01.735196,Ransomware,South America,Firewall,5,799,97,0,388
EVT001341,2026-08-19 04:25:01.735196,DDoS,Europe,Firewall,1,920,11,0,33
EVT001342,2026-08-19 04:33:01.735196,Phishing,Africa,Laptop,0,590,21,0,12
EVT001343,2026-08-19 04:41:01.735196,DDoS,South America,Firewall,3,614,69,0,370
EVT001344,2026-08-19 04:49:01.735196,Ransomware,South America,Laptop,30,11655,346,1,1471
EVT001345,2026-08-19 04:57:01.735196,Malware,Oceania,Firewall,0,791,14,0,135
EVT001346,2026-08-19 05:05:01.735196,Brute Force,North America,Server,3,785,78,0,464
EVT001347,2026-08-19 05:13:01.735196,DDoS,Africa,Server,3,721,71,0,284
EVT001348,2026-08-19 05:21:01.735196,Unauthorized Access,Asia,Laptop,3,995,55,0,121
EVT001349,2026-08-19 05:29:01.735196,Phishing,Asia,Router,2,720,48,0,364
EVT001350,2026-08-19 05:37:01.735196,Ransomware,Asia,Laptop,3,879,15,0,405
EVT001351,2026-08-19 05:45:01.735196,Phishing,South America,Desktop,1,358,7,0,160
EVT001352,2026-08-19 05:53:01.735196,DDoS,Asia,Router,3,963,31,0,249
EVT001353,2026-08-19 06:01:01.735196,Phishing,Africa,Laptop,0,441,39,0,421
EVT001354,2026-08-19 06:09:01.735196,Brute Force,Asia,Laptop,4,446,64,0,488
EVT001355,2026-08-19 06:17:01.735196,DDoS,Europe,Laptop,4,638,93,0,381
EVT001356,2026-08-19 06:25:01.735196,Brute Force,Europe,Router,5,622,52,0,329
EVT001357,2026-08-19 06:33:01.735196,Phishing,South America,Router,2,490,20,0,366
EVT001358,2026-08-19 06:41:01.735196,Brute Force,Africa,Firewall,8,147,14,0,422
EVT001359,2026-08-19 06:49:01.735196,DDoS,Asia,Desktop,3,848,17,0,475
EVT001360,2026-08-19 06:57:01.735196,Unauthorized Access,North America,Router,4,166,52,0,426
EVT001361,2026-08-19 07:05:01.735196,Phishing,North America,Laptop,4,195,30,0,287
EVT001362,2026-08-19 07:13:01.735196,DDoS,Oceania,Server,2,393,15,0,307
EVT001363,2026-08-19 07:21:01.735196,Ransomware,Asia,Desktop,2,436,12,0,36
EVT001364,2026-08-19 07:29:01.735196,Unauthorized Access,Asia,Desktop,4,217,85,1,124
EVT001365,2026-08-19 07:37:01.735196,Malware,Asia,Firewall,86,9996,520,1,1840
EVT001366,2026-08-19 07:45:01.735196,Unauthorized Access,Oceania,Firewall,5,230,94,0,484
EVT001367,2026-08-19 07:53:01.735196,Ransomware,Asia,Desktop,4,317,59,0,165
EVT001368,2026-08-19 08:01:01.735196,DDoS,Oceania,Router,3,861,53,0,432
EVT001369,2026-08-19 08:09:01.735196,DDoS,Africa,Desktop,3,566,54,0,407
EVT001370,2026-08-19 08:17:01.735196,Phishing,Europe,Desktop,3,141,81,0,472
EVT001371,2026-08-19 08:25:01.735196,Unauthorized Access,Africa,Router,4,148,31,1,176
EVT001372,2026-08-19 08:33:01.735196,Malware,North America,Laptop,4,749,75,0,263
EVT001373,2026-08-19 08:41:01.735196,Ransomware,Asia,Desktop,4,980,8,0,185
EVT001374,2026-08-19 08:49:01.735196,Unauthorized Access,Oceania,Router,3,237,53,0,135
EVT001375,2026-08-19 08:57:01.735196,DDoS,Asia,Firewall,1,954,80,0,450
EVT001376,2026-08-19 09:05:01.735196,DDoS,South America,Laptop,1,746,33,0,278
EVT001377,2026-08-19 09:13:01.735196,Malware,Europe,Laptop,3,232,60,0,392
EVT001378,2026-08-19 09:21:01.735196,Brute Force,Oceania,Server,2,415,63,0,323
EVT001379,2026-08-19 09:29:01.735196,DDoS,North America,Server,1,543,47,0,468
EVT001380,2026-08-19 09:37:01.735196,DDoS,Africa,Server,4,915,10,0,343
EVT001381,2026-08-19 09:45:01.735196,DDoS,Africa,Server,43,14395,676,1,1475
EVT001382,2026-08-19 09:53:01.735196,Unauthorized Access,Europe,Server,2,352,64,0,40
EVT001383,2026-08-19 10:01:01.735196,DDoS,Asia,Laptop,4,231,72,0,18
EVT001384,2026-08-19 10:09:01.735196,Ransomware,South America,Laptop,4,683,52,0,453
EVT001385,2026-08-19 10:17:01.735196,Phishing,North America,Server,5,274,71,0,275
EVT001386,2026-08-19 10:25:01.735196,Ransomware,South America,Router,0,915,39,0,376
EVT001387,2026-08-19 10:33:01.735196,Unauthorized Access,Asia,Firewall,0,298,20,0,365
EVT001388,2026-08-19 10:41:01.735196,Brute Force,Africa,Laptop,1,680,49,0,263
EVT001389,2026-08-19 10:49:01.735196,DDoS,Oceania,Firewall,4,862,86,1,375
EVT001390,2026-08-19 10:57:01.735196,Brute Force,Oceania,Firewall,3,533,69,0,366
EVT001391,2026-08-19 11:05:01.735196,Ransomware,South America,Firewall,2,181,85,0,468
EVT001392,2026-08-19 11:13:01.735196,Malware,South America,Desktop,2,601,66,0,278
EVT001393,2026-08-19 11:21:01.735196,Ransomware,Europe,Desktop,3,959,81,0,165
EVT001394,2026-08-19 11:29:01.735196,Unauthorized Access,Europe,Desktop,104,8360,670,1,1286
EVT001395,2026-08-19 11:37:01.735196,Unauthorized Access,North America,Router,2,678,97,0,489
EVT001396,2026-08-19 11:45:01.735196,DDoS,Asia,Server,2,287,67,0,384
EVT001397,2026-08-19 11:53:01.735196,Ransomware,Africa,Laptop,0,717,80,1,56
EVT001398,2026-08-19 12:01:01.735196,Unauthorized Access,Asia,Laptop,4,964,46,0,115
EVT001399,2026-08-19 12:09:01.735196,Unauthorized Access,South America,Router,3,258,16,0,455
EVT001400,2026-08-19 12:17:01.735196,Brute Force,Oceania,Router,1,509,94,0,202
EVT001401,2026-08-19 12:25:01.735196,Phishing,Asia,Server,2,869,69,0,281
EVT001402,2026-08-19 12:33:01.735196,Phishing,Africa,Firewall,2,385,14,0,71
EVT001403,2026-08-19 12:41:01.735196,Brute Force,Asia,Desktop,2,312,81,0,69
EVT001404,2026-08-19 12:49:01.735196,Unauthorized Access,Asia,Router,2,651,78,0,271
EVT001405,2026-08-19 12:57:01.735196,Malware,Europe,Laptop,3,477,25,0,385
EVT001406,2026-08-19 13:05:01.735196,Brute Force,South America,Firewall,4,160,45,0,315
EVT001407,2026-08-19 13:13:01.735196,Brute Force,Africa,Router,0,663,43,0,378
EVT001408,2026-08-19 13:21:01.735196,Malware,Europe,Server,5,161,42,0,289
EVT001409,2026-08-19 13:29:01.735196,Malware,Europe,Server,2,787,17,0,425
EVT001410,2026-08-19 13:37:01.735196,Phishing,Oceania,Router,3,272,23,0,331
EVT001411,2026-08-19 13:45:01.735196,Phishing,North America,Laptop,2,678,73,0,214
EVT001412,2026-08-19 13:53:01.735196,Phishing,Asia,Router,148,11007,334,1,728
EVT001413,2026-08-19 14:01:01.735196,DDoS,Asia,Router,2,491,80,0,19
EVT001414,2026-08-19 14:09:01.735196,Malware,Asia,Server,7,135,7,0,479
EVT001415,2026-08-19 14:17:01.735196,Phishing,North America,Desktop,1,143,95,0,479
EVT001416,2026-08-19 14:25:01.735196,Malware,Africa,Router,4,120,6,0,423
EVT001417,2026-08-19 14:33:01.735196,Ransomware,South America,Server,4,375,17,1,483
EVT001418,2026-08-19 14:41:01.735196,Brute Force,Europe,Router,2,701,28,1,23
EVT001419,2026-08-19 14:49:01.735196,DDoS,Europe,Server,3,790,44,0,316
EVT001420,2026-08-19 14:57:01.735196,Brute Force,North America,Firewall,5,241,90,1,341
EVT001421,2026-08-19 15:05:01.735196,Phishing,South America,Router,3,748,21,0,113
EVT001422,2026-08-19 15:13:01.735196,Ransomware,Asia,Laptop,2,406,40,0,290
EVT001423,2026-08-19 15:21:01.735196,Malware,Oceania,Firewall,5,477,92,0,35
EVT001424,2026-08-19 15:29:01.735196,Ransomware,South America,Desktop,1,879,79,0,245
EVT001425,2026-08-19 15:37:01.735196,Malware,Oceania,Laptop,4,428,7,0,81
EVT001426,2026-08-19 15:45:01.735196,Phishing,Oceania,Router,5,433,81,0,341
EVT001427,2026-08-19 15:53:01.735196,Phishing,Asia,Firewall,1,326,48,0,367
EVT001428,2026-08-19 16:01:01.735196,Phishing,North America,Server,3,860,57,0,384
EVT001429,2026-08-19 16:09:01.735196,Brute Force,South America,Firewall,5,792,24,0,81
EVT001430,2026-08-19 16:17:01.735196,Malware,Europe,Laptop,2,731,23,0,219
EVT001431,2026-08-19 16:25:01.735196,Brute Force,Africa,Desktop,4,527,13,0,118
EVT001432,2026-08-19 16:33:01.735196,Brute Force,North America,Server,1,204,40,0,465
EVT001433,2026-08-19 16:41:01.735196,Phishing,Oceania,Firewall,1,748,88,0,331
EVT001434,2026-08-19 16:49:01.735196,Phishing,South America,Laptop,0,364,34,0,325
EVT001435,2026-08-19 16:57:01.735196,Unauthorized Access,Oceania,Desktop,5,743,82,0,290
EVT001436,2026-08-19 17:05:01.735196,DDoS,Oceania,Laptop,5,241,86,0,36
EVT001437,2026-08-19 17:13:01.735196,DDoS,Asia,Laptop,125,5348,545,1,971
EVT001438,2026-08-19 17:21:01.735196,Malware,South America,Router,6,690,32,0,115
EVT001439,2026-08-19 17:29:01.735196,Unauthorized Access,Oceania,Router,1,368,69,0,498
EVT001440,2026-08-19 17:37:01.735196,Phishing,Africa,Desktop,6,932,85,0,192
EVT001441,2026-08-19 17:45:01.735196,DDoS,Asia,Firewall,4,170,50,0,431
EVT001442,2026-08-19 17:53:01.735196,Unauthorized Access,Europe,Server,3,968,37,0,271
EVT001443,2026-08-19 18:01:01.735196,DDoS,Asia,Desktop,2,753,41,0,342
EVT001444,2026-08-19 18:09:01.735196,DDoS,North America,Firewall,2,924,87,0,479
EVT001445,2026-08-19 18:17:01.735196,Phishing,North America,Firewall,2,558,37,0,167
EVT001446,2026-08-19 18:25:01.735196,Unauthorized Access,Europe,Desktop,4,691,17,0,381
EVT001447,2026-08-19 18:33:01.735196,Brute Force,Africa,Router,2,495,82,1,420
EVT001448,2026-08-19 18:41:01.735196,Brute Force,South America,Firewall,3,893,32,0,173
EVT001449,2026-08-19 18:49:01.735196,Ransomware,Asia,Router,4,861,61,0,153
EVT001450,2026-08-19 18:57:01.735196,Malware,North America,Firewall,2,563,42,0,167
EVT001451,2026-08-19 19:05:01.735196,Malware,Europe,Laptop,3,114,52,0,478
EVT001452,2026-08-19 19:13:01.735196,Phishing,North America,Router,0,964,61,0,236
EVT001453,2026-08-19 19:21:01.735196,Malware,Africa,Router,5,970,86,0,264
EVT001454,2026-08-19 19:29:01.735196,Unauthorized Access,Africa,Firewall,3,339,49,0,405
EVT001455,2026-08-19 19:37:01.735196,Ransomware,Europe,Firewall,1,215,17,0,344
EVT001456,2026-08-19 19:45:01.735196,Malware,Europe,Router,3,348,98,0,56
EVT001457,2026-08-19 19:53:01.735196,Malware,South America,Server,3,301,65,0,306
EVT001458,2026-08-19 20:01:01.735196,Brute Force,South America,Desktop,3,165,28,0,421
EVT001459,2026-08-19 20:09:01.735196,Malware,Africa,Desktop,3,725,79,0,68
EVT001460,2026-08-19 20:17:01.735196,Brute Force,North America,Desktop,2,453,39,0,479
EVT001461,2026-08-19 20:25:01.735196,Phishing,Africa,Server,4,246,52,0,184
EVT001462,2026-08-19 20:33:01.735196,Phishing,Africa,Router,1,785,39,0,51
EVT001463,2026-08-19 20:41:01.735196,Unauthorized Access,Oceania,Laptop,4,924,65,0,192
EVT001464,2026-08-19 20:49:01.735196,Phishing,Africa,Firewall,5,713,85,0,77
EVT001465,2026-08-19 20:57:01.735196,Malware,Oceania,Firewall,6,345,60,0,30
EVT001466,2026-08-19 21:05:01.735196,DDoS,Oceania,Router,5,862,20,0,96
EVT001467,2026-08-19 21:13:01.735196,Phishing,Europe,Firewall,2,852,31,0,118
EVT001468,2026-08-19 21:21:01.735196,Ransomware,Oceania,Laptop,4,848,12,0,90
EVT001469,2026-08-19 21:29:01.735196,Unauthorized Access,South America,Desktop,1,445,99,0,196
EVT001470,2026-08-19 21:37:01.735196,Unauthorized Access,Asia,Desktop,1,138,96,0,130
EVT001471,2026-08-19 21:45:01.735196,Brute Force,South America,Desktop,5,720,58,0,410
EVT001472,2026-08-19 21:53:01.735196,Unauthorized Access,Africa,Laptop,2,405,76,0,182
EVT001473,2026-08-19 22:01:01.735196,Unauthorized Access,Oceania,Desktop,8,953,59,0,171
EVT001474,2026-08-19 22:09:01.735196,DDoS,South America,Router,1,324,6,0,418
EVT001475,2026-08-19 22:17:01.735196,Malware,Asia,Firewall,110,10327,595,1,1762
EVT001476,2026-08-19 22:25:01.735196,Phishing,Asia,Server,142,11627,415,1,1234
EVT001477,2026-08-19 22:33:01.735196,Phishing,Europe,Desktop,4,122,39,0,298
EVT001478,2026-08-19 22:41:01.735196,Brute Force,Asia,Firewall,47,13645,742,1,1627
EVT001479,2026-08-19 22:49:01.735196,Unauthorized Access,Africa,Laptop,1,613,84,0,321
EVT001480,2026-08-19 22:57:01.735196,DDoS,Asia,Laptop,0,850,17,0,203
EVT001481,2026-08-19 23:05:01.735196,Ransomware,Africa,Laptop,6,583,8,0,353
EVT001482,2026-08-19 23:13:01.735196,Ransomware,North America,Firewall,3,537,12,0,181
EVT001483,2026-08-19 23:21:01.735196,Phishing,Oceania,Server,1,789,31,0,317
EVT001484,2026-08-19 23:29:01.735196,DDoS,Europe,Router,3,151,92,0,478
EVT001485,2026-08-19 23:37:01.735196,Brute Force,Oceania,Firewall,2,300,56,0,475
EVT001486,2026-08-19 23:45:01.735196,Malware,Africa,Desktop,3,151,83,0,73
EVT001487,2026-08-19 23:53:01.735196,Unauthorized Access,South America,Server,80,6550,989,1,1286
EVT001488,2026-08-20 00:01:01.735196,Ransomware,Asia,Router,5,331,43,0,316
EVT001489,2026-08-20 00:09:01.735196,Malware,Europe,Firewall,1,460,17,0,377
EVT001490,2026-08-20 00:17:01.735196,Brute Force,Oceania,Router,2,952,47,0,94
EVT001491,2026-08-20 00:25:01.735196,Unauthorized Access,North America,Desktop,4,662,73,1,81
EVT001492,2026-08-20 00:33:01.735196,Phishing,Asia,Firewall,2,535,27,0,312
EVT001493,2026-08-20 00:41:01.735196,Phishing,North America,Router,3,905,88,0,123
EVT001494,2026-08-20 00:49:01.735196,Unauthorized Access,Africa,Firewall,2,784,12,0,294
EVT001495,2026-08-20 00:57:01.735196,DDoS,Asia,Router,4,824,41,0,184
EVT001496,2026-08-20 01:05:01.735196,Ransomware,North America,Router,5,894,11,0,422
EVT001497,2026-08-20 01:13:01.735196,Malware,Africa,Router,4,301,41,0,306
EVT001498,2026-08-20 01:21:01.735196,DDoS,Africa,Router,0,597,89,0,254
EVT001499,2026-08-20 01:29:01.735196,Phishing,Europe,Router,5,858,85,0,336
EVT001500,2026-08-20 01:37:01.735196,DDoS,South America,Firewall,3,335,67,0,483
EVT001501,2026-08-20 01:45:01.735196,Unauthorized Access,Oceania,Firewall,3,541,9,0,37
EVT001502,2026-08-20 01:53:01.735196,Malware,Asia,Router,4,669,83,0,35
EVT001503,2026-08-20 02:01:01.735196,Unauthorized Access,North America,Server,2,936,10,0,167
EVT001504,2026-08-20 02:09:01.735196,DDoS,Asia,Desktop,1,514,10,0,277
EVT001505,2026-08-20 02:17:01.735196,Ransomware,Africa,Server,4,713,11,0,148
EVT001506,2026-08-20 02:25:01.735196,Phishing,Asia,Firewall,3,689,45,0,437
EVT001507,2026-08-20 02:33:01.735196,DDoS,Africa,Laptop,0,624,94,0,91
EVT001508,2026-08-20 02:41:01.735196,Phishing,Europe,Desktop,2,539,44,0,235
EVT001509,2026-08-20 02:49:01.735196,Brute Force,North America,Server,1,132,27,0,318
EVT001510,2026-08-20 02:57:01.735196,Phishing,Africa,Laptop,2,221,64,0,355
EVT001511,2026-08-20 03:05:01.735196,Ransomware,North America,Desktop,3,927,17,0,395
EVT001512,2026-08-20 03:13:01.735196,Malware,Asia,Router,0,719,29,0,143
EVT001513,2026-08-20 03:21:01.735196,Ransomware,Europe,Firewall,5,263,68,1,25
EVT001514,2026-08-20 03:29:01.735196,Unauthorized Access,Africa,Desktop,5,478,82,0,34
EVT001515,2026-08-20 03:37:01.735196,Unauthorized Access,Oceania,Laptop,2,905,42,0,487
EVT001516,2026-08-20 03:45:01.735196,Brute Force,North America,Router,1,390,37,0,47
EVT001517,2026-08-20 03:53:01.735196,Brute Force,Africa,Server,3,191,10,0,280
EVT001518,2026-08-20 04:01:01.735196,Malware,Asia,Laptop,2,293,33,0,124
EVT001519,2026-08-20 04:09:01.735196,Unauthorized Access,Asia,Server,6,737,89,1,197
EVT001520,2026-08-20 04:17:01.735196,Malware,North America,Router,4,591,78,0,258
EVT001521,2026-08-20 04:25:01.735196,Brute Force,Oceania,Desktop,3,143,61,0,452
EVT001522,2026-08-20 04:33:01.735196,Malware,Asia,Router,4,139,51,0,496
EVT001523,2026-08-20 04:41:01.735196,DDoS,Africa,Server,4,997,32,0,216
EVT001524,2026-08-20 04:49:01.735196,DDoS,Africa,Firewall,3,301,98,0,263
EVT001525,2026-08-20 04:57:01.735196,Phishing,Africa,Router,3,616,72,0,182
EVT001526,2026-08-20 05:05:01.735196,Brute Force,North America,Server,7,800,20,0,68
EVT001527,2026-08-20 05:13:01.735196,Unauthorized Access,Asia,Desktop,5,636,90,0,96
EVT001528,2026-08-20 05:21:01.735196,Brute Force,Europe,Server,3,593,81,0,111
EVT001529,2026-08-20 05:29:01.735196,Ransomware,Asia,Desktop,0,748,67,0,151
EVT001530,2026-08-20 05:37:01.735196,Unauthorized Access,Asia,Server,0,939,43,0,268
EVT001531,2026-08-20 05:45:01.735196,DDoS,North America,Firewall,3,389,82,0,184
EVT001532,2026-08-20 05:53:01.735196,Phishing,Europe,Desktop,5,886,31,1,258
EVT001533,2026-08-20 06:01:01.735196,Brute Force,Europe,Server,3,705,62,0,213
EVT001534,2026-08-20 06:09:01.735196,Unauthorized Access,Oceania,Firewall,3,823,20,0,263
EVT001535,2026-08-20 06:17:01.735196,Brute Force,Europe,Router,4,545,72,0,66
EVT001536,2026-08-20 06:25:01.735196,Phishing,South America,Desktop,1,428,92,0,64
EVT001537,2026-08-20 06:33:01.735196,Ransomware,South America,Firewall,1,410,29,0,72
EVT001538,2026-08-20 06:41:01.735196,Brute Force,Europe,Firewall,4,809,32,0,37
EVT001539,2026-08-20 06:49:01.735196,Phishing,Europe,Desktop,5,998,66,0,39
EVT001540,2026-08-20 06:57:01.735196,Unauthorized Access,Europe,Router,0,952,64,0,152
EVT001541,2026-08-20 07:05:01.735196,Phishing,Oceania,Firewall,3,598,22,0,430
EVT001542,2026-08-20 07:13:01.735196,Ransomware,North America,Firewall,2,724,88,0,323
EVT001543,2026-08-20 07:21:01.735196,Brute Force,North America,Laptop,4,610,23,0,228
EVT001544,2026-08-20 07:29:01.735196,Phishing,Oceania,Server,1,602,31,0,298
EVT001545,2026-08-20 07:37:01.735196,DDoS,South America,Desktop,2,838,99,0,303
EVT001546,2026-08-20 07:45:01.735196,Brute Force,Oceania,Desktop,5,643,70,0,260
EVT001547,2026-08-20 07:53:01.735196,Phishing,North America,Laptop,6,183,35,0,80
EVT001548,2026-08-20 08:01:01.735196,Unauthorized Access,Africa,Desktop,1,151,49,0,309
EVT001549,2026-08-20 08:09:01.735196,Unauthorized Access,Europe,Firewall,3,361,72,0,428
EVT001550,2026-08-20 08:17:01.735196,Brute Force,North America,Desktop,2,825,96,0,365
EVT001551,2026-08-20 08:25:01.735196,DDoS,Europe,Firewall,1,589,13,0,342
EVT001552,2026-08-20 08:33:01.735196,DDoS,Oceania,Desktop,4,369,52,0,440
EVT001553,2026-08-20 08:41:01.735196,DDoS,South America,Router,2,718,96,0,225
EVT001554,2026-08-20 08:49:01.735196,Phishing,Europe,Server,4,189,12,0,221
EVT001555,2026-08-20 08:57:01.735196,Malware,Asia,Router,5,273,51,0,110
EVT001556,2026-08-20 09:05:01.735196,Brute Force,Europe,Laptop,7,917,97,0,450
EVT001557,2026-08-20 09:13:01.735196,DDoS,Africa,Router,2,652,80,0,187
EVT001558,2026-08-20 09:21:01.735196,DDoS,Europe,Router,3,348,11,0,120
EVT001559,2026-08-20 09:29:01.735196,Malware,Africa,Router,5,621,21,0,267
EVT001560,2026-08-20 09:37:01.735196,DDoS,Africa,Firewall,4,697,27,0,82
EVT001561,2026-08-20 09:45:01.735196,Unauthorized Access,Oceania,Server,1,695,75,0,272
EVT001562,2026-08-20 09:53:01.735196,DDoS,South America,Server,5,970,90,0,377
EVT001563,2026-08-20 10:01:01.735196,Phishing,Africa,Firewall,2,757,92,0,325
EVT001564,2026-08-20 10:09:01.735196,Brute Force,North America,Firewall,2,714,60,1,229
EVT001565,2026-08-20 10:17:01.735196,Brute Force,North America,Laptop,2,135,54,0,26
EVT001566,2026-08-20 10:25:01.735196,DDoS,Asia,Desktop,3,261,53,0,440
EVT001567,2026-08-20 10:33:01.735196,DDoS,Asia,Firewall,2,956,30,0,279
EVT001568,2026-08-20 10:41:01.735196,Brute Force,Africa,Laptop,2,899,86,0,202
EVT001569,2026-08-20 10:49:01.735196,Brute Force,South America,Server,2,315,38,0,420
EVT001570,2026-08-20 10:57:01.735196,Malware,Europe,Firewall,3,488,27,0,354
EVT001571,2026-08-20 11:05:01.735196,Brute Force,Africa,Laptop,3,628,41,0,484
EVT001572,2026-08-20 11:13:01.735196,Ransomware,South America,Server,3,438,74,0,368
EVT001573,2026-08-20 11:21:01.735196,Unauthorized Access,Oceania,Laptop,2,141,78,0,166
EVT001574,2026-08-20 11:29:01.735196,Malware,Asia,Desktop,2,992,23,0,282
EVT001575,2026-08-20 11:37:01.735196,Brute Force,Europe,Server,4,479,75,0,46
EVT001576,2026-08-20 11:45:01.735196,Brute Force,South America,Desktop,3,473,9,0,213
EVT001577,2026-08-20 11:53:01.735196,Brute Force,South America,Firewall,4,399,46,0,427
EVT001578,2026-08-20 12:01:01.735196,Phishing,South America,Firewall,4,785,77,0,30
EVT001579,2026-08-20 12:09:01.735196,Phishing,Asia,Firewall,5,205,69,0,191
EVT001580,2026-08-20 12:17:01.735196,Phishing,Europe,Laptop,2,169,36,0,147
EVT001581,2026-08-20 12:25:01.735196,Brute Force,North America,Router,2,342,84,0,203
EVT001582,2026-08-20 12:33:01.735196,Brute Force,South America,Desktop,3,538,79,0,232
EVT001583,2026-08-20 12:41:01.735196,Malware,Europe,Laptop,3,629,55,1,131
EVT001584,2026-08-20 12:49:01.735196,Ransomware,North America,Router,44,7562,797,1,1641
EVT001585,2026-08-20 12:57:01.735196,DDoS,Africa,Server,1,362,18,0,24
EVT001586,2026-08-20 13:05:01.735196,DDoS,Europe,Laptop,4,321,90,0,272
EVT001587,2026-08-20 13:13:01.735196,DDoS,South America,Router,6,360,68,0,270
EVT001588,2026-08-20 13:21:01.735196,Unauthorized Access,Africa,Server,3,773,60,0,482
EVT001589,2026-08-20 13:29:01.735196,Unauthorized Access,Asia,Firewall,3,501,49,0,65
EVT001590,2026-08-20 13:37:01.735196,Phishing,North America,Laptop,1,307,85,1,491
EVT001591,2026-08-20 13:45:01.735196,Brute Force,Asia,Server,4,743,22,0,445
EVT001592,2026-08-20 13:53:01.735196,Malware,Oceania,Firewall,3,219,72,0,150
EVT001593,2026-08-20 14:01:01.735196,Ransomware,Asia,Server,2,769,55,0,441
EVT001594,2026-08-20 14:09:01.735196,DDoS,Europe,Laptop,70,11953,479,1,959
EVT001595,2026-08-20 14:17:01.735196,Unauthorized Access,Oceania,Firewall,3,456,65,0,340
EVT001596,2026-08-20 14:25:01.735196,Unauthorized Access,Europe,Router,3,214,48,0,19
EVT001597,2026-08-20 14:33:01.735196,Ransomware,North America,Server,4,181,35,0,342
EVT001598,2026-08-20 14:41:01.735196,Ransomware,Asia,Router,1,634,65,0,204
EVT001599,2026-08-20 14:49:01.735196,DDoS,Africa,Server,3,952,10,0,115
EVT001600,2026-08-20 14:57:01.735196,Phishing,North America,Desktop,1,408,13,0,379
EVT001601,2026-08-20 15:05:01.735196,DDoS,Africa,Laptop,7,323,29,0,418
EVT001602,2026-08-20 15:13:01.735196,Unauthorized Access,North America,Server,6,342,9,0,136
EVT001603,2026-08-20 15:21:01.735196,Brute Force,Africa,Server,4,639,78,0,346
EVT001604,2026-08-20 15:29:01.735196,Brute Force,Africa,Desktop,5,407,40,0,451
EVT001605,2026-08-20 15:37:01.735196,Ransomware,Asia,Firewall,3,349,98,0,193
EVT001606,2026-08-20 15:45:01.735196,Unauthorized Access,Asia,Laptop,0,766,62,0,78
EVT001607,2026-08-20 15:53:01.735196,DDoS,Africa,Router,2,882,11,0,380
EVT001608,2026-08-20 16:01:01.735196,Phishing,Africa,Laptop,4,589,23,0,168
EVT001609,2026-08-20 16:09:01.735196,Phishing,North America,Server,3,245,29,0,195
EVT001610,2026-08-20 16:17:01.735196,Brute Force,North America,Laptop,33,9467,412,1,951
EVT001611,2026-08-20 16:25:01.735196,DDoS,South America,Server,1,935,69,0,106
EVT001612,2026-08-20 16:33:01.735196,Unauthorized Access,Oceania,Laptop,1,674,69,0,118
EVT001613,2026-08-20 16:41:01.735196,Phishing,Oceania,Desktop,73,14963,465,1,1893
EVT001614,2026-08-20 16:49:01.735196,Malware,Asia,Desktop,5,420,83,0,362
EVT001615,2026-08-20 16:57:01.735196,Ransomware,North America,Server,0,576,37,0,392
EVT001616,2026-08-20 17:05:01.735196,Ransomware,South America,Firewall,3,133,28,0,80
EVT001617,2026-08-20 17:13:01.735196,Malware,Europe,Laptop,3,853,29,0,367
EVT001618,2026-08-20 17:21:01.735196,Ransomware,Oceania,Router,2,527,87,1,235
EVT001619,2026-08-20 17:29:01.735196,Malware,Oceania,Laptop,3,769,81,0,428
EVT001620,2026-08-20 17:37:01.735196,Brute Force,South America,Firewall,4,587,7,0,421
EVT001621,2026-08-20 17:45:01.735196,DDoS,South America,Server,5,882,55,1,119
EVT001622,2026-08-20 17:53:01.735196,Ransomware,Africa,Desktop,6,617,83,0,468
EVT001623,2026-08-20 18:01:01.735196,Malware,Europe,Firewall,4,239,61,0,161
EVT001624,2026-08-20 18:09:01.735196,Ransomware,North America,Laptop,5,406,25,0,30
EVT001625,2026-08-20 18:17:01.735196,Malware,Asia,Router,7,525,66,0,200
EVT001626,2026-08-20 18:25:01.735196,Phishing,Africa,Firewall,2,923,14,0,335
EVT001627,2026-08-20 18:33:01.735196,Unauthorized Access,North America,Desktop,3,579,53,0,181
EVT001628,2026-08-20 18:41:01.735196,Ransomware,Oceania,Server,0,386,11,0,281
EVT001629,2026-08-20 18:49:01.735196,Malware,South America,Laptop,4,494,83,0,310
EVT001630,2026-08-20 18:57:01.735196,Ransomware,Europe,Firewall,2,209,48,0,211
EVT001631,2026-08-20 19:05:01.735196,Malware,Asia,Server,2,824,55,0,451
EVT001632,2026-08-20 19:13:01.735196,Malware,South America,Firewall,9,514,77,0,496
EVT001633,2026-08-20 19:21:01.735196,DDoS,Africa,Laptop,91,11447,431,1,1603
EVT001634,2026-08-20 19:29:01.735196,DDoS,Oceania,Firewall,1,839,79,0,33
EVT001635,2026-08-20 19:37:01.735196,Ransomware,Europe,Server,4,529,73,0,100
EVT001636,2026-08-20 19:45:01.735196,Unauthorized Access,Oceania,Laptop,1,511,20,1,405
EVT001637,2026-08-20 19:53:01.735196,Malware,South America,Router,2,762,31,0,185
EVT001638,2026-08-20 20:01:01.735196,Unauthorized Access,North America,Server,3,405,94,0,165
EVT001639,2026-08-20 20:09:01.735196,Malware,Oceania,Firewall,4,722,36,0,186
EVT001640,2026-08-20 20:17:01.735196,Ransomware,South America,Server,3,968,99,0,223
EVT001641,2026-08-20 20:25:01.735196,Brute Force,Oceania,Desktop,2,232,13,0,220
EVT001642,2026-08-20 20:33:01.735196,Ransomware,Oceania,Laptop,99,6701,604,1,932
EVT001643,2026-08-20 20:41:01.735196,Phishing,Asia,Desktop,4,606,12,0,124
EVT001644,2026-08-20 20:49:01.735196,DDoS,Oceania,Server,3,135,59,0,86
EVT001645,2026-08-20 20:57:01.735196,Phishing,Asia,Server,3,221,20,0,377
EVT001646,2026-08-20 21:05:01.735196,Unauthorized Access,Africa,Firewall,80,11445,575,1,1819
EVT001647,2026-08-20 21:13:01.735196,Unauthorized Access,Asia,Firewall,0,459,36,0,432
EVT001648,2026-08-20 21:21:01.735196,Phishing,Oceania,Desktop,1,663,90,0,62
EVT001649,2026-08-20 21:29:01.735196,Phishing,North America,Desktop,3,419,13,0,434
EVT001650,2026-08-20 21:37:01.735196,Ransomware,Africa,Router,2,967,6,0,252
EVT001651,2026-08-20 21:45:01.735196,Malware,South America,Server,0,759,93,1,145
EVT001652,2026-08-20 21:53:01.735196,Malware,North America,Router,5,382,22,0,317
EVT001653,2026-08-20 22:01:01.735196,Brute Force,Africa,Firewall,5,968,38,0,68
EVT001654,2026-08-20 22:09:01.735196,Brute Force,Oceania,Router,2,902,5,0,422
EVT001655,2026-08-20 22:17:01.735196,Ransomware,Asia,Laptop,4,117,99,0,281
EVT001656,2026-08-20 22:25:01.735196,Brute Force,Africa,Server,2,111,79,0,138
EVT001657,2026-08-20 22:33:01.735196,DDoS,Africa,Laptop,2,544,58,0,435
EVT001658,2026-08-20 22:41:01.735196,Brute Force,South America,Server,0,803,83,0,465
EVT001659,2026-08-20 22:49:01.735196,Brute Force,Oceania,Router,0,826,83,0,112
EVT001660,2026-08-20 22:57:01.735196,Phishing,Europe,Firewall,5,946,51,0,471
EVT001661,2026-08-20 23:05:01.735196,Ransomware,South America,Laptop,6,751,88,0,55
EVT001662,2026-08-20 23:13:01.735196,Brute Force,Asia,Desktop,5,889,87,0,10
EVT001663,2026-08-20 23:21:01.735196,Malware,North America,Router,1,583,35,1,75
EVT001664,2026-08-20 23:29:01.735196,DDoS,South America,Laptop,0,557,99,1,159
EVT001665,2026-08-20 23:37:01.735196,Ransomware,Africa,Firewall,3,480,44,0,129
EVT001666,2026-08-20 23:45:01.735196,Malware,South America,Server,2,242,41,0,240
EVT001667,2026-08-20 23:53:01.735196,Brute Force,North America,Desktop,3,935,28,0,202
EVT001668,2026-08-21 00:01:01.735196,DDoS,Africa,Router,3,477,16,0,344
EVT001669,2026-08-21 00:09:01.735196,Phishing,Africa,Laptop,4,779,65,0,333
EVT001670,2026-08-21 00:17:01.735196,DDoS,North America,Desktop,3,336,86,1,330
EVT001671,2026-08-21 00:25:01.735196,Brute Force,Africa,Router,5,488,38,1,218
EVT001672,2026-08-21 00:33:01.735196,DDoS,Africa,Desktop,4,576,54,0,41
EVT001673,2026-08-21 00:41:01.735196,Phishing,Europe,Server,3,291,24,0,437
EVT001674,2026-08-21 00:49:01.735196,Brute Force,Africa,Router,3,188,36,0,259
EVT001675,2026-08-21 00:57:01.735196,Unauthorized Access,South America,Desktop,5,215,71,0,178
EVT001676,2026-08-21 01:05:01.735196,DDoS,Europe,Desktop,3,682,32,0,474
EVT001677,2026-08-21 01:13:01.735196,Malware,Africa,Server,4,325,56,0,231
EVT001678,2026-08-21 01:21:01.735196,Unauthorized Access,South America,Desktop,4,211,47,0,341
EVT001679,2026-08-21 01:29:01.735196,Brute Force,North America,Server,3,632,5,1,381
EVT001680,2026-08-21 01:37:01.735196,Phishing,Africa,Server,5,862,43,0,192
EVT001681,2026-08-21 01:45:01.735196,Brute Force,Europe,Router,5,775,33,0,122
EVT001682,2026-08-21 01:53:01.735196,DDoS,Africa,Firewall,5,545,47,0,24
EVT001683,2026-08-21 02:01:01.735196,Phishing,Oceania,Desktop,2,681,12,0,233
EVT001684,2026-08-21 02:09:01.735196,Brute Force,Asia,Router,3,123,92,0,290
EVT001685,2026-08-21 02:17:01.735196,Ransomware,North America,Firewall,2,740,54,0,142
EVT001686,2026-08-21 02:25:01.735196,Unauthorized Access,South America,Laptop,146,11995,371,1,1051
EVT001687,2026-08-21 02:33:01.735196,Malware,Asia,Firewall,4,359,47,0,268
EVT001688,2026-08-21 02:41:01.735196,Malware,Oceania,Firewall,4,308,87,0,140
EVT001689,2026-08-21 02:49:01.735196,Ransomware,North America,Desktop,4,255,62,0,400
EVT001690,2026-08-21 02:57:01.735196,Phishing,South America,Firewall,3,753,67,0,100
EVT001691,2026-08-21 03:05:01.735196,Ransomware,Oceania,Router,4,215,68,0,411
EVT001692,2026-08-21 03:13:01.735196,DDoS,Africa,Laptop,2,115,77,0,171
EVT001693,2026-08-21 03:21:01.735196,DDoS,Europe,Laptop,4,897,25,0,485
EVT001694,2026-08-21 03:29:01.735196,Ransomware,South America,Laptop,1,316,36,0,225
EVT001695,2026-08-21 03:37:01.735196,Brute Force,Europe,Laptop,4,260,67,0,161
EVT001696,2026-08-21 03:45:01.735196,Brute Force,North America,Laptop,65,9507,699,1,1227
EVT001697,2026-08-21 03:53:01.735196,DDoS,Oceania,Router,6,905,96,0,346
EVT001698,2026-08-21 04:01:01.735196,Phishing,North America,Laptop,3,849,92,0,112
EVT001699,2026-08-21 04:09:01.735196,DDoS,South America,Firewall,2,478,61,0,247
EVT001700,2026-08-21 04:17:01.735196,Unauthorized Access,Europe,Router,4,692,14,0,242
EVT001701,2026-08-21 04:25:01.735196,Unauthorized Access,South America,Router,6,662,40,0,316
EVT001702,2026-08-21 04:33:01.735196,Phishing,South America,Firewall,1,304,95,0,154
EVT001703,2026-08-21 04:41:01.735196,DDoS,Oceania,Laptop,118,12804,717,1,1685
EVT001704,2026-08-21 04:49:01.735196,Ransomware,South America,Firewall,2,892,48,0,112
EVT001705,2026-08-21 04:57:01.735196,Malware,North America,Firewall,3,763,30,0,480
EVT001706,2026-08-21 05:05:01.735196,Ransomware,North America,Firewall,4,911,39,0,159
EVT001707,2026-08-21 05:13:01.735196,Brute Force,North America,Laptop,3,743,86,0,106
EVT001708,2026-08-21 05:21:01.735196,Unauthorized Access,Asia,Router,3,723,79,0,106
EVT001709,2026-08-21 05:29:01.735196,Unauthorized Access,Africa,Server,2,904,72,0,198
EVT001710,2026-08-21 05:37:01.735196,Brute Force,Oceania,Server,1,279,22,1,190
EVT001711,2026-08-21 05:45:01.735196,Unauthorized Access,Africa,Desktop,2,361,15,0,477
EVT001712,2026-08-21 05:53:01.735196,Ransomware,Africa,Server,6,944,67,0,220
EVT001713,2026-08-21 06:01:01.735196,Unauthorized Access,South America,Firewall,3,632,90,0,496
EVT001714,2026-08-21 06:09:01.735196,DDoS,Asia,Desktop,1,295,49,0,254
EVT001715,2026-08-21 06:17:01.735196,Malware,Oceania,Firewall,2,757,58,0,143
EVT001716,2026-08-21 06:25:01.735196,Brute Force,Africa,Desktop,2,462,47,0,368
EVT001717,2026-08-21 06:33:01.735196,DDoS,Africa,Laptop,8,566,12,0,263
EVT001718,2026-08-21 06:41:01.735196,Brute Force,Asia,Firewall,3,417,17,0,285
EVT001719,2026-08-21 06:49:01.735196,DDoS,North America,Laptop,93,8357,628,1,1452
EVT001720,2026-08-21 06:57:01.735196,Ransomware,Asia,Laptop,0,113,23,0,204
EVT001721,2026-08-21 07:05:01.735196,Ransomware,Asia,Server,2,869,94,1,154
EVT001722,2026-08-21 07:13:01.735196,Unauthorized Access,Europe,Firewall,2,315,97,1,72
EVT001723,2026-08-21 07:21:01.735196,Brute Force,South America,Desktop,3,169,27,0,264
EVT001724,2026-08-21 07:29:01.735196,Ransomware,Oceania,Laptop,3,860,89,0,441
EVT001725,2026-08-21 07:37:01.735196,Unauthorized Access,North America,Desktop,6,189,75,0,31
EVT001726,2026-08-21 07:45:01.735196,Phishing,Africa,Laptop,0,157,34,0,115
EVT001727,2026-08-21 07:53:01.735196,DDoS,South America,Laptop,7,173,36,0,344
EVT001728,2026-08-21 08:01:01.735196,Brute Force,Oceania,Laptop,2,183,19,0,487
EVT001729,2026-08-21 08:09:01.735196,Brute Force,Asia,Server,7,369,96,0,327
EVT001730,2026-08-21 08:17:01.735196,Malware,North America,Laptop,2,993,36,0,41
EVT001731,2026-08-21 08:25:01.735196,DDoS,Asia,Router,7,669,48,0,245
EVT001732,2026-08-21 08:33:01.735196,Unauthorized Access,Europe,Router,2,581,85,0,178
EVT001733,2026-08-21 08:41:01.735196,DDoS,South America,Desktop,1,746,50,0,480
EVT001734,2026-08-21 08:49:01.735196,DDoS,North America,Desktop,6,252,59,0,158
EVT001735,2026-08-21 08:57:01.735196,DDoS,South America,Desktop,1,615,96,0,468
EVT001736,2026-08-21 09:05:01.735196,Brute Force,North America,Server,2,783,43,1,284
EVT001737,2026-08-21 09:13:01.735196,Brute Force,Asia,Router,3,303,97,0,389
EVT001738,2026-08-21 09:21:01.735196,Brute Force,Asia,Desktop,3,328,52,0,224
EVT001739,2026-08-21 09:29:01.735196,Malware,Asia,Firewall,3,487,98,0,435
EVT001740,2026-08-21 09:37:01.735196,Brute Force,Oceania,Laptop,4,316,85,0,417
EVT001741,2026-08-21 09:45:01.735196,Unauthorized Access,Europe,Firewall,2,455,94,0,168
EVT001742,2026-08-21 09:53:01.735196,Brute Force,Europe,Desktop,3,736,56,0,370
EVT001743,2026-08-21 10:01:01.735196,Brute Force,North America,Server,3,565,52,0,153
EVT001744,2026-08-21 10:09:01.735196,Malware,Africa,Server,95,9555,646,1,1024
EVT001745,2026-08-21 10:17:01.735196,Ransomware,Europe,Desktop,3,699,48,0,249
EVT001746,2026-08-21 10:25:01.735196,Malware,North America,Firewall,3,706,67,0,188
EVT001747,2026-08-21 10:33:01.735196,Unauthorized Access,Oceania,Laptop,4,556,96,0,81
EVT001748,2026-08-21 10:41:01.735196,Brute Force,North America,Server,2,672,32,1,268
EVT001749,2026-08-21 10:49:01.735196,Unauthorized Access,Europe,Router,3,224,19,1,22
EVT001750,2026-08-21 10:57:01.735196,Brute Force,Africa,Laptop,1,617,60,1,443
EVT001751,2026-08-21 11:05:01.735196,Brute Force,Europe,Desktop,3,804,19,0,177
EVT001752,2026-08-21 11:13:01.735196,Brute Force,North America,Router,6,306,30,0,146
EVT001753,2026-08-21 11:21:01.735196,Ransomware,South America,Desktop,2,272,6,0,49
EVT001754,2026-08-21 11:29:01.735196,Malware,Asia,Server,5,165,99,0,204
EVT001755,2026-08-21 11:37:01.735196,Ransomware,North America,Desktop,2,626,41,0,441
EVT001756,2026-08-21 11:45:01.735196,Ransomware,Europe,Router,3,746,38,0,48
EVT001757,2026-08-21 11:53:01.735196,Phishing,Africa,Router,3,583,85,1,258
EVT001758,2026-08-21 12:01:01.735196,DDoS,North America,Laptop,1,907,22,0,199
EVT001759,2026-08-21 12:09:01.735196,DDoS,Europe,Firewall,5,777,26,1,462
EVT001760,2026-08-21 12:17:01.735196,DDoS,Oceania,Desktop,1,214,55,0,180
EVT001761,2026-08-21 12:25:01.735196,Malware,North America,Firewall,4,994,90,0,444
EVT001762,2026-08-21 12:33:01.735196,DDoS,North America,Router,6,308,11,0,391
EVT001763,2026-08-21 12:41:01.735196,Brute Force,North America,Server,1,608,96,0,158
EVT001764,2026-08-21 12:49:01.735196,Ransomware,Europe,Desktop,4,333,39,0,412
EVT001765,2026-08-21 12:57:01.735196,Unauthorized Access,North America,Firewall,3,963,25,0,411
EVT001766,2026-08-21 13:05:01.735196,DDoS,South America,Router,5,440,46,0,221
EVT001767,2026-08-21 13:13:01.735196,Brute Force,North America,Firewall,5,683,95,0,311
EVT001768,2026-08-21 13:21:01.735196,DDoS,Oceania,Router,5,198,66,0,92
EVT001769,2026-08-21 13:29:01.735196,Unauthorized Access,Asia,Desktop,4,363,42,0,327
EVT001770,2026-08-21 13:37:01.735196,DDoS,North America,Server,0,400,69,0,402
EVT001771,2026-08-21 13:45:01.735196,Ransomware,North America,Router,4,168,93,0,186
EVT001772,2026-08-21 13:53:01.735196,Ransomware,Oceania,Laptop,5,857,31,0,293
EVT001773,2026-08-21 14:01:01.735196,Malware,South America,Laptop,0,146,86,0,19
EVT001774,2026-08-21 14:09:01.735196,DDoS,North America,Desktop,3,160,40,0,217
EVT001775,2026-08-21 14:17:01.735196,Brute Force,South America,Laptop,0,343,93,0,443
EVT001776,2026-08-21 14:25:01.735196,Phishing,North America,Firewall,2,659,94,0,437
EVT001777,2026-08-21 14:33:01.735196,DDoS,North America,Firewall,0,994,59,0,401
EVT001778,2026-08-21 14:41:01.735196,DDoS,Africa,Router,6,442,37,0,434
EVT001779,2026-08-21 14:49:01.735196,Malware,North America,Desktop,4,815,8,0,457
EVT001780,2026-08-21 14:57:01.735196,Brute Force,North America,Router,5,104,32,1,90
EVT001781,2026-08-21 15:05:01.735196,Brute Force,Oceania,Firewall,0,592,13,0,489
EVT001782,2026-08-21 15:13:01.735196,Brute Force,Africa,Laptop,4,667,77,0,59
EVT001783,2026-08-21 15:21:01.735196,Phishing,North America,Server,0,612,98,0,199
EVT001784,2026-08-21 15:29:01.735196,DDoS,Oceania,Server,2,283,71,0,377
EVT001785,2026-08-21 15:37:01.735196,Unauthorized Access,North America,Laptop,1,820,93,0,405
EVT001786,2026-08-21 15:45:01.735196,Phishing,North America,Laptop,1,984,58,0,148
EVT001787,2026-08-21 15:53:01.735196,Ransomware,North America,Router,5,583,20,0,290
EVT001788,2026-08-21 16:01:01.735196,Unauthorized Access,North America,Server,3,522,5,0,456
EVT001789,2026-08-21 16:09:01.735196,Unauthorized Access,Africa,Laptop,6,465,8,0,437
EVT001790,2026-08-21 16:17:01.735196,Phishing,South America,Desktop,4,192,80,0,19
EVT001791,2026-08-21 16:25:01.735196,Brute Force,Oceania,Router,2,697,30,0,414
EVT001792,2026-08-21 16:33:01.735196,Brute Force,Africa,Firewall,1,489,18,0,161
EVT001793,2026-08-21 16:41:01.735196,Phishing,North America,Firewall,5,266,8,0,271
EVT001794,2026-08-21 16:49:01.735196,Malware,North America,Desktop,1,198,78,0,126
EVT001795,2026-08-21 16:57:01.735196,DDoS,Europe,Desktop,5,431,92,0,356
EVT001796,2026-08-21 17:05:01.735196,DDoS,Europe,Firewall,4,183,68,1,333
EVT001797,2026-08-21 17:13:01.735196,Malware,Oceania,Firewall,130,11543,378,1,1088
EVT001798,2026-08-21 17:21:01.735196,Phishing,North America,Router,2,562,86,0,488
EVT001799,2026-08-21 17:29:01.735196,Malware,Europe,Server,1,954,76,0,103
EVT001800,2026-08-21 17:37:01.735196,Unauthorized Access,Asia,Router,3,196,56,0,191
EVT001801,2026-08-21 17:45:01.735196,DDoS,Oceania,Laptop,2,162,43,0,342
EVT001802,2026-08-21 17:53:01.735196,Brute Force,Asia,Firewall,3,670,37,0,229
EVT001803,2026-08-21 18:01:01.735196,Phishing,Europe,Firewall,0,623,77,0,148
EVT001804,2026-08-21 18:09:01.735196,Unauthorized Access,Europe,Router,3,791,6,0,297
EVT001805,2026-08-21 18:17:01.735196,Malware,Oceania,Desktop,4,226,13,0,24
EVT001806,2026-08-21 18:25:01.735196,Malware,Africa,Laptop,3,318,25,0,428
EVT001807,2026-08-21 18:33:01.735196,Unauthorized Access,North America,Firewall,4,518,74,0,345
EVT001808,2026-08-21 18:41:01.735196,Unauthorized Access,Africa,Laptop,0,261,19,0,225
EVT001809,2026-08-21 18:49:01.735196,Brute Force,Oceania,Laptop,1,932,32,0,441
EVT001810,2026-08-21 18:57:01.735196,Phishing,North America,Laptop,6,338,85,0,279
EVT001811,2026-08-21 19:05:01.735196,DDoS,South America,Laptop,3,853,40,0,412
EVT001812,2026-08-21 19:13:01.735196,Malware,North America,Desktop,0,680,23,1,78
EVT001813,2026-08-21 19:21:01.735196,DDoS,Asia,Desktop,2,225,67,0,316
EVT001814,2026-08-21 19:29:01.735196,DDoS,North America,Server,0,133,53,0,198
EVT001815,2026-08-21 19:37:01.735196,Unauthorized Access,Europe,Laptop,3,414,42,0,174
EVT001816,2026-08-21 19:45:01.735196,DDoS,Africa,Server,4,632,24,0,226
EVT001817,2026-08-21 19:53:01.735196,Phishing,Oceania,Router,3,341,66,0,75
EVT001818,2026-08-21 20:01:01.735196,Ransomware,South America,Laptop,2,514,20,0,229
EVT001819,2026-08-21 20:09:01.735196,Ransomware,Europe,Server,6,288,54,0,29
EVT001820,2026-08-21 20:17:01.735196,Malware,Europe,Router,1,161,7,1,100
EVT001821,2026-08-21 20:25:01.735196,DDoS,Europe,Server,4,985,5,0,429
EVT001822,2026-08-21 20:33:01.735196,DDoS,North America,Router,3,194,22,0,255
EVT001823,2026-08-21 20:41:01.735196,Unauthorized Access,South America,Laptop,2,803,76,0,443
EVT001824,2026-08-21 20:49:01.735196,Phishing,South America,Laptop,2,375,20,0,423
EVT001825,2026-08-21 20:57:01.735196,Ransomware,Europe,Desktop,1,540,73,0,321
EVT001826,2026-08-21 21:05:01.735196,Brute Force,Africa,Server,2,666,24,1,349
EVT001827,2026-08-21 21:13:01.735196,Malware,South America,Router,5,424,67,0,25
EVT001828,2026-08-21 21:21:01.735196,Ransomware,Europe,Desktop,5,769,41,0,190
EVT001829,2026-08-21 21:29:01.735196,Brute Force,Africa,Laptop,3,184,59,0,490
EVT001830,2026-08-21 21:37:01.735196,Unauthorized Access,Europe,Server,1,950,9,0,411
EVT001831,2026-08-21 21:45:01.735196,Unauthorized Access,South America,Laptop,4,552,45,0,228
EVT001832,2026-08-21 21:53:01.735196,DDoS,Asia,Server,1,184,49,0,182
EVT001833,2026-08-21 22:01:01.735196,Brute Force,Europe,Laptop,1,282,63,0,389
EVT001834,2026-08-21 22:09:01.735196,Unauthorized Access,Europe,Firewall,2,960,73,0,481
EVT001835,2026-08-21 22:17:01.735196,Unauthorized Access,North America,Router,0,858,76,0,414
EVT001836,2026-08-21 22:25:01.735196,Malware,South America,Firewall,4,480,15,0,92
EVT001837,2026-08-21 22:33:01.735196,Unauthorized Access,South America,Router,142,6445,953,1,1396
EVT001838,2026-08-21 22:41:01.735196,Brute Force,North America,Router,3,768,45,0,278
EVT001839,2026-08-21 22:49:01.735196,Malware,Africa,Server,2,851,13,0,233
EVT001840,2026-08-21 22:57:01.735196,DDoS,Europe,Laptop,2,625,7,0,180
EVT001841,2026-08-21 23:05:01.735196,Phishing,Oceania,Server,2,546,30,0,91
EVT001842,2026-08-21 23:13:01.735196,Brute Force,Asia,Laptop,89,11176,803,1,1326
EVT001843,2026-08-21 23:21:01.735196,Unauthorized Access,Oceania,Firewall,4,756,21,0,151
EVT001844,2026-08-21 23:29:01.735196,DDoS,South America,Laptop,142,6436,545,1,1711
EVT001845,2026-08-21 23:37:01.735196,DDoS,Europe,Desktop,6,647,77,0,78
EVT001846,2026-08-21 23:45:01.735196,Brute Force,Oceania,Server,3,496,88,0,245
EVT001847,2026-08-21 23:53:01.735196,Malware,South America,Desktop,1,892,97,0,414
EVT001848,2026-08-22 00:01:01.735196,Ransomware,South America,Desktop,6,565,49,0,497
EVT001849,2026-08-22 00:09:01.735196,Unauthorized Access,Africa,Firewall,1,730,57,0,360
EVT001850,2026-08-22 00:17:01.735196,Brute Force,North America,Firewall,5,550,43,0,233
EVT001851,2026-08-22 00:25:01.735196,Brute Force,North America,Firewall,3,128,85,0,171
EVT001852,2026-08-22 00:33:01.735196,Brute Force,Asia,Server,2,865,6,0,207
EVT001853,2026-08-22 00:41:01.735196,Ransomware,South America,Firewall,2,977,65,0,408
EVT001854,2026-08-22 00:49:01.735196,Ransomware,Europe,Firewall,56,13491,926,1,1701
EVT001855,2026-08-22 00:57:01.735196,Unauthorized Access,Oceania,Laptop,4,823,76,0,380
EVT001856,2026-08-22 01:05:01.735196,Ransomware,Europe,Firewall,3,353,22,0,52
EVT001857,2026-08-22 01:13:01.735196,DDoS,Oceania,Firewall,3,681,51,0,211
EVT001858,2026-08-22 01:21:01.735196,Brute Force,Europe,Laptop,1,857,85,0,294
EVT001859,2026-08-22 01:29:01.735196,Ransomware,Africa,Router,2,124,65,0,13
EVT001860,2026-08-22 01:37:01.735196,Malware,Asia,Desktop,0,460,61,0,126
EVT001861,2026-08-22 01:45:01.735196,Unauthorized Access,Africa,Server,4,454,91,0,491
EVT001862,2026-08-22 01:53:01.735196,Unauthorized Access,Oceania,Firewall,5,955,11,0,390
EVT001863,2026-08-22 02:01:01.735196,DDoS,Africa,Desktop,4,996,83,0,120
EVT001864,2026-08-22 02:09:01.735196,Brute Force,North America,Laptop,8,264,97,0,233
EVT001865,2026-08-22 02:17:01.735196,DDoS,North America,Server,5,170,21,0,294
EVT001866,2026-08-22 02:25:01.735196,Phishing,Asia,Server,3,333,73,0,222
EVT001867,2026-08-22 02:33:01.735196,Ransomware,North America,Laptop,1,504,24,0,414
EVT001868,2026-08-22 02:41:01.735196,Phishing,Africa,Server,2,369,63,0,133
EVT001869,2026-08-22 02:49:01.735196,Brute Force,Africa,Laptop,3,874,81,1,138
EVT001870,2026-08-22 02:57:01.735196,DDoS,South America,Server,2,925,93,0,26
EVT001871,2026-08-22 03:05:01.735196,Malware,North America,Laptop,1,795,58,0,225
EVT001872,2026-08-22 03:13:01.735196,Unauthorized Access,Oceania,Desktop,2,216,49,0,40
EVT001873,2026-08-22 03:21:01.735196,Ransomware,Oceania,Desktop,3,306,56,0,388
EVT001874,2026-08-22 03:29:01.735196,Brute Force,Oceania,Firewall,3,911,45,1,195
EVT001875,2026-08-22 03:37:01.735196,DDoS,South America,Desktop,3,527,87,0,104
EVT001876,2026-08-22 03:45:01.735196,Ransomware,Europe,Desktop,3,254,55,0,83
EVT001877,2026-08-22 03:53:01.735196,Ransomware,Asia,Server,6,258,22,0,39
EVT001878,2026-08-22 04:01:01.735196,Ransomware,South America,Laptop,3,674,10,0,280
EVT001879,2026-08-22 04:09:01.735196,Phishing,Oceania,Firewall,1,948,22,0,129
EVT001880,2026-08-22 04:17:01.735196,Phishing,Oceania,Laptop,4,910,25,0,256
EVT001881,2026-08-22 04:25:01.735196,Malware,North America,Desktop,1,196,37,0,309
EVT001882,2026-08-22 04:33:01.735196,DDoS,Asia,Desktop,5,427,93,0,210
EVT001883,2026-08-22 04:41:01.735196,Unauthorized Access,Oceania,Server,1,301,13,0,97
EVT001884,2026-08-22 04:49:01.735196,Ransomware,Europe,Desktop,1,557,59,0,121
EVT001885,2026-08-22 04:57:01.735196,Phishing,Africa,Desktop,1,789,69,0,216
EVT001886,2026-08-22 05:05:01.735196,Malware,South America,Router,2,817,83,0,146
EVT001887,2026-08-22 05:13:01.735196,DDoS,Asia,Laptop,9,929,94,0,69
EVT001888,2026-08-22 05:21:01.735196,Brute Force,Africa,Firewall,113,10776,388,1,1897
EVT001889,2026-08-22 05:29:01.735196,Brute Force,Asia,Router,5,537,48,0,390
EVT001890,2026-08-22 05:37:01.735196,Unauthorized Access,Oceania,Laptop,5,150,57,0,86
EVT001891,2026-08-22 05:45:01.735196,Brute Force,South America,Desktop,2,579,25,0,250
EVT001892,2026-08-22 05:53:01.735196,Brute Force,South America,Server,6,715,20,0,155
EVT001893,2026-08-22 06:01:01.735196,Unauthorized Access,North America,Desktop,3,586,53,0,31
EVT001894,2026-08-22 06:09:01.735196,Unauthorized Access,Europe,Router,60,5929,319,1,914
EVT001895,2026-08-22 06:17:01.735196,Ransomware,North America,Firewall,2,506,56,0,322
EVT001896,2026-08-22 06:25:01.735196,Unauthorized Access,Africa,Laptop,1,813,18,0,23
EVT001897,2026-08-22 06:33:01.735196,Ransomware,Europe,Server,1,133,23,0,269
EVT001898,2026-08-22 06:41:01.735196,DDoS,Oceania,Server,6,545,62,0,460
EVT001899,2026-08-22 06:49:01.735196,DDoS,Europe,Router,2,242,36,0,13
EVT001900,2026-08-22 06:57:01.735196,Unauthorized Access,Africa,Server,1,652,23,1,95
EVT001901,2026-08-22 07:05:01.735196,Ransomware,South America,Laptop,7,655,86,0,427
EVT001902,2026-08-22 07:13:01.735196,DDoS,Asia,Router,2,355,42,0,146
EVT001903,2026-08-22 07:21:01.735196,Ransomware,Asia,Desktop,0,454,56,0,456
EVT001904,2026-08-22 07:29:01.735196,DDoS,Africa,Server,7,565,42,1,183
EVT001905,2026-08-22 07:37:01.735196,DDoS,Oceania,Router,3,505,30,0,373
EVT001906,2026-08-22 07:45:01.735196,Ransomware,Europe,Router,1,391,25,0,313
EVT001907,2026-08-22 07:53:01.735196,DDoS,Europe,Firewall,1,763,94,0,280
EVT001908,2026-08-22 08:01:01.735196,Phishing,Europe,Desktop,6,543,54,1,296
EVT001909,2026-08-22 08:09:01.735196,Unauthorized Access,Asia,Server,3,746,80,0,355
EVT001910,2026-08-22 08:17:01.735196,Unauthorized Access,South America,Server,3,230,54,1,319
EVT001911,2026-08-22 08:25:01.735196,Brute Force,Asia,Router,74,6212,301,1,1640
EVT001912,2026-08-22 08:33:01.735196,DDoS,Oceania,Firewall,1,976,72,0,93
EVT001913,2026-08-22 08:41:01.735196,Phishing,Europe,Laptop,4,134,55,1,86
EVT001914,2026-08-22 08:49:01.735196,Ransomware,Africa,Router,0,625,97,0,247
EVT001915,2026-08-22 08:57:01.735196,Ransomware,Africa,Desktop,84,6854,654,1,1277
EVT001916,2026-08-22 09:05:01.735196,Brute Force,South America,Laptop,3,818,22,0,149
EVT001917,2026-08-22 09:13:01.735196,Malware,Europe,Desktop,147,9675,753,1,1682
EVT001918,2026-08-22 09:21:01.735196,Brute Force,Oceania,Router,0,483,76,1,74
EVT001919,2026-08-22 09:29:01.735196,Brute Force,Asia,Router,5,698,52,0,472
EVT001920,2026-08-22 09:37:01.735196,Brute Force,Oceania,Laptop,3,921,95,0,257
EVT001921,2026-08-22 09:45:01.735196,Ransomware,South America,Server,146,12615,664,1,1829
EVT001922,2026-08-22 09:53:01.735196,Ransomware,Africa,Router,5,921,9,0,192
EVT001923,2026-08-22 10:01:01.735196,Ransomware,Oceania,Router,2,633,77,0,163
EVT001924,2026-08-22 10:09:01.735196,Malware,Asia,Firewall,2,276,7,0,151
EVT001925,2026-08-22 10:17:01.735196,Malware,Asia,Laptop,3,783,74,0,281
EVT001926,2026-08-22 10:25:01.735196,Phishing,Asia,Router,3,480,42,0,336
EVT001927,2026-08-22 10:33:01.735196,Phishing,Asia,Laptop,4,880,88,0,98
EVT001928,2026-08-22 10:41:01.735196,Ransomware,South America,Desktop,2,341,38,0,306
EVT001929,2026-08-22 10:49:01.735196,Ransomware,Africa,Server,41,10253,608,1,1509
EVT001930,2026-08-22 10:57:01.735196,Brute Force,Europe,Server,1,269,38,0,154
EVT001931,2026-08-22 11:05:01.735196,Phishing,Africa,Desktop,4,145,21,0,270
EVT001932,2026-08-22 11:13:01.735196,Brute Force,Asia,Desktop,2,692,95,0,401
EVT001933,2026-08-22 11:21:01.735196,Brute Force,Asia,Server,2,905,58,0,229
EVT001934,2026-08-22 11:29:01.735196,Ransomware,Europe,Server,0,578,13,0,412
EVT001935,2026-08-22 11:37:01.735196,Ransomware,Asia,Router,1,130,7,0,308
EVT001936,2026-08-22 11:45:01.735196,Phishing,North America,Laptop,4,556,51,0,419
EVT001937,2026-08-22 11:53:01.735196,Phishing,Europe,Firewall,5,732,94,0,157
EVT001938,2026-08-22 12:01:01.735196,Unauthorized Access,Africa,Firewall,5,341,55,0,393
EVT001939,2026-08-22 12:09:01.735196,Malware,South America,Router,1,588,76,1,384
EVT001940,2026-08-22 12:17:01.735196,Malware,Europe,Server,6,921,50,0,231
EVT001941,2026-08-22 12:25:01.735196,Ransomware,Oceania,Desktop,5,615,69,0,129
EVT001942,2026-08-22 12:33:01.735196,DDoS,Africa,Firewall,2,757,52,0,306
EVT001943,2026-08-22 12:41:01.735196,Ransomware,Europe,Desktop,4,350,45,0,369
EVT001944,2026-08-22 12:49:01.735196,Malware,Europe,Laptop,106,10431,411,1,1560
EVT001945,2026-08-22 12:57:01.735196,Phishing,Oceania,Laptop,3,267,45,0,181
EVT001946,2026-08-22 13:05:01.735196,Phishing,Europe,Server,3,563,86,0,75
EVT001947,2026-08-22 13:13:01.735196,Malware,North America,Server,3,220,24,0,283
EVT001948,2026-08-22 13:21:01.735196,DDoS,North America,Laptop,3,639,54,0,77
EVT001949,2026-08-22 13:29:01.735196,Brute Force,Africa,Firewall,3,275,49,0,451
EVT001950,2026-08-22 13:37:01.735196,Malware,Asia,Server,1,373,53,0,24
EVT001951,2026-08-22 13:45:01.735196,Brute Force,North America,Server,4,389,22,0,339
EVT001952,2026-08-22 13:53:01.735196,Unauthorized Access,Europe,Firewall,3,595,46,0,254
EVT001953,2026-08-22 14:01:01.735196,Phishing,Oceania,Desktop,5,492,78,0,241
EVT001954,2026-08-22 14:09:01.735196,Phishing,Oceania,Desktop,33,5832,549,1,797
EVT001955,2026-08-22 14:17:01.735196,Ransomware,Asia,Laptop,4,849,40,0,266
EVT001956,2026-08-22 14:25:01.735196,Brute Force,Africa,Laptop,1,348,73,0,444
EVT001957,2026-08-22 14:33:01.735196,Malware,North America,Firewall,3,158,95,0,275
EVT001958,2026-08-22 14:41:01.735196,Unauthorized Access,Europe,Laptop,3,505,93,0,145
EVT001959,2026-08-22 14:49:01.735196,Phishing,Africa,Server,5,172,49,0,307
EVT001960,2026-08-22 14:57:01.735196,Malware,Europe,Firewall,2,747,89,0,152
EVT001961,2026-08-22 15:05:01.735196,DDoS,Asia,Firewall,5,306,22,0,128
EVT001962,2026-08-22 15:13:01.735196,Brute Force,North America,Laptop,3,646,73,0,248
EVT001963,2026-08-22 15:21:01.735196,DDoS,South America,Laptop,5,703,50,0,424
EVT001964,2026-08-22 15:29:01.735196,DDoS,North America,Desktop,2,216,29,0,91
EVT001965,2026-08-22 15:37:01.735196,Malware,Africa,Laptop,3,425,82,0,330
EVT001966,2026-08-22 15:45:01.735196,Ransomware,Oceania,Desktop,4,170,54,0,254
EVT001967,2026-08-22 15:53:01.735196,Malware,North America,Desktop,1,276,80,0,497
EVT001968,2026-08-22 16:01:01.735196,DDoS,Asia,Router,3,971,72,0,119
EVT001969,2026-08-22 16:09:01.735196,Ransomware,Oceania,Router,5,630,95,0,414
EVT001970,2026-08-22 16:17:01.735196,DDoS,Asia,Router,2,555,23,1,37
EVT001971,2026-08-22 16:25:01.735196,Malware,South America,Desktop,2,713,52,0,466
EVT001972,2026-08-22 16:33:01.735196,Brute Force,South America,Server,3,630,80,1,34
EVT001973,2026-08-22 16:41:01.735196,Unauthorized Access,Oceania,Server,2,906,34,0,411
EVT001974,2026-08-22 16:49:01.735196,DDoS,South America,Firewall,2,605,10,0,459
EVT001975,2026-08-22 16:57:01.735196,Brute Force,Europe,Server,5,145,71,0,238
EVT001976,2026-08-22 17:05:01.735196,Phishing,Asia,Laptop,4,259,64,0,165
EVT001977,2026-08-22 17:13:01.735196,DDoS,North America,Laptop,0,813,88,0,471
EVT001978,2026-08-22 17:21:01.735196,Brute Force,South America,Desktop,4,283,68,1,84
EVT001979,2026-08-22 17:29:01.735196,Unauthorized Access,Africa,Desktop,3,755,91,0,341
EVT001980,2026-08-22 17:37:01.735196,Brute Force,South America,Desktop,4,594,88,0,475
EVT001981,2026-08-22 17:45:01.735196,Unauthorized Access,South America,Router,3,574,27,0,332
EVT001982,2026-08-22 17:53:01.735196,Phishing,South America,Server,5,231,97,0,60
EVT001983,2026-08-22 18:01:01.735196,DDoS,South America,Laptop,2,713,85,0,426
EVT001984,2026-08-22 18:09:01.735196,Phishing,North America,Server,2,549,39,0,153
EVT001985,2026-08-22 18:17:01.735196,Malware,South America,Server,7,663,58,0,442
EVT001986,2026-08-22 18:25:01.735196,DDoS,Africa,Desktop,4,829,92,0,249
EVT001987,2026-08-22 18:33:01.735196,Unauthorized Access,Africa,Server,3,962,52,0,205
EVT001988,2026-08-22 18:41:01.735196,Brute Force,Africa,Router,6,915,19,0,299
EVT001989,2026-08-22 18:49:01.735196,Phishing,Asia,Router,2,118,53,0,37
EVT001990,2026-08-22 18:57:01.735196,Ransomware,Africa,Desktop,2,275,77,0,38
EVT001991,2026-08-22 19:05:01.735196,Unauthorized Access,Africa,Server,4,793,72,0,435
EVT001992,2026-08-22 19:13:01.735196,Malware,South America,Server,3,968,12,0,208
EVT001993,2026-08-22 19:21:01.735196,Ransomware,South America,Router,0,870,82,0,181
EVT001994,2026-08-22 19:29:01.735196,Malware,Europe,Firewall,2,620,30,0,90
EVT001995,2026-08-22 19:37:01.735196,Ransomware,Oceania,Laptop,5,723,76,0,66
EVT001996,2026-08-22 19:45:01.735196,Phishing,Asia,Router,4,770,74,0,270
EVT001997,2026-08-22 19:53:01.735196,Malware,Africa,Router,1,919,73,0,404
EVT001998,2026-08-22 20:01:01.735196,Brute Force,Africa,Firewall,2,866,83,0,82
EVT001999,2026-08-22 20:09:01.735196,Unauthorized Access,Europe,Firewall,2,402,34,0,330
EVT002000,2026-08-22 20:17:01.735196,Ransomware,South America,Firewall,2,535,22,0,361
EVT002001,2026-08-22 20:25:01.735196,Unauthorized Access,Oceania,Desktop,3,199,89,1,424
EVT002002,2026-08-22 20:33:01.735196,Ransomware,Asia,Server,3,316,65,0,199
EVT002003,2026-08-22 20:41:01.735196,Malware,Europe,Desktop,124,5420,568,1,962
EVT002004,2026-08-22 20:49:01.735196,Brute Force,Africa,Server,4,197,5,0,51
EVT002005,2026-08-22 20:57:01.735196,Brute Force,Asia,Router,3,266,19,0,96
EVT002006,2026-08-22 21:05:01.735196,Ransomware,Asia,Router,3,130,73,0,423
EVT002007,2026-08-22 21:13:01.735196,Brute Force,Europe,Laptop,5,894,54,0,209
EVT002008,2026-08-22 21:21:01.735196,Ransomware,Africa,Server,4,793,22,0,441
EVT002009,2026-08-22 21:29:01.735196,Malware,Asia,Server,5,322,29,0,331
EVT002010,2026-08-22 21:37:01.735196,Malware,Africa,Desktop,2,351,18,1,299
EVT002011,2026-08-22 21:45:01.735196,Brute Force,South America,Firewall,60,14549,864,1,1155
EVT002012,2026-08-22 21:53:01.735196,DDoS,Asia,Server,4,285,32,0,188
EVT002013,2026-08-22 22:01:01.735196,Unauthorized Access,North America,Desktop,2,108,40,1,357
EVT002014,2026-08-22 22:09:01.735196,DDoS,Asia,Firewall,1,549,63,0,127
EVT002015,2026-08-22 22:17:01.735196,DDoS,North America,Laptop,1,642,37,0,178
EVT002016,2026-08-22 22:25:01.735196,Unauthorized Access,Oceania,Desktop,7,326,83,0,41
EVT002017,2026-08-22 22:33:01.735196,Ransomware,Asia,Router,0,170,73,0,478
EVT002018,2026-08-22 22:41:01.735196,Brute Force,North America,Firewall,4,220,89,0,50
EVT002019,2026-08-22 22:49:01.735196,Ransomware,North America,Desktop,3,886,47,0,230
EVT002020,2026-08-22 22:57:01.735196,DDoS,Europe,Firewall,5,559,63,0,113
EVT002021,2026-08-22 23:05:01.735196,Malware,Oceania,Firewall,4,100,15,0,137
EVT002022,2026-08-22 23:13:01.735196,Ransomware,Asia,Server,2,617,32,0,17
EVT002023,2026-08-22 23:21:01.735196,Unauthorized Access,South America,Router,3,557,88,0,163
EVT002024,2026-08-22 23:29:01.735196,Malware,Oceania,Desktop,5,211,62,1,56
EVT002025,2026-08-22 23:37:01.735196,Ransomware,South America,Firewall,1,661,73,0,230
EVT002026,2026-08-22 23:45:01.735196,DDoS,South America,Desktop,3,523,6,0,199
EVT002027,2026-08-22 23:53:01.735196,DDoS,Oceania,Firewall,2,660,73,0,410
EVT002028,2026-08-23 00:01:01.735196,Malware,Oceania,Firewall,4,724,19,0,147
EVT002029,2026-08-23 00:09:01.735196,Unauthorized Access,South America,Laptop,3,770,74,0,224
EVT002030,2026-08-23 00:17:01.735196,Brute Force,South America,Desktop,3,982,44,0,98
EVT002031,2026-08-23 00:25:01.735196,Unauthorized Access,Africa,Router,4,612,17,0,283
EVT002032,2026-08-23 00:33:01.735196,Brute Force,Oceania,Server,2,471,84,1,316
EVT002033,2026-08-23 00:41:01.735196,Ransomware,South America,Laptop,1,226,97,0,135
EVT002034,2026-08-23 00:49:01.735196,Brute Force,Oceania,Desktop,1,696,93,0,288
EVT002035,2026-08-23 00:57:01.735196,DDoS,Asia,Server,5,498,55,0,206
EVT002036,2026-08-23 01:05:01.735196,DDoS,Asia,Desktop,3,245,30,0,376
EVT002037,2026-08-23 01:13:01.735196,Ransomware,Oceania,Firewall,1,610,99,0,225
EVT002038,2026-08-23 01:21:01.735196,Phishing,North America,Laptop,2,954,93,0,400
EVT002039,2026-08-23 01:29:01.735196,Phishing,Asia,Router,1,480,81,0,101
EVT002040,2026-08-23 01:37:01.735196,DDoS,South America,Server,2,806,68,0,251
EVT002041,2026-08-23 01:45:01.735196,Ransomware,Europe,Server,3,670,71,0,416
EVT002042,2026-08-23 01:53:01.735196,Ransomware,Oceania,Firewall,1,738,91,0,386
EVT002043,2026-08-23 02:01:01.735196,Malware,Oceania,Router,6,890,82,0,168
EVT002044,2026-08-23 02:09:01.735196,Malware,North America,Desktop,3,288,87,0,421
EVT002045,2026-08-23 02:17:01.735196,Malware,South America,Desktop,2,641,71,0,243
EVT002046,2026-08-23 02:25:01.735196,Malware,South America,Laptop,4,457,77,0,324
EVT002047,2026-08-23 02:33:01.735196,Unauthorized Access,Oceania,Firewall,1,196,29,0,162
EVT002048,2026-08-23 02:41:01.735196,Unauthorized Access,Oceania,Firewall,4,724,27,0,376
EVT002049,2026-08-23 02:49:01.735196,Unauthorized Access,Asia,Router,4,232,19,0,354
EVT002050,2026-08-23 02:57:01.735196,Phishing,Africa,Server,7,699,79,0,329
EVT002051,2026-08-23 03:05:01.735196,Ransomware,Asia,Firewall,2,229,83,0,315
EVT002052,2026-08-23 03:13:01.735196,Brute Force,Oceania,Laptop,3,757,88,0,74
EVT002053,2026-08-23 03:21:01.735196,Phishing,Europe,Server,3,841,33,0,374
EVT002054,2026-08-23 03:29:01.735196,Ransomware,South America,Router,0,964,9,1,97
EVT002055,2026-08-23 03:37:01.735196,Unauthorized Access,North America,Router,2,657,55,0,406
EVT002056,2026-08-23 03:45:01.735196,Brute Force,North America,Desktop,6,742,72,0,270
EVT002057,2026-08-23 03:53:01.735196,DDoS,Oceania,Laptop,2,248,47,0,429
EVT002058,2026-08-23 04:01:01.735196,Phishing,Asia,Router,2,144,78,0,70
EVT002059,2026-08-23 04:09:01.735196,Ransomware,North America,Firewall,1,514,39,0,109
EVT002060,2026-08-23 04:17:01.735196,Brute Force,Oceania,Server,110,7253,889,1,1612
EVT002061,2026-08-23 04:25:01.735196,Brute Force,Europe,Desktop,3,691,42,0,237
EVT002062,2026-08-23 04:33:01.735196,Ransomware,Oceania,Desktop,4,905,84,0,446
EVT002063,2026-08-23 04:41:01.735196,Brute Force,North America,Firewall,3,278,28,0,224
EVT002064,2026-08-23 04:49:01.735196,DDoS,South America,Server,5,674,60,0,252
EVT002065,2026-08-23 04:57:01.735196,DDoS,Asia,Desktop,1,534,69,0,403
EVT002066,2026-08-23 05:05:01.735196,Phishing,Asia,Laptop,1,155,80,0,64
EVT002067,2026-08-23 05:13:01.735196,Phishing,South America,Desktop,3,577,57,0,194
EVT002068,2026-08-23 05:21:01.735196,Brute Force,South America,Server,7,519,24,0,68
EVT002069,2026-08-23 05:29:01.735196,Malware,South America,Router,2,737,47,0,298
EVT002070,2026-08-23 05:37:01.735196,Ransomware,Oceania,Router,3,962,21,0,287
EVT002071,2026-08-23 05:45:01.735196,Malware,Europe,Desktop,6,922,86,1,367
EVT002072,2026-08-23 05:53:01.735196,Ransomware,South America,Firewall,4,503,29,0,193
EVT002073,2026-08-23 06:01:01.735196,Unauthorized Access,Oceania,Desktop,5,806,38,0,434
EVT002074,2026-08-23 06:09:01.735196,Malware,North America,Laptop,4,281,13,1,429
EVT002075,2026-08-23 06:17:01.735196,Brute Force,Europe,Server,2,490,8,0,185
EVT002076,2026-08-23 06:25:01.735196,Brute Force,Asia,Desktop,2,295,62,0,71
EVT002077,2026-08-23 06:33:01.735196,Malware,Europe,Laptop,2,738,62,0,385
EVT002078,2026-08-23 06:41:01.735196,Brute Force,Europe,Firewall,4,475,29,0,352
EVT002079,2026-08-23 06:49:01.735196,Ransomware,South America,Router,4,106,95,0,154
EVT002080,2026-08-23 06:57:01.735196,Phishing,Asia,Laptop,3,938,5,0,384
EVT002081,2026-08-23 07:05:01.735196,Ransomware,Asia,Laptop,4,599,43,0,182
EVT002082,2026-08-23 07:13:01.735196,Ransomware,Europe,Router,6,762,58,0,352
EVT002083,2026-08-23 07:21:01.735196,Unauthorized Access,Europe,Server,2,941,69,0,442
EVT002084,2026-08-23 07:29:01.735196,Unauthorized Access,Oceania,Firewall,1,214,61,0,281
EVT002085,2026-08-23 07:37:01.735196,Malware,South America,Laptop,7,684,52,0,489
EVT002086,2026-08-23 07:45:01.735196,Phishing,North America,Router,3,957,78,0,134
EVT002087,2026-08-23 07:53:01.735196,Unauthorized Access,Asia,Laptop,5,763,58,0,356
EVT002088,2026-08-23 08:01:01.735196,Ransomware,Europe,Firewall,7,107,94,0,377
EVT002089,2026-08-23 08:09:01.735196,Brute Force,Africa,Router,1,566,60,1,97
EVT002090,2026-08-23 08:17:01.735196,DDoS,Oceania,Router,7,438,44,0,428
EVT002091,2026-08-23 08:25:01.735196,Brute Force,Europe,Laptop,8,604,36,0,232
EVT002092,2026-08-23 08:33:01.735196,Ransomware,Asia,Router,10,300,53,0,177
EVT002093,2026-08-23 08:41:01.735196,DDoS,Europe,Firewall,1,443,52,0,20
EVT002094,2026-08-23 08:49:01.735196,Ransomware,Oceania,Laptop,6,700,39,0,49
EVT002095,2026-08-23 08:57:01.735196,DDoS,Europe,Server,0,211,43,0,341
EVT002096,2026-08-23 09:05:01.735196,Ransomware,Europe,Firewall,3,430,47,0,98
EVT002097,2026-08-23 09:13:01.735196,Phishing,Asia,Firewall,2,866,16,0,38
EVT002098,2026-08-23 09:21:01.735196,DDoS,North America,Server,4,249,14,0,98
EVT002099,2026-08-23 09:29:01.735196,Ransomware,Oceania,Router,2,312,91,0,229
EVT002100,2026-08-23 09:37:01.735196,Brute Force,South America,Router,2,843,70,0,213
EVT002101,2026-08-23 09:45:01.735196,Ransomware,North America,Server,2,846,52,0,244
EVT002102,2026-08-23 09:53:01.735196,Malware,Asia,Laptop,3,546,46,0,366
EVT002103,2026-08-23 10:01:01.735196,Ransomware,Africa,Firewall,4,276,25,0,36
EVT002104,2026-08-23 10:09:01.735196,Malware,North America,Desktop,3,465,86,0,479
EVT002105,2026-08-23 10:17:01.735196,DDoS,Asia,Router,1,641,86,1,222
EVT002106,2026-08-23 10:25:01.735196,Phishing,Africa,Server,3,694,39,0,69
EVT002107,2026-08-23 10:33:01.735196,Ransomware,Europe,Firewall,5,963,89,0,491
EVT002108,2026-08-23 10:41:01.735196,Ransomware,South America,Laptop,1,634,41,0,238
EVT002109,2026-08-23 10:49:01.735196,Brute Force,Africa,Router,2,696,50,0,367
EVT002110,2026-08-23 10:57:01.735196,Malware,Asia,Server,1,492,73,0,419
EVT002111,2026-08-23 11:05:01.735196,DDoS,Asia,Desktop,5,996,7,0,254
EVT002112,2026-08-23 11:13:01.735196,Ransomware,Asia,Firewall,7,213,56,0,357
EVT002113,2026-08-23 11:21:01.735196,Ransomware,Africa,Desktop,7,280,81,0,454
EVT002114,2026-08-23 11:29:01.735196,Phishing,Asia,Router,5,497,67,0,340
EVT002115,2026-08-23 11:37:01.735196,Phishing,Africa,Router,2,648,34,0,494
EVT002116,2026-08-23 11:45:01.735196,Phishing,North America,Laptop,4,598,50,0,145
EVT002117,2026-08-23 11:53:01.735196,DDoS,Asia,Laptop,2,208,13,0,275
EVT002118,2026-08-23 12:01:01.735196,DDoS,North America,Router,3,827,28,0,243
EVT002119,2026-08-23 12:09:01.735196,Ransomware,Oceania,Firewall,133,9869,763,1,1399
EVT002120,2026-08-23 12:17:01.735196,DDoS,North America,Laptop,4,930,17,0,283
EVT002121,2026-08-23 12:25:01.735196,Malware,Europe,Desktop,1,238,90,0,188
EVT002122,2026-08-23 12:33:01.735196,Phishing,Oceania,Firewall,3,743,15,1,467
EVT002123,2026-08-23 12:41:01.735196,Unauthorized Access,Oceania,Firewall,4,420,97,0,369
EVT002124,2026-08-23 12:49:01.735196,Malware,Africa,Firewall,1,819,77,0,68
EVT002125,2026-08-23 12:57:01.735196,Malware,Europe,Router,2,769,59,0,377
EVT002126,2026-08-23 13:05:01.735196,Ransomware,North America,Desktop,6,239,17,0,199
EVT002127,2026-08-23 13:13:01.735196,Brute Force,North America,Router,3,854,65,0,465
EVT002128,2026-08-23 13:21:01.735196,Malware,Asia,Laptop,3,899,42,0,224
EVT002129,2026-08-23 13:29:01.735196,DDoS,Oceania,Router,146,8513,589,1,1835
EVT002130,2026-08-23 13:37:01.735196,Ransomware,Africa,Server,6,883,77,0,437
EVT002131,2026-08-23 13:45:01.735196,Malware,Oceania,Firewall,4,859,48,0,330
EVT002132,2026-08-23 13:53:01.735196,Ransomware,Oceania,Firewall,4,947,10,0,331
EVT002133,2026-08-23 14:01:01.735196,Malware,Oceania,Desktop,2,548,84,0,184
EVT002134,2026-08-23 14:09:01.735196,Malware,Oceania,Server,4,868,79,0,151
EVT002135,2026-08-23 14:17:01.735196,Unauthorized Access,South America,Server,2,327,31,0,432
EVT002136,2026-08-23 14:25:01.735196,Phishing,Europe,Router,4,683,82,0,80
EVT002137,2026-08-23 14:33:01.735196,Phishing,Europe,Router,2,687,78,0,82
EVT002138,2026-08-23 14:41:01.735196,Ransomware,Oceania,Laptop,5,294,74,0,134
EVT002139,2026-08-23 14:49:01.735196,DDoS,South America,Desktop,5,197,92,0,200
EVT002140,2026-08-23 14:57:01.735196,Unauthorized Access,Europe,Desktop,4,279,50,0,32
EVT002141,2026-08-23 15:05:01.735196,Ransomware,Africa,Laptop,4,549,61,0,119
EVT002142,2026-08-23 15:13:01.735196,DDoS,South America,Desktop,3,949,53,0,281
EVT002143,2026-08-23 15:21:01.735196,DDoS,North America,Router,2,235,59,1,73
EVT002144,2026-08-23 15:29:01.735196,Unauthorized Access,Europe,Router,2,692,48,0,461
EVT002145,2026-08-23 15:37:01.735196,Malware,North America,Firewall,4,274,21,0,191
EVT002146,2026-08-23 15:45:01.735196,DDoS,Oceania,Laptop,5,805,56,0,151
EVT002147,2026-08-23 15:53:01.735196,Brute Force,Europe,Router,11,811,39,0,341
EVT002148,2026-08-23 16:01:01.735196,Brute Force,Africa,Server,2,808,63,0,197
EVT002149,2026-08-23 16:09:01.735196,DDoS,North America,Router,4,234,20,0,96
EVT002150,2026-08-23 16:17:01.735196,Phishing,Oceania,Desktop,1,982,69,0,421
EVT002151,2026-08-23 16:25:01.735196,Unauthorized Access,South America,Desktop,1,362,41,0,95
EVT002152,2026-08-23 16:33:01.735196,Unauthorized Access,North America,Server,4,203,17,0,37
EVT002153,2026-08-23 16:41:01.735196,Unauthorized Access,South America,Router,2,423,96,0,149
EVT002154,2026-08-23 16:49:01.735196,Brute Force,Oceania,Firewall,2,439,30,0,355
EVT002155,2026-08-23 16:57:01.735196,Ransomware,Asia,Firewall,5,577,34,0,204
EVT002156,2026-08-23 17:05:01.735196,Unauthorized Access,North America,Server,2,372,56,0,142
EVT002157,2026-08-23 17:13:01.735196,DDoS,Europe,Laptop,6,598,68,0,50
EVT002158,2026-08-23 17:21:01.735196,Malware,North America,Router,4,447,99,0,177
EVT002159,2026-08-23 17:29:01.735196,Ransomware,Asia,Firewall,2,757,84,0,80
EVT002160,2026-08-23 17:37:01.735196,Brute Force,South America,Firewall,2,820,25,0,37
EVT002161,2026-08-23 17:45:01.735196,Ransomware,Europe,Laptop,3,610,78,0,129
EVT002162,2026-08-23 17:53:01.735196,Brute Force,Africa,Desktop,3,242,30,0,229
EVT002163,2026-08-23 18:01:01.735196,Malware,South America,Firewall,2,131,13,0,449
EVT002164,2026-08-23 18:09:01.735196,DDoS,North America,Server,42,12260,657,1,1527
EVT002165,2026-08-23 18:17:01.735196,DDoS,South America,Router,1,100,47,0,201
EVT002166,2026-08-23 18:25:01.735196,Brute Force,Africa,Router,3,599,88,0,80
EVT002167,2026-08-23 18:33:01.735196,Unauthorized Access,Asia,Router,3,408,21,0,326
EVT002168,2026-08-23 18:41:01.735196,Malware,Europe,Laptop,4,689,72,0,211
EVT002169,2026-08-23 18:49:01.735196,Malware,North America,Laptop,95,6717,760,1,1406
EVT002170,2026-08-23 18:57:01.735196,Phishing,South America,Laptop,6,548,20,0,73
EVT002171,2026-08-23 19:05:01.735196,DDoS,Oceania,Firewall,5,167,91,0,94
EVT002172,2026-08-23 19:13:01.735196,Ransomware,South America,Laptop,2,969,80,0,389
EVT002173,2026-08-23 19:21:01.735196,Malware,North America,Laptop,4,361,91,0,170
EVT002174,2026-08-23 19:29:01.735196,Brute Force,Oceania,Router,4,163,94,0,483
EVT002175,2026-08-23 19:37:01.735196,DDoS,North America,Router,4,120,58,1,468
EVT002176,2026-08-23 19:45:01.735196,Phishing,Asia,Firewall,3,251,11,0,482
EVT002177,2026-08-23 19:53:01.735196,DDoS,North America,Desktop,4,318,39,0,211
EVT002178,2026-08-23 20:01:01.735196,Brute Force,Oceania,Router,61,14282,513,1,1148
EVT002179,2026-08-23 20:09:01.735196,DDoS,Oceania,Firewall,1,886,40,1,389
EVT002180,2026-08-23 20:17:01.735196,Unauthorized Access,Asia,Server,1,123,31,0,250
EVT002181,2026-08-23 20:25:01.735196,DDoS,Africa,Firewall,2,512,35,0,155
EVT002182,2026-08-23 20:33:01.735196,Brute Force,South America,Laptop,2,141,98,0,19
EVT002183,2026-08-23 20:41:01.735196,Unauthorized Access,North America,Router,3,295,78,0,132
EVT002184,2026-08-23 20:49:01.735196,Unauthorized Access,North America,Desktop,1,260,23,0,148
EVT002185,2026-08-23 20:57:01.735196,DDoS,South America,Server,1,998,90,0,226
EVT002186,2026-08-23 21:05:01.735196,Brute Force,Asia,Router,2,474,10,0,252
EVT002187,2026-08-23 21:13:01.735196,Malware,Europe,Desktop,1,774,12,0,116
EVT002188,2026-08-23 21:21:01.735196,DDoS,Asia,Router,3,457,11,0,478
EVT002189,2026-08-23 21:29:01.735196,Phishing,Africa,Desktop,4,580,75,0,96
EVT002190,2026-08-23 21:37:01.735196,Brute Force,Oceania,Router,2,749,18,0,43
EVT002191,2026-08-23 21:45:01.735196,Ransomware,Oceania,Router,1,520,45,0,135
EVT002192,2026-08-23 21:53:01.735196,Brute Force,Oceania,Desktop,4,839,74,0,376
EVT002193,2026-08-23 22:01:01.735196,Phishing,Africa,Laptop,2,729,30,0,70
EVT002194,2026-08-23 22:09:01.735196,Brute Force,North America,Router,5,330,49,0,35
EVT002195,2026-08-23 22:17:01.735196,Phishing,Europe,Firewall,3,570,40,0,148
EVT002196,2026-08-23 22:25:01.735196,DDoS,South America,Desktop,3,697,33,0,102
EVT002197,2026-08-23 22:33:01.735196,Unauthorized Access,North America,Server,2,312,81,0,212
EVT002198,2026-08-23 22:41:01.735196,Ransomware,Asia,Laptop,3,517,39,0,170
EVT002199,2026-08-23 22:49:01.735196,Unauthorized Access,North America,Server,4,205,75,0,286
EVT002200,2026-08-23 22:57:01.735196,Malware,Africa,Laptop,4,338,21,0,313
EVT002201,2026-08-23 23:05:01.735196,Phishing,South America,Desktop,5,681,45,0,262
EVT002202,2026-08-23 23:13:01.735196,Ransomware,North America,Firewall,3,836,59,0,127
EVT002203,2026-08-23 23:21:01.735196,Phishing,Oceania,Firewall,4,966,49,0,333
EVT002204,2026-08-23 23:29:01.735196,Malware,Oceania,Server,5,739,11,0,195
EVT002205,2026-08-23 23:37:01.735196,DDoS,South America,Server,2,903,92,0,229
EVT002206,2026-08-23 23:45:01.735196,Unauthorized Access,Africa,Server,2,165,84,0,134
EVT002207,2026-08-23 23:53:01.735196,Malware,Africa,Server,2,376,34,0,120
EVT002208,2026-08-24 00:01:01.735196,Malware,Europe,Desktop,4,217,76,0,77
EVT002209,2026-08-24 00:09:01.735196,Ransomware,Oceania,Router,0,770,33,0,470
EVT002210,2026-08-24 00:17:01.735196,DDoS,Oceania,Server,4,750,15,0,163
EVT002211,2026-08-24 00:25:01.735196,Ransomware,Asia,Laptop,3,903,14,0,390
EVT002212,2026-08-24 00:33:01.735196,Phishing,South America,Router,5,689,90,0,425
EVT002213,2026-08-24 00:41:01.735196,Malware,Europe,Router,4,311,12,0,51
EVT002214,2026-08-24 00:49:01.735196,Unauthorized Access,Europe,Server,9,220,94,1,116
EVT002215,2026-08-24 00:57:01.735196,Brute Force,South America,Desktop,1,408,91,0,102
EVT002216,2026-08-24 01:05:01.735196,Phishing,Europe,Firewall,5,658,9,0,93
EVT002217,2026-08-24 01:13:01.735196,Phishing,Europe,Router,3,881,90,0,487
EVT002218,2026-08-24 01:21:01.735196,DDoS,South America,Firewall,1,582,90,0,447
EVT002219,2026-08-24 01:29:01.735196,Ransomware,North America,Router,3,327,59,0,158
EVT002220,2026-08-24 01:37:01.735196,Malware,Oceania,Firewall,10,889,58,0,444
EVT002221,2026-08-24 01:45:01.735196,Malware,Asia,Desktop,3,424,33,0,484
EVT002222,2026-08-24 01:53:01.735196,Phishing,South America,Server,3,503,73,0,249
EVT002223,2026-08-24 02:01:01.735196,Malware,Oceania,Laptop,4,210,66,0,474
EVT002224,2026-08-24 02:09:01.735196,Malware,Oceania,Firewall,2,433,28,0,421
EVT002225,2026-08-24 02:17:01.735196,DDoS,South America,Firewall,2,322,87,0,143
EVT002226,2026-08-24 02:25:01.735196,Brute Force,Oceania,Desktop,0,201,16,1,200
EVT002227,2026-08-24 02:33:01.735196,Malware,Asia,Firewall,2,940,10,0,239
EVT002228,2026-08-24 02:41:01.735196,Phishing,Oceania,Router,1,315,97,0,177
EVT002229,2026-08-24 02:49:01.735196,Phishing,Africa,Firewall,1,551,63,0,257
EVT002230,2026-08-24 02:57:01.735196,Brute Force,South America,Desktop,0,810,76,1,156
EVT002231,2026-08-24 03:05:01.735196,Brute Force,South America,Laptop,1,137,17,0,161
EVT002232,2026-08-24 03:13:01.735196,Malware,North America,Firewall,5,351,27,0,322
EVT002233,2026-08-24 03:21:01.735196,Brute Force,Oceania,Laptop,5,790,33,0,241
EVT002234,2026-08-24 03:29:01.735196,Unauthorized Access,Asia,Laptop,2,796,14,0,332
EVT002235,2026-08-24 03:37:01.735196,Unauthorized Access,Asia,Firewall,5,478,53,0,341
EVT002236,2026-08-24 03:45:01.735196,Brute Force,Europe,Server,0,275,25,0,193
EVT002237,2026-08-24 03:53:01.735196,Unauthorized Access,Africa,Desktop,91,13265,395,1,872
EVT002238,2026-08-24 04:01:01.735196,Ransomware,Oceania,Router,2,357,79,0,240
EVT002239,2026-08-24 04:09:01.735196,Malware,Oceania,Server,3,739,42,0,496
EVT002240,2026-08-24 04:17:01.735196,Ransomware,Oceania,Firewall,1,690,34,0,481
EVT002241,2026-08-24 04:25:01.735196,Malware,Oceania,Server,2,476,46,0,155
EVT002242,2026-08-24 04:33:01.735196,Unauthorized Access,Oceania,Server,3,325,63,0,225
EVT002243,2026-08-24 04:41:01.735196,Phishing,Oceania,Firewall,3,329,91,0,286
EVT002244,2026-08-24 04:49:01.735196,Brute Force,Oceania,Firewall,1,243,32,1,89
EVT002245,2026-08-24 04:57:01.735196,Phishing,Asia,Desktop,0,407,50,0,175
EVT002246,2026-08-24 05:05:01.735196,Brute Force,Africa,Laptop,3,448,71,0,203
EVT002247,2026-08-24 05:13:01.735196,Unauthorized Access,Oceania,Laptop,4,522,22,0,354
EVT002248,2026-08-24 05:21:01.735196,Unauthorized Access,Africa,Laptop,4,911,27,0,22
EVT002249,2026-08-24 05:29:01.735196,Ransomware,South America,Server,5,365,42,0,83
EVT002250,2026-08-24 05:37:01.735196,DDoS,South America,Server,1,407,74,0,324
EVT002251,2026-08-24 05:45:01.735196,DDoS,Europe,Router,2,348,61,0,273
EVT002252,2026-08-24 05:53:01.735196,Malware,Asia,Firewall,3,854,7,0,402
EVT002253,2026-08-24 06:01:01.735196,Unauthorized Access,Africa,Router,4,992,49,0,328
EVT002254,2026-08-24 06:09:01.735196,Unauthorized Access,South America,Router,2,166,50,0,378
EVT002255,2026-08-24 06:17:01.735196,Brute Force,South America,Router,4,699,93,0,248
EVT002256,2026-08-24 06:25:01.735196,Phishing,Africa,Laptop,2,107,78,0,301
EVT002257,2026-08-24 06:33:01.735196,DDoS,Europe,Firewall,4,721,21,0,421
EVT002258,2026-08-24 06:41:01.735196,Malware,Oceania,Laptop,6,814,6,0,301
EVT002259,2026-08-24 06:49:01.735196,Malware,Oceania,Laptop,6,186,39,0,274
EVT002260,2026-08-24 06:57:01.735196,Ransomware,North America,Firewall,2,331,62,0,406
EVT002261,2026-08-24 07:05:01.735196,Malware,North America,Desktop,5,896,59,0,470
EVT002262,2026-08-24 07:13:01.735196,Malware,Africa,Laptop,3,665,96,0,269
EVT002263,2026-08-24 07:21:01.735196,Ransomware,Asia,Desktop,4,587,41,0,22
EVT002264,2026-08-24 07:29:01.735196,Malware,Europe,Laptop,2,876,32,0,228
EVT002265,2026-08-24 07:37:01.735196,DDoS,North America,Desktop,5,708,89,0,109
EVT002266,2026-08-24 07:45:01.735196,Phishing,Europe,Router,1,862,6,0,258
EVT002267,2026-08-24 07:53:01.735196,Unauthorized Access,Asia,Server,137,7560,429,1,1707
EVT002268,2026-08-24 08:01:01.735196,DDoS,South America,Firewall,3,563,17,0,379
EVT002269,2026-08-24 08:09:01.735196,DDoS,Asia,Router,4,538,61,0,178
EVT002270,2026-08-24 08:17:01.735196,Brute Force,Africa,Laptop,5,156,62,0,403
EVT002271,2026-08-24 08:25:01.735196,Unauthorized Access,Oceania,Router,5,447,60,0,461
EVT002272,2026-08-24 08:33:01.735196,Brute Force,South America,Laptop,4,327,48,0,307
EVT002273,2026-08-24 08:41:01.735196,Ransomware,North America,Firewall,3,799,22,0,58
EVT002274,2026-08-24 08:49:01.735196,DDoS,South America,Laptop,4,966,69,0,273
EVT002275,2026-08-24 08:57:01.735196,Ransomware,Africa,Server,2,556,9,1,373
EVT002276,2026-08-24 09:05:01.735196,DDoS,Oceania,Desktop,2,614,26,0,283
EVT002277,2026-08-24 09:13:01.735196,Phishing,Oceania,Server,3,308,14,0,243
EVT002278,2026-08-24 09:21:01.735196,Brute Force,Asia,Firewall,6,252,70,0,161
EVT002279,2026-08-24 09:29:01.735196,Brute Force,Africa,Server,1,514,15,0,169
EVT002280,2026-08-24 09:37:01.735196,Unauthorized Access,Africa,Firewall,2,859,45,0,431
EVT002281,2026-08-24 09:45:01.735196,Unauthorized Access,Africa,Laptop,3,622,31,0,283
EVT002282,2026-08-24 09:53:01.735196,Unauthorized Access,North America,Server,4,324,62,0,63
EVT002283,2026-08-24 10:01:01.735196,Unauthorized Access,Europe,Server,3,782,12,0,82
EVT002284,2026-08-24 10:09:01.735196,Phishing,Europe,Firewall,0,383,50,0,225
EVT002285,2026-08-24 10:17:01.735196,Unauthorized Access,Africa,Desktop,1,133,24,0,171
EVT002286,2026-08-24 10:25:01.735196,Malware,South America,Server,5,170,51,0,268
EVT002287,2026-08-24 10:33:01.735196,Phishing,South America,Server,4,958,14,0,88
EVT002288,2026-08-24 10:41:01.735196,Ransomware,South America,Desktop,1,931,99,0,360
EVT002289,2026-08-24 10:49:01.735196,Malware,Africa,Laptop,6,375,62,0,442
EVT002290,2026-08-24 10:57:01.735196,Phishing,Asia,Server,3,593,71,1,197
EVT002291,2026-08-24 11:05:01.735196,DDoS,Oceania,Laptop,1,691,59,0,455
EVT002292,2026-08-24 11:13:01.735196,Ransomware,Europe,Server,7,665,59,0,355
EVT002293,2026-08-24 11:21:01.735196,Ransomware,South America,Server,6,403,33,0,249
EVT002294,2026-08-24 11:29:01.735196,DDoS,Asia,Desktop,4,435,30,0,96
EVT002295,2026-08-24 11:37:01.735196,Malware,North America,Laptop,4,614,12,0,488
EVT002296,2026-08-24 11:45:01.735196,Unauthorized Access,Africa,Laptop,5,590,35,0,277
EVT002297,2026-08-24 11:53:01.735196,Unauthorized Access,South America,Server,3,600,22,0,89
EVT002298,2026-08-24 12:01:01.735196,Ransomware,South America,Firewall,5,339,82,0,353
EVT002299,2026-08-24 12:09:01.735196,DDoS,North America,Router,2,222,40,0,429
EVT002300,2026-08-24 12:17:01.735196,Malware,Asia,Firewall,2,743,78,0,478
EVT002301,2026-08-24 12:25:01.735196,Brute Force,North America,Laptop,4,560,51,0,413
EVT002302,2026-08-24 12:33:01.735196,Brute Force,Europe,Desktop,3,332,7,0,147
EVT002303,2026-08-24 12:41:01.735196,DDoS,North America,Firewall,3,293,35,0,220
EVT002304,2026-08-24 12:49:01.735196,Phishing,Asia,Firewall,1,560,48,0,306
EVT002305,2026-08-24 12:57:01.735196,Phishing,Africa,Router,2,915,88,0,117
EVT002306,2026-08-24 13:05:01.735196,Unauthorized Access,South America,Server,5,239,66,0,355
EVT002307,2026-08-24 13:13:01.735196,DDoS,Africa,Desktop,46,5870,748,1,1334
EVT002308,2026-08-24 13:21:01.735196,Phishing,North America,Server,2,581,95,0,42
EVT002309,2026-08-24 13:29:01.735196,DDoS,Asia,Firewall,1,529,28,0,238
EVT002310,2026-08-24 13:37:01.735196,Brute Force,South America,Desktop,3,287,77,0,371
EVT002311,2026-08-24 13:45:01.735196,Phishing,Africa,Firewall,2,925,36,0,185
EVT002312,2026-08-24 13:53:01.735196,Phishing,Oceania,Firewall,1,388,54,0,349
EVT002313,2026-08-24 14:01:01.735196,Ransomware,North America,Router,0,775,99,0,396
EVT002314,2026-08-24 14:09:01.735196,Phishing,Oceania,Firewall,0,634,11,0,365
EVT002315,2026-08-24 14:17:01.735196,DDoS,Europe,Firewall,5,456,29,0,64
EVT002316,2026-08-24 14:25:01.735196,Ransomware,Oceania,Desktop,1,734,16,0,355
EVT002317,2026-08-24 14:33:01.735196,Brute Force,South America,Desktop,0,576,69,1,190
EVT002318,2026-08-24 14:41:01.735196,Ransomware,Asia,Laptop,1,470,32,0,25
EVT002319,2026-08-24 14:49:01.735196,Unauthorized Access,Asia,Server,1,665,36,0,463
EVT002320,2026-08-24 14:57:01.735196,Phishing,Oceania,Server,5,920,37,0,268
EVT002321,2026-08-24 15:05:01.735196,Malware,North America,Laptop,4,829,51,0,427
EVT002322,2026-08-24 15:13:01.735196,Brute Force,Oceania,Router,3,479,6,0,324
EVT002323,2026-08-24 15:21:01.735196,Unauthorized Access,North America,Server,3,719,27,0,337
EVT002324,2026-08-24 15:29:01.735196,Brute Force,South America,Server,3,905,21,0,186
EVT002325,2026-08-24 15:37:01.735196,DDoS,Africa,Desktop,4,184,10,0,409
EVT002326,2026-08-24 15:45:01.735196,Brute Force,North America,Server,5,614,5,0,238
EVT002327,2026-08-24 15:53:01.735196,Phishing,South America,Server,6,290,70,0,244
EVT002328,2026-08-24 16:01:01.735196,Malware,Asia,Desktop,2,145,93,0,198
EVT002329,2026-08-24 16:09:01.735196,Unauthorized Access,Oceania,Desktop,2,204,85,0,86
EVT002330,2026-08-24 16:17:01.735196,Phishing,Europe,Router,3,411,10,0,475
EVT002331,2026-08-24 16:25:01.735196,Malware,Asia,Router,3,507,58,1,249
EVT002332,2026-08-24 16:33:01.735196,Brute Force,Africa,Laptop,5,681,96,0,316
EVT002333,2026-08-24 16:41:01.735196,Brute Force,South America,Server,44,7042,998,1,1222
EVT002334,2026-08-24 16:49:01.735196,Unauthorized Access,Africa,Router,8,636,95,0,405
EVT002335,2026-08-24 16:57:01.735196,Phishing,Oceania,Firewall,6,453,74,0,213
EVT002336,2026-08-24 17:05:01.735196,Unauthorized Access,Africa,Laptop,1,246,80,1,267
EVT002337,2026-08-24 17:13:01.735196,Phishing,Oceania,Server,4,632,46,0,405
EVT002338,2026-08-24 17:21:01.735196,Unauthorized Access,Europe,Firewall,3,200,33,0,399
EVT002339,2026-08-24 17:29:01.735196,Ransomware,Europe,Server,5,831,31,1,374
EVT002340,2026-08-24 17:37:01.735196,Brute Force,Oceania,Firewall,1,998,20,0,102
EVT002341,2026-08-24 17:45:01.735196,Brute Force,Africa,Router,0,523,69,0,39
EVT002342,2026-08-24 17:53:01.735196,DDoS,Oceania,Server,64,13503,847,1,1812
EVT002343,2026-08-24 18:01:01.735196,Ransomware,South America,Router,3,508,68,0,122
EVT002344,2026-08-24 18:09:01.735196,Brute Force,Africa,Router,0,838,56,0,461
EVT002345,2026-08-24 18:17:01.735196,Unauthorized Access,North America,Laptop,3,858,14,0,122
EVT002346,2026-08-24 18:25:01.735196,DDoS,Africa,Router,103,14952,825,1,1320
EVT002347,2026-08-24 18:33:01.735196,DDoS,Europe,Desktop,3,451,42,0,167
EVT002348,2026-08-24 18:41:01.735196,Unauthorized Access,North America,Laptop,6,103,47,0,270
EVT002349,2026-08-24 18:49:01.735196,DDoS,North America,Laptop,1,667,93,0,361
EVT002350,2026-08-24 18:57:01.735196,Ransomware,Asia,Server,1,750,77,0,164
EVT002351,2026-08-24 19:05:01.735196,Malware,North America,Router,4,457,62,0,229
EVT002352,2026-08-24 19:13:01.735196,Malware,Africa,Desktop,3,684,16,0,189
EVT002353,2026-08-24 19:21:01.735196,Phishing,North America,Router,0,601,74,0,61
EVT002354,2026-08-24 19:29:01.735196,Ransomware,North America,Desktop,5,369,95,0,141
EVT002355,2026-08-24 19:37:01.735196,Phishing,North America,Firewall,4,736,11,0,337
EVT002356,2026-08-24 19:45:01.735196,Malware,Oceania,Router,4,593,45,1,66
EVT002357,2026-08-24 19:53:01.735196,Malware,North America,Server,2,930,91,0,61
EVT002358,2026-08-24 20:01:01.735196,Brute Force,North America,Laptop,5,635,90,0,471
EVT002359,2026-08-24 20:09:01.735196,DDoS,North America,Desktop,2,101,96,0,80
EVT002360,2026-08-24 20:17:01.735196,DDoS,North America,Server,3,351,35,0,301
EVT002361,2026-08-24 20:25:01.735196,Unauthorized Access,North America,Desktop,4,104,41,0,223
EVT002362,2026-08-24 20:33:01.735196,DDoS,North America,Firewall,3,733,32,0,158
EVT002363,2026-08-24 20:41:01.735196,Phishing,Africa,Firewall,1,500,72,1,354
EVT002364,2026-08-24 20:49:01.735196,DDoS,South America,Router,46,10734,897,1,1246
EVT002365,2026-08-24 20:57:01.735196,Unauthorized Access,North America,Desktop,4,411,29,0,328
EVT002366,2026-08-24 21:05:01.735196,Brute Force,North America,Router,2,302,15,0,374
EVT002367,2026-08-24 21:13:01.735196,Unauthorized Access,Europe,Server,9,553,38,0,430
EVT002368,2026-08-24 21:21:01.735196,Unauthorized Access,Oceania,Server,3,132,47,0,274
EVT002369,2026-08-24 21:29:01.735196,Phishing,Africa,Laptop,4,399,39,0,323
EVT002370,2026-08-24 21:37:01.735196,Ransomware,Asia,Router,2,314,43,0,71
EVT002371,2026-08-24 21:45:01.735196,Unauthorized Access,South America,Laptop,3,125,55,0,380
EVT002372,2026-08-24 21:53:01.735196,Malware,North America,Laptop,3,747,70,0,335
EVT002373,2026-08-24 22:01:01.735196,DDoS,Africa,Desktop,1,209,25,0,171
EVT002374,2026-08-24 22:09:01.735196,Unauthorized Access,Europe,Laptop,3,546,26,0,75
EVT002375,2026-08-24 22:17:01.735196,Unauthorized Access,Asia,Desktop,3,420,83,0,77
EVT002376,2026-08-24 22:25:01.735196,Malware,Africa,Firewall,4,557,69,0,287
EVT002377,2026-08-24 22:33:01.735196,Phishing,North America,Laptop,5,205,54,0,367
EVT002378,2026-08-24 22:41:01.735196,Unauthorized Access,North America,Router,3,145,47,0,362
EVT002379,2026-08-24 22:49:01.735196,Phishing,Oceania,Laptop,3,695,76,0,234
EVT002380,2026-08-24 22:57:01.735196,Ransomware,Europe,Router,1,513,99,0,446
EVT002381,2026-08-24 23:05:01.735196,DDoS,Africa,Desktop,3,783,18,0,193
EVT002382,2026-08-24 23:13:01.735196,Unauthorized Access,Asia,Firewall,2,167,47,0,484
EVT002383,2026-08-24 23:21:01.735196,Ransomware,Europe,Server,3,632,58,1,359
EVT002384,2026-08-24 23:29:01.735196,Malware,South America,Laptop,1,797,68,0,477
EVT002385,2026-08-24 23:37:01.735196,Brute Force,Europe,Laptop,0,343,64,0,312
EVT002386,2026-08-24 23:45:01.735196,Phishing,Europe,Router,2,283,21,0,297
EVT002387,2026-08-24 23:53:01.735196,Ransomware,Oceania,Router,2,880,54,0,10
EVT002388,2026-08-25 00:01:01.735196,Phishing,North America,Desktop,6,249,35,0,311
EVT002389,2026-08-25 00:09:01.735196,Ransomware,North America,Firewall,74,13923,504,1,723
EVT002390,2026-08-25 00:17:01.735196,Ransomware,South America,Laptop,5,778,88,0,99
EVT002391,2026-08-25 00:25:01.735196,Ransomware,North America,Server,4,751,23,0,239
EVT002392,2026-08-25 00:33:01.735196,Ransomware,Europe,Laptop,4,628,28,0,39
EVT002393,2026-08-25 00:41:01.735196,Brute Force,Europe,Desktop,1,870,9,0,373
EVT002394,2026-08-25 00:49:01.735196,Phishing,Europe,Laptop,1,968,76,0,348
EVT002395,2026-08-25 00:57:01.735196,Ransomware,North America,Server,97,5373,734,1,1910
EVT002396,2026-08-25 01:05:01.735196,Phishing,South America,Server,4,887,14,0,356
EVT002397,2026-08-25 01:13:01.735196,Phishing,Asia,Router,4,778,13,0,34
EVT002398,2026-08-25 01:21:01.735196,Ransomware,Oceania,Laptop,1,422,89,0,279
EVT002399,2026-08-25 01:29:01.735196,Unauthorized Access,South America,Server,4,984,49,0,488
EVT002400,2026-08-25 01:37:01.735196,Phishing,Europe,Laptop,2,266,48,0,109
EVT002401,2026-08-25 01:45:01.735196,Brute Force,Asia,Desktop,6,349,17,0,94
EVT002402,2026-08-25 01:53:01.735196,Brute Force,Europe,Server,2,670,81,0,281
EVT002403,2026-08-25 02:01:01.735196,Unauthorized Access,Europe,Firewall,4,987,39,0,346
EVT002404,2026-08-25 02:09:01.735196,Phishing,Asia,Laptop,1,426,22,0,240
EVT002405,2026-08-25 02:17:01.735196,Ransomware,Europe,Firewall,2,859,58,1,29
EVT002406,2026-08-25 02:25:01.735196,DDoS,Europe,Server,2,360,54,0,249
EVT002407,2026-08-25 02:33:01.735196,Brute Force,Africa,Server,1,232,83,0,401
EVT002408,2026-08-25 02:41:01.735196,DDoS,Oceania,Firewall,1,607,26,0,470
EVT002409,2026-08-25 02:49:01.735196,Unauthorized Access,South America,Laptop,8,515,42,1,179
EVT002410,2026-08-25 02:57:01.735196,Ransomware,Africa,Router,4,156,50,0,95
EVT002411,2026-08-25 03:05:01.735196,DDoS,South America,Desktop,1,553,69,0,215
EVT002412,2026-08-25 03:13:01.735196,Brute Force,Africa,Server,1,809,99,0,116
EVT002413,2026-08-25 03:21:01.735196,Phishing,South America,Laptop,8,516,27,0,335
EVT002414,2026-08-25 03:29:01.735196,Ransomware,South America,Router,4,944,96,0,432
EVT002415,2026-08-25 03:37:01.735196,Ransomware,Asia,Firewall,4,477,84,0,242
EVT002416,2026-08-25 03:45:01.735196,Malware,Asia,Router,4,422,80,0,439
EVT002417,2026-08-25 03:53:01.735196,Phishing,Africa,Server,4,156,70,0,275
EVT002418,2026-08-25 04:01:01.735196,Unauthorized Access,Asia,Router,1,903,58,0,475
EVT002419,2026-08-25 04:09:01.735196,DDoS,South America,Desktop,5,436,63,1,53
EVT002420,2026-08-25 04:17:01.735196,Ransomware,Asia,Router,1,992,20,0,198
EVT002421,2026-08-25 04:25:01.735196,DDoS,Europe,Desktop,37,10830,565,1,1599
EVT002422,2026-08-25 04:33:01.735196,Ransomware,North America,Desktop,2,861,86,0,247
EVT002423,2026-08-25 04:41:01.735196,Unauthorized Access,Africa,Server,5,815,21,0,90
EVT002424,2026-08-25 04:49:01.735196,Phishing,North America,Server,4,203,75,0,180
EVT002425,2026-08-25 04:57:01.735196,Malware,Africa,Laptop,3,416,79,0,404
EVT002426,2026-08-25 05:05:01.735196,Brute Force,Asia,Desktop,4,531,39,0,415
EVT002427,2026-08-25 05:13:01.735196,Brute Force,Asia,Laptop,1,706,90,0,390
EVT002428,2026-08-25 05:21:01.735196,Phishing,Oceania,Firewall,1,204,7,0,447
EVT002429,2026-08-25 05:29:01.735196,Malware,Asia,Desktop,4,529,33,0,148
EVT002430,2026-08-25 05:37:01.735196,DDoS,South America,Firewall,5,516,84,0,45
EVT002431,2026-08-25 05:45:01.735196,Malware,South America,Firewall,5,124,16,0,261
EVT002432,2026-08-25 05:53:01.735196,Phishing,South America,Laptop,4,151,17,0,88
EVT002433,2026-08-25 06:01:01.735196,Brute Force,Europe,Router,5,302,54,0,277
EVT002434,2026-08-25 06:09:01.735196,Unauthorized Access,Africa,Router,5,890,83,0,241
EVT002435,2026-08-25 06:17:01.735196,DDoS,Asia,Server,4,331,60,0,282
EVT002436,2026-08-25 06:25:01.735196,Phishing,South America,Router,4,216,54,0,68
EVT002437,2026-08-25 06:33:01.735196,DDoS,Africa,Server,7,327,7,0,336
EVT002438,2026-08-25 06:41:01.735196,Unauthorized Access,Europe,Desktop,2,169,35,0,383
EVT002439,2026-08-25 06:49:01.735196,Malware,South America,Desktop,3,544,28,0,201
EVT002440,2026-08-25 06:57:01.735196,DDoS,South America,Router,2,154,32,0,127
EVT002441,2026-08-25 07:05:01.735196,Brute Force,Africa,Desktop,9,798,65,0,102
EVT002442,2026-08-25 07:13:01.735196,Malware,Africa,Server,2,628,58,0,425
EVT002443,2026-08-25 07:21:01.735196,Phishing,Asia,Firewall,2,623,92,0,401
EVT002444,2026-08-25 07:29:01.735196,Unauthorized Access,Africa,Firewall,1,127,84,0,152
EVT002445,2026-08-25 07:37:01.735196,DDoS,Europe,Router,2,673,8,0,108
EVT002446,2026-08-25 07:45:01.735196,DDoS,Europe,Router,2,229,71,0,373
EVT002447,2026-08-25 07:53:01.735196,Unauthorized Access,South America,Desktop,2,657,91,0,487
EVT002448,2026-08-25 08:01:01.735196,Malware,Oceania,Firewall,4,915,53,0,226
EVT002449,2026-08-25 08:09:01.735196,Brute Force,Africa,Router,2,990,35,0,112
EVT002450,2026-08-25 08:17:01.735196,Phishing,North America,Router,132,7415,919,1,1770
EVT002451,2026-08-25 08:25:01.735196,Phishing,Asia,Firewall,5,196,51,0,112
EVT002452,2026-08-25 08:33:01.735196,Malware,Asia,Firewall,6,381,75,0,462
EVT002453,2026-08-25 08:41:01.735196,Ransomware,South America,Router,58,5711,694,1,1384
EVT002454,2026-08-25 08:49:01.735196,Malware,Europe,Firewall,4,120,75,0,429
EVT002455,2026-08-25 08:57:01.735196,Brute Force,North America,Router,3,174,86,0,142
EVT002456,2026-08-25 09:05:01.735196,Phishing,Europe,Laptop,5,237,86,0,291
EVT002457,2026-08-25 09:13:01.735196,Brute Force,Oceania,Router,1,230,42,0,410
EVT002458,2026-08-25 09:21:01.735196,Unauthorized Access,Asia,Firewall,3,684,6,0,36
EVT002459,2026-08-25 09:29:01.735196,Brute Force,Oceania,Router,4,982,83,0,242
EVT002460,2026-08-25 09:37:01.735196,Malware,Europe,Router,6,901,39,0,215
EVT002461,2026-08-25 09:45:01.735196,DDoS,Africa,Laptop,1,487,19,0,83
EVT002462,2026-08-25 09:53:01.735196,Unauthorized Access,South America,Router,5,614,74,0,97
EVT002463,2026-08-25 10:01:01.735196,Malware,Oceania,Server,1,812,81,0,279
EVT002464,2026-08-25 10:09:01.735196,DDoS,Asia,Desktop,3,285,38,0,215
EVT002465,2026-08-25 10:17:01.735196,Phishing,South America,Laptop,2,197,49,0,300
EVT002466,2026-08-25 10:25:01.735196,Unauthorized Access,Oceania,Router,1,340,32,0,89
EVT002467,2026-08-25 10:33:01.735196,Brute Force,Europe,Firewall,3,922,47,0,170
EVT002468,2026-08-25 10:41:01.735196,Brute Force,North America,Laptop,6,284,82,0,170
EVT002469,2026-08-25 10:49:01.735196,Phishing,Asia,Firewall,7,569,21,0,361
EVT002470,2026-08-25 10:57:01.735196,Malware,Oceania,Laptop,0,793,12,0,190
EVT002471,2026-08-25 11:05:01.735196,DDoS,Africa,Server,4,764,32,0,184
EVT002472,2026-08-25 11:13:01.735196,Malware,North America,Firewall,0,409,22,0,399
EVT002473,2026-08-25 11:21:01.735196,Ransomware,South America,Router,4,984,72,0,118
EVT002474,2026-08-25 11:29:01.735196,Phishing,Africa,Server,3,396,12,0,311
EVT002475,2026-08-25 11:37:01.735196,Malware,Oceania,Router,4,333,44,0,70
EVT002476,2026-08-25 11:45:01.735196,Brute Force,South America,Laptop,3,158,61,0,20
EVT002477,2026-08-25 11:53:01.735196,Malware,Asia,Server,3,439,11,0,322
EVT002478,2026-08-25 12:01:01.735196,Phishing,Asia,Router,5,804,20,0,307
EVT002479,2026-08-25 12:09:01.735196,Malware,North America,Firewall,3,935,50,0,494
EVT002480,2026-08-25 12:17:01.735196,Brute Force,South America,Laptop,4,565,91,0,338
EVT002481,2026-08-25 12:25:01.735196,Ransomware,Europe,Laptop,2,756,35,0,377
EVT002482,2026-08-25 12:33:01.735196,Unauthorized Access,North America,Laptop,2,534,88,0,23
EVT002483,2026-08-25 12:41:01.735196,Unauthorized Access,Oceania,Router,1,891,86,0,82
EVT002484,2026-08-25 12:49:01.735196,Brute Force,North America,Desktop,2,253,99,0,321
EVT002485,2026-08-25 12:57:01.735196,Ransomware,Europe,Laptop,3,457,38,0,144
EVT002486,2026-08-25 13:05:01.735196,Brute Force,Africa,Laptop,4,513,88,0,370
EVT002487,2026-08-25 13:13:01.735196,Malware,Oceania,Firewall,1,345,31,0,303
EVT002488,2026-08-25 13:21:01.735196,Brute Force,Oceania,Server,5,457,34,0,296
EVT002489,2026-08-25 13:29:01.735196,Ransomware,South America,Server,3,464,58,0,149
EVT002490,2026-08-25 13:37:01.735196,Malware,South America,Laptop,4,769,34,0,339
EVT002491,2026-08-25 13:45:01.735196,Ransomware,Europe,Laptop,2,200,75,0,19
EVT002492,2026-08-25 13:53:01.735196,DDoS,North America,Server,1,745,10,0,342
EVT002493,2026-08-25 14:01:01.735196,Phishing,Oceania,Server,5,681,24,0,408
EVT002494,2026-08-25 14:09:01.735196,Malware,Oceania,Laptop,1,747,61,1,186
EVT002495,2026-08-25 14:17:01.735196,Malware,South America,Firewall,2,340,40,0,323
EVT002496,2026-08-25 14:25:01.735196,Ransomware,Asia,Firewall,1,689,56,0,488
EVT002497,2026-08-25 14:33:01.735196,Unauthorized Access,Europe,Firewall,2,336,96,0,95
EVT002498,2026-08-25 14:41:01.735196,DDoS,North America,Laptop,6,815,11,0,268
EVT002499,2026-08-25 14:49:01.735196,Ransomware,Asia,Laptop,0,642,66,0,373
EVT002500,2026-08-25 14:57:01.735196,Brute Force,Asia,Server,128,5617,658,1,1798
EVT002501,2026-08-25 15:05:01.735196,DDoS,Europe,Server,6,883,17,0,160
EVT002502,2026-08-25 15:13:01.735196,Ransomware,Oceania,Firewall,4,641,75,0,459
EVT002503,2026-08-25 15:21:01.735196,Malware,Europe,Router,4,313,42,0,304
EVT002504,2026-08-25 15:29:01.735196,Unauthorized Access,South America,Server,3,573,79,0,330
EVT002505,2026-08-25 15:37:01.735196,Unauthorized Access,Europe,Desktop,6,633,95,0,473
EVT002506,2026-08-25 15:45:01.735196,Unauthorized Access,Asia,Router,4,659,31,0,272
EVT002507,2026-08-25 15:53:01.735196,Brute Force,Europe,Desktop,1,460,10,0,85
EVT002508,2026-08-25 16:01:01.735196,Brute Force,Asia,Router,2,465,31,0,272
EVT002509,2026-08-25 16:09:01.735196,Malware,Africa,Firewall,4,627,56,0,168
EVT002510,2026-08-25 16:17:01.735196,Unauthorized Access,Oceania,Laptop,1,909,85,0,122
EVT002511,2026-08-25 16:25:01.735196,Brute Force,North America,Laptop,2,527,96,0,103
EVT002512,2026-08-25 16:33:01.735196,Malware,Asia,Laptop,130,9085,855,1,1218
EVT002513,2026-08-25 16:41:01.735196,Phishing,Africa,Server,4,921,71,0,198
EVT002514,2026-08-25 16:49:01.735196,Ransomware,South America,Desktop,0,334,73,0,17
EVT002515,2026-08-25 16:57:01.735196,DDoS,Europe,Server,5,207,27,0,153
EVT002516,2026-08-25 17:05:01.735196,Brute Force,Africa,Router,2,484,55,0,136
EVT002517,2026-08-25 17:13:01.735196,Ransomware,Europe,Desktop,4,936,77,0,274
EVT002518,2026-08-25 17:21:01.735196,Malware,Africa,Router,3,904,56,0,90
EVT002519,2026-08-25 17:29:01.735196,Ransomware,North America,Laptop,5,557,98,0,90
EVT002520,2026-08-25 17:37:01.735196,Ransomware,Asia,Laptop,6,356,63,0,112
EVT002521,2026-08-25 17:45:01.735196,Malware,Oceania,Laptop,3,288,26,0,421
EVT002522,2026-08-25 17:53:01.735196,Brute Force,Oceania,Laptop,4,564,39,0,139
EVT002523,2026-08-25 18:01:01.735196,DDoS,Africa,Desktop,2,638,82,0,205
EVT002524,2026-08-25 18:09:01.735196,Brute Force,North America,Server,5,841,80,0,480
EVT002525,2026-08-25 18:17:01.735196,Malware,Europe,Server,4,289,7,0,341
EVT002526,2026-08-25 18:25:01.735196,Phishing,Europe,Laptop,2,653,95,0,117
EVT002527,2026-08-25 18:33:01.735196,Unauthorized Access,Africa,Laptop,6,117,16,1,234
EVT002528,2026-08-25 18:41:01.735196,Malware,South America,Router,2,352,9,0,80
EVT002529,2026-08-25 18:49:01.735196,Brute Force,Europe,Laptop,4,553,12,0,41
EVT002530,2026-08-25 18:57:01.735196,Unauthorized Access,Europe,Desktop,5,181,68,0,493
EVT002531,2026-08-25 19:05:01.735196,DDoS,Oceania,Laptop,2,922,65,0,488
EVT002532,2026-08-25 19:13:01.735196,DDoS,North America,Desktop,1,173,5,0,105
EVT002533,2026-08-25 19:21:01.735196,Phishing,South America,Router,4,172,88,0,260
EVT002534,2026-08-25 19:29:01.735196,Unauthorized Access,Oceania,Router,2,886,19,0,321
EVT002535,2026-08-25 19:37:01.735196,DDoS,North America,Router,3,427,96,0,446
EVT002536,2026-08-25 19:45:01.735196,Malware,Asia,Firewall,5,661,37,1,267
EVT002537,2026-08-25 19:53:01.735196,Unauthorized Access,Oceania,Laptop,5,698,64,0,12
EVT002538,2026-08-25 20:01:01.735196,DDoS,Asia,Router,5,116,62,0,375
EVT002539,2026-08-25 20:09:01.735196,Unauthorized Access,Africa,Router,3,111,12,0,171
EVT002540,2026-08-25 20:17:01.735196,Phishing,Oceania,Router,2,104,34,0,270
EVT002541,2026-08-25 20:25:01.735196,Phishing,North America,Server,1,444,54,0,55
EVT002542,2026-08-25 20:33:01.735196,Brute Force,Oceania,Desktop,3,941,83,0,363
EVT002543,2026-08-25 20:41:01.735196,DDoS,South America,Desktop,6,439,29,0,472
EVT002544,2026-08-25 20:49:01.735196,Ransomware,Oceania,Firewall,7,893,85,0,442
EVT002545,2026-08-25 20:57:01.735196,Malware,North America,Router,3,233,70,0,307
EVT002546,2026-08-25 21:05:01.735196,Phishing,Europe,Router,0,366,30,0,177
EVT002547,2026-08-25 21:13:01.735196,Brute Force,Asia,Firewall,5,935,56,0,184
EVT002548,2026-08-25 21:21:01.735196,Brute Force,Oceania,Desktop,0,614,13,0,92
EVT002549,2026-08-25 21:29:01.735196,Brute Force,South America,Router,1,612,39,0,155
EVT002550,2026-08-25 21:37:01.735196,Phishing,South America,Server,0,301,22,0,231
EVT002551,2026-08-25 21:45:01.735196,Ransomware,Oceania,Server,5,473,56,0,144
EVT002552,2026-08-25 21:53:01.735196,Brute Force,Europe,Desktop,4,684,9,0,397
EVT002553,2026-08-25 22:01:01.735196,Brute Force,Europe,Desktop,0,679,20,0,301
EVT002554,2026-08-25 22:09:01.735196,Unauthorized Access,Oceania,Laptop,3,117,62,0,386
EVT002555,2026-08-25 22:17:01.735196,Malware,Oceania,Router,118,14063,540,1,1556
EVT002556,2026-08-25 22:25:01.735196,Unauthorized Access,North America,Firewall,3,702,46,0,283
EVT002557,2026-08-25 22:33:01.735196,DDoS,Europe,Router,0,333,74,0,230
EVT002558,2026-08-25 22:41:01.735196,Ransomware,Africa,Firewall,2,193,59,0,302
EVT002559,2026-08-25 22:49:01.735196,DDoS,Africa,Desktop,2,264,57,0,283
EVT002560,2026-08-25 22:57:01.735196,Brute Force,North America,Server,1,237,80,0,28
EVT002561,2026-08-25 23:05:01.735196,Ransomware,Europe,Desktop,3,261,6,0,92
EVT002562,2026-08-25 23:13:01.735196,Brute Force,South America,Desktop,1,961,11,0,208
EVT002563,2026-08-25 23:21:01.735196,Phishing,South America,Server,33,9971,637,1,965
EVT002564,2026-08-25 23:29:01.735196,Brute Force,South America,Firewall,5,311,21,0,214
EVT002565,2026-08-25 23:37:01.735196,Ransomware,Oceania,Router,6,248,34,0,491
EVT002566,2026-08-25 23:45:01.735196,Ransomware,Europe,Laptop,4,515,86,1,317
EVT002567,2026-08-25 23:53:01.735196,Phishing,Africa,Server,4,828,78,0,456
EVT002568,2026-08-26 00:01:01.735196,Phishing,Europe,Laptop,6,285,40,0,144
EVT002569,2026-08-26 00:09:01.735196,Phishing,Europe,Desktop,2,530,89,0,447
EVT002570,2026-08-26 00:17:01.735196,DDoS,South America,Firewall,2,294,34,0,125
EVT002571,2026-08-26 00:25:01.735196,Brute Force,Europe,Server,2,110,76,0,165
EVT002572,2026-08-26 00:33:01.735196,DDoS,North America,Desktop,2,264,67,0,478
EVT002573,2026-08-26 00:41:01.735196,Malware,Africa,Laptop,1,608,79,0,394
EVT002574,2026-08-26 00:49:01.735196,Brute Force,North America,Server,1,573,19,0,416
EVT002575,2026-08-26 00:57:01.735196,Malware,Oceania,Firewall,7,590,85,0,447
EVT002576,2026-08-26 01:05:01.735196,Malware,North America,Laptop,2,531,48,0,69
EVT002577,2026-08-26 01:13:01.735196,Malware,South America,Firewall,3,926,13,0,310
EVT002578,2026-08-26 01:21:01.735196,Ransomware,South America,Router,1,581,17,0,429
EVT002579,2026-08-26 01:29:01.735196,Unauthorized Access,South America,Desktop,2,489,8,0,104
EVT002580,2026-08-26 01:37:01.735196,Ransomware,Asia,Laptop,2,672,39,0,253
EVT002581,2026-08-26 01:45:01.735196,Brute Force,South America,Router,3,917,41,0,233
EVT002582,2026-08-26 01:53:01.735196,Ransomware,Asia,Server,7,704,20,0,272
EVT002583,2026-08-26 02:01:01.735196,Brute Force,South America,Laptop,82,11625,981,1,874
EVT002584,2026-08-26 02:09:01.735196,Malware,Africa,Desktop,103,6004,588,1,1785
EVT002585,2026-08-26 02:17:01.735196,Phishing,Asia,Router,6,671,50,0,487
EVT002586,2026-08-26 02:25:01.735196,Brute Force,South America,Firewall,4,724,55,0,346
EVT002587,2026-08-26 02:33:01.735196,Phishing,North America,Desktop,4,752,30,0,404
EVT002588,2026-08-26 02:41:01.735196,Ransomware,North America,Desktop,58,5721,685,1,1649
EVT002589,2026-08-26 02:49:01.735196,Phishing,Africa,Router,3,359,13,0,193
EVT002590,2026-08-26 02:57:01.735196,Unauthorized Access,North America,Desktop,5,411,82,0,247
EVT002591,2026-08-26 03:05:01.735196,DDoS,Oceania,Server,3,574,80,0,189
EVT002592,2026-08-26 03:13:01.735196,Ransomware,Africa,Laptop,5,741,93,0,309
EVT002593,2026-08-26 03:21:01.735196,Unauthorized Access,Africa,Firewall,3,840,39,0,337
EVT002594,2026-08-26 03:29:01.735196,DDoS,North America,Desktop,71,12318,564,1,1943
EVT002595,2026-08-26 03:37:01.735196,Unauthorized Access,South America,Laptop,4,610,26,0,51
EVT002596,2026-08-26 03:45:01.735196,Malware,South America,Firewall,2,863,49,0,84
EVT002597,2026-08-26 03:53:01.735196,Phishing,Europe,Server,1,752,58,0,387
EVT002598,2026-08-26 04:01:01.735196,Brute Force,North America,Laptop,2,682,17,0,288
EVT002599,2026-08-26 04:09:01.735196,Ransomware,South America,Desktop,0,247,80,0,187
EVT002600,2026-08-26 04:17:01.735196,Ransomware,Oceania,Router,3,204,39,0,378
EVT002601,2026-08-26 04:25:01.735196,Brute Force,North America,Laptop,2,149,91,0,10
EVT002602,2026-08-26 04:33:01.735196,Brute Force,Oceania,Router,4,939,5,0,289
EVT002603,2026-08-26 04:41:01.735196,Brute Force,Asia,Laptop,6,842,23,0,480
EVT002604,2026-08-26 04:49:01.735196,Unauthorized Access,North America,Desktop,3,324,70,0,269
EVT002605,2026-08-26 04:57:01.735196,Brute Force,Oceania,Router,4,698,30,0,272
EVT002606,2026-08-26 05:05:01.735196,Unauthorized Access,South America,Laptop,1,263,8,0,418
EVT002607,2026-08-26 05:13:01.735196,Malware,Asia,Server,2,254,55,0,90
EVT002608,2026-08-26 05:21:01.735196,Ransomware,Oceania,Firewall,3,132,39,0,59
EVT002609,2026-08-26 05:29:01.735196,Brute Force,North America,Firewall,0,853,28,0,198
EVT002610,2026-08-26 05:37:01.735196,Ransomware,South America,Firewall,3,494,73,0,412
EVT002611,2026-08-26 05:45:01.735196,Ransomware,North America,Firewall,4,570,59,0,241
EVT002612,2026-08-26 05:53:01.735196,DDoS,South America,Desktop,3,738,33,0,133
EVT002613,2026-08-26 06:01:01.735196,Brute Force,Europe,Firewall,4,369,92,0,183
EVT002614,2026-08-26 06:09:01.735196,Unauthorized Access,Europe,Server,2,193,11,0,191
EVT002615,2026-08-26 06:17:01.735196,Unauthorized Access,South America,Desktop,2,766,87,0,494
EVT002616,2026-08-26 06:25:01.735196,Ransomware,Europe,Router,7,396,6,0,69
EVT002617,2026-08-26 06:33:01.735196,Phishing,Africa,Desktop,0,483,8,0,119
EVT002618,2026-08-26 06:41:01.735196,Brute Force,Oceania,Server,4,289,72,0,181
EVT002619,2026-08-26 06:49:01.735196,Ransomware,Africa,Server,4,971,56,0,431
EVT002620,2026-08-26 06:57:01.735196,Brute Force,Africa,Router,3,807,53,0,443
EVT002621,2026-08-26 07:05:01.735196,Phishing,South America,Desktop,5,484,69,0,152
EVT002622,2026-08-26 07:13:01.735196,DDoS,North America,Desktop,3,615,37,0,459
EVT002623,2026-08-26 07:21:01.735196,Brute Force,Europe,Laptop,1,984,99,0,143
EVT002624,2026-08-26 07:29:01.735196,Malware,Europe,Router,3,112,25,0,217
EVT002625,2026-08-26 07:37:01.735196,Ransomware,Oceania,Laptop,7,278,45,0,433
EVT002626,2026-08-26 07:45:01.735196,Unauthorized Access,South America,Desktop,2,927,22,0,155
EVT002627,2026-08-26 07:53:01.735196,DDoS,Asia,Router,3,414,67,0,455
EVT002628,2026-08-26 08:01:01.735196,Unauthorized Access,Oceania,Desktop,2,361,74,0,40
EVT002629,2026-08-26 08:09:01.735196,Phishing,Oceania,Firewall,6,380,11,1,413
EVT002630,2026-08-26 08:17:01.735196,Phishing,Asia,Firewall,5,427,75,0,393
EVT002631,2026-08-26 08:25:01.735196,Malware,Oceania,Desktop,4,935,41,0,210
EVT002632,2026-08-26 08:33:01.735196,Phishing,Africa,Laptop,4,769,20,0,78
EVT002633,2026-08-26 08:41:01.735196,DDoS,Asia,Laptop,2,987,21,0,186
EVT002634,2026-08-26 08:49:01.735196,Brute Force,Europe,Server,5,817,86,0,176
EVT002635,2026-08-26 08:57:01.735196,Unauthorized Access,North America,Laptop,3,907,40,0,263
EVT002636,2026-08-26 09:05:01.735196,DDoS,Oceania,Laptop,5,373,16,0,440
EVT002637,2026-08-26 09:13:01.735196,Malware,Asia,Router,2,740,97,0,389
EVT002638,2026-08-26 09:21:01.735196,Malware,North America,Firewall,2,797,15,0,98
EVT002639,2026-08-26 09:29:01.735196,Unauthorized Access,South America,Laptop,3,895,72,0,495
EVT002640,2026-08-26 09:37:01.735196,DDoS,Europe,Server,1,390,97,0,85
EVT002641,2026-08-26 09:45:01.735196,DDoS,South America,Desktop,2,866,54,0,219
EVT002642,2026-08-26 09:53:01.735196,Phishing,Oceania,Router,4,607,89,0,250
EVT002643,2026-08-26 10:01:01.735196,Brute Force,Oceania,Server,2,632,92,0,86
EVT002644,2026-08-26 10:09:01.735196,Brute Force,South America,Desktop,4,761,34,0,234
EVT002645,2026-08-26 10:17:01.735196,DDoS,Asia,Server,2,932,16,0,389
EVT002646,2026-08-26 10:25:01.735196,Malware,North America,Router,5,245,55,0,213
EVT002647,2026-08-26 10:33:01.735196,Unauthorized Access,Europe,Server,1,108,96,0,346
EVT002648,2026-08-26 10:41:01.735196,Unauthorized Access,South America,Desktop,5,334,73,0,486
EVT002649,2026-08-26 10:49:01.735196,Malware,Africa,Laptop,1,320,73,0,404
EVT002650,2026-08-26 10:57:01.735196,Brute Force,Oceania,Router,4,434,74,0,255
EVT002651,2026-08-26 11:05:01.735196,Phishing,North America,Desktop,1,710,77,0,180
EVT002652,2026-08-26 11:13:01.735196,Unauthorized Access,Europe,Router,0,906,14,1,266
EVT002653,2026-08-26 11:21:01.735196,Malware,South America,Firewall,1,165,42,0,109
EVT002654,2026-08-26 11:29:01.735196,Unauthorized Access,South America,Server,0,656,26,0,263
EVT002655,2026-08-26 11:37:01.735196,Unauthorized Access,Africa,Server,5,106,75,0,156
EVT002656,2026-08-26 11:45:01.735196,Phishing,Oceania,Server,4,450,29,0,211
EVT002657,2026-08-26 11:53:01.735196,Unauthorized Access,Oceania,Laptop,3,116,15,0,401
EVT002658,2026-08-26 12:01:01.735196,DDoS,Asia,Server,142,8726,599,1,783
EVT002659,2026-08-26 12:09:01.735196,Unauthorized Access,Europe,Laptop,148,5129,414,1,1649
EVT002660,2026-08-26 12:17:01.735196,Ransomware,North America,Server,5,480,82,0,180
EVT002661,2026-08-26 12:25:01.735196,Unauthorized Access,Asia,Desktop,4,784,30,0,15
EVT002662,2026-08-26 12:33:01.735196,Phishing,South America,Server,3,996,44,0,26
EVT002663,2026-08-26 12:41:01.735196,Malware,Africa,Desktop,1,776,18,0,232
EVT002664,2026-08-26 12:49:01.735196,DDoS,Europe,Firewall,6,338,94,0,394
EVT002665,2026-08-26 12:57:01.735196,Ransomware,Africa,Desktop,2,604,42,1,371
EVT002666,2026-08-26 13:05:01.735196,Unauthorized Access,Europe,Server,1,967,49,0,384
EVT002667,2026-08-26 13:13:01.735196,Malware,Europe,Server,3,115,52,0,476
EVT002668,2026-08-26 13:21:01.735196,Ransomware,Europe,Laptop,3,843,74,0,488
EVT002669,2026-08-26 13:29:01.735196,Phishing,Africa,Desktop,2,198,17,0,157
EVT002670,2026-08-26 13:37:01.735196,Brute Force,Africa,Router,2,958,64,0,389
EVT002671,2026-08-26 13:45:01.735196,Ransomware,Asia,Router,7,651,28,0,137
EVT002672,2026-08-26 13:53:01.735196,Phishing,South America,Router,3,940,25,0,107
EVT002673,2026-08-26 14:01:01.735196,Ransomware,Oceania,Router,2,594,84,0,294
EVT002674,2026-08-26 14:09:01.735196,Phishing,Africa,Laptop,4,197,48,0,381
EVT002675,2026-08-26 14:17:01.735196,Brute Force,Asia,Laptop,1,280,49,0,278
EVT002676,2026-08-26 14:25:01.735196,Unauthorized Access,Oceania,Firewall,0,681,72,0,391
EVT002677,2026-08-26 14:33:01.735196,DDoS,Europe,Desktop,3,600,79,0,195
EVT002678,2026-08-26 14:41:01.735196,DDoS,South America,Server,3,152,89,0,13
EVT002679,2026-08-26 14:49:01.735196,Phishing,North America,Desktop,1,236,86,0,150
EVT002680,2026-08-26 14:57:01.735196,Malware,Oceania,Firewall,5,151,85,0,16
EVT002681,2026-08-26 15:05:01.735196,Ransomware,Oceania,Server,5,144,28,0,149
EVT002682,2026-08-26 15:13:01.735196,Ransomware,Asia,Laptop,3,665,78,0,251
EVT002683,2026-08-26 15:21:01.735196,Phishing,Asia,Server,4,512,65,0,402
EVT002684,2026-08-26 15:29:01.735196,Phishing,South America,Server,3,988,17,0,446
EVT002685,2026-08-26 15:37:01.735196,Malware,Europe,Firewall,6,383,49,0,234
EVT002686,2026-08-26 15:45:01.735196,Ransomware,Africa,Router,7,934,18,0,307
EVT002687,2026-08-26 15:53:01.735196,Ransomware,Oceania,Firewall,2,567,36,0,341
EVT002688,2026-08-26 16:01:01.735196,Unauthorized Access,Asia,Firewall,5,283,53,0,122
EVT002689,2026-08-26 16:09:01.735196,Malware,Europe,Desktop,2,584,19,0,140
EVT002690,2026-08-26 16:17:01.735196,DDoS,Europe,Desktop,5,197,61,0,97
EVT002691,2026-08-26 16:25:01.735196,Brute Force,Africa,Firewall,7,720,47,0,102
EVT002692,2026-08-26 16:33:01.735196,DDoS,South America,Firewall,2,703,57,0,268
EVT002693,2026-08-26 16:41:01.735196,Malware,Oceania,Firewall,2,904,47,0,320
EVT002694,2026-08-26 16:49:01.735196,Brute Force,Europe,Laptop,1,286,56,0,405
EVT002695,2026-08-26 16:57:01.735196,Brute Force,Asia,Server,2,847,83,0,208
EVT002696,2026-08-26 17:05:01.735196,Brute Force,Asia,Laptop,2,800,48,0,469
EVT002697,2026-08-26 17:13:01.735196,DDoS,Oceania,Router,3,871,21,0,78
EVT002698,2026-08-26 17:21:01.735196,Ransomware,South America,Firewall,1,762,85,0,124
EVT002699,2026-08-26 17:29:01.735196,DDoS,Africa,Laptop,3,929,57,0,237
EVT002700,2026-08-26 17:37:01.735196,Malware,Asia,Router,3,787,98,0,450
EVT002701,2026-08-26 17:45:01.735196,Malware,Oceania,Server,3,385,19,0,132
EVT002702,2026-08-26 17:53:01.735196,Phishing,North America,Laptop,3,208,82,0,99
EVT002703,2026-08-26 18:01:01.735196,Malware,Oceania,Desktop,3,145,46,0,429
EVT002704,2026-08-26 18:09:01.735196,DDoS,North America,Router,3,420,99,0,255
EVT002705,2026-08-26 18:17:01.735196,Brute Force,Europe,Router,3,438,32,0,150
EVT002706,2026-08-26 18:25:01.735196,Brute Force,Oceania,Firewall,4,636,15,0,378
EVT002707,2026-08-26 18:33:01.735196,DDoS,North America,Firewall,8,233,17,0,84
EVT002708,2026-08-26 18:41:01.735196,Brute Force,North America,Router,4,914,50,0,221
EVT002709,2026-08-26 18:49:01.735196,Brute Force,Asia,Laptop,1,762,99,0,60
EVT002710,2026-08-26 18:57:01.735196,Brute Force,Africa,Firewall,4,464,48,0,100
EVT002711,2026-08-26 19:05:01.735196,DDoS,Europe,Firewall,134,10406,481,1,796
EVT002712,2026-08-26 19:13:01.735196,Phishing,North America,Desktop,1,120,60,1,412
EVT002713,2026-08-26 19:21:01.735196,Unauthorized Access,Asia,Server,1,689,78,0,486
EVT002714,2026-08-26 19:29:01.735196,DDoS,Europe,Desktop,4,852,10,0,444
EVT002715,2026-08-26 19:37:01.735196,Ransomware,Oceania,Laptop,2,289,31,0,61
EVT002716,2026-08-26 19:45:01.735196,Malware,Asia,Desktop,3,665,9,0,363
EVT002717,2026-08-26 19:53:01.735196,Ransomware,Europe,Server,6,845,74,0,307
EVT002718,2026-08-26 20:01:01.735196,Unauthorized Access,South America,Laptop,1,982,58,0,216
EVT002719,2026-08-26 20:09:01.735196,Brute Force,Africa,Server,3,140,90,0,246
EVT002720,2026-08-26 20:17:01.735196,Unauthorized Access,South America,Server,2,628,90,0,354
EVT002721,2026-08-26 20:25:01.735196,Unauthorized Access,South America,Desktop,1,244,63,0,63
EVT002722,2026-08-26 20:33:01.735196,Malware,North America,Desktop,5,171,67,0,251
EVT002723,2026-08-26 20:41:01.735196,Phishing,South America,Desktop,2,194,95,0,441
EVT002724,2026-08-26 20:49:01.735196,DDoS,South America,Laptop,46,14940,905,1,1317
EVT002725,2026-08-26 20:57:01.735196,Unauthorized Access,Europe,Router,2,224,6,0,499
EVT002726,2026-08-26 21:05:01.735196,DDoS,North America,Laptop,4,231,15,0,479
EVT002727,2026-08-26 21:13:01.735196,Ransomware,Europe,Router,1,632,73,0,77
EVT002728,2026-08-26 21:21:01.735196,Ransomware,Asia,Router,3,448,77,0,249
EVT002729,2026-08-26 21:29:01.735196,Unauthorized Access,Asia,Server,3,218,97,0,82
EVT002730,2026-08-26 21:37:01.735196,Brute Force,South America,Laptop,7,612,5,0,441
EVT002731,2026-08-26 21:45:01.735196,Brute Force,South America,Server,8,239,33,1,285
EVT002732,2026-08-26 21:53:01.735196,Brute Force,Europe,Server,3,551,69,0,359
EVT002733,2026-08-26 22:01:01.735196,Malware,Europe,Router,2,543,88,0,199
EVT002734,2026-08-26 22:09:01.735196,Ransomware,North America,Laptop,1,403,44,0,232
EVT002735,2026-08-26 22:17:01.735196,DDoS,Oceania,Desktop,1,587,87,0,192
EVT002736,2026-08-26 22:25:01.735196,DDoS,Africa,Router,2,583,81,0,44
EVT002737,2026-08-26 22:33:01.735196,Brute Force,Europe,Desktop,4,657,65,0,499
EVT002738,2026-08-26 22:41:01.735196,DDoS,Africa,Router,2,281,90,0,83
EVT002739,2026-08-26 22:49:01.735196,Malware,North America,Laptop,2,532,5,0,104
EVT002740,2026-08-26 22:57:01.735196,Unauthorized Access,North America,Laptop,2,442,50,0,134
EVT002741,2026-08-26 23:05:01.735196,Ransomware,South America,Firewall,2,381,39,0,200
EVT002742,2026-08-26 23:13:01.735196,DDoS,South America,Desktop,3,601,69,1,247
EVT002743,2026-08-26 23:21:01.735196,Malware,South America,Laptop,3,362,12,0,252
EVT002744,2026-08-26 23:29:01.735196,Brute Force,Africa,Laptop,1,318,13,0,376
EVT002745,2026-08-26 23:37:01.735196,Malware,Asia,Laptop,3,166,45,0,193
EVT002746,2026-08-26 23:45:01.735196,DDoS,Europe,Router,3,841,10,0,253
EVT002747,2026-08-26 23:53:01.735196,Malware,Oceania,Firewall,3,660,32,0,41
EVT002748,2026-08-27 00:01:01.735196,Phishing,Africa,Laptop,2,857,91,0,335
EVT002749,2026-08-27 00:09:01.735196,Phishing,South America,Server,3,631,37,0,481
EVT002750,2026-08-27 00:17:01.735196,Phishing,Europe,Router,0,109,83,0,97
EVT002751,2026-08-27 00:25:01.735196,Phishing,North America,Server,43,9723,640,1,1807
EVT002752,2026-08-27 00:33:01.735196,Unauthorized Access,Asia,Laptop,3,902,29,0,351
EVT002753,2026-08-27 00:41:01.735196,DDoS,South America,Server,3,511,79,0,256
EVT002754,2026-08-27 00:49:01.735196,Brute Force,North America,Desktop,2,976,38,1,272
EVT002755,2026-08-27 00:57:01.735196,Ransomware,Asia,Desktop,1,341,51,0,185
EVT002756,2026-08-27 01:05:01.735196,Phishing,Asia,Server,2,655,9,0,148
EVT002757,2026-08-27 01:13:01.735196,Malware,North America,Desktop,3,222,39,0,337
EVT002758,2026-08-27 01:21:01.735196,DDoS,Asia,Firewall,3,136,64,0,467
EVT002759,2026-08-27 01:29:01.735196,Phishing,Asia,Router,3,126,28,0,155
EVT002760,2026-08-27 01:37:01.735196,Ransomware,North America,Server,3,141,36,0,134
EVT002761,2026-08-27 01:45:01.735196,Brute Force,Africa,Laptop,3,530,79,0,237
EVT002762,2026-08-27 01:53:01.735196,Brute Force,Asia,Firewall,2,615,41,0,309
EVT002763,2026-08-27 02:01:01.735196,Ransomware,Europe,Desktop,4,399,59,0,378
EVT002764,2026-08-27 02:09:01.735196,DDoS,North America,Server,2,505,34,0,72
EVT002765,2026-08-27 02:17:01.735196,Brute Force,Africa,Server,3,420,43,0,268
EVT002766,2026-08-27 02:25:01.735196,Brute Force,Europe,Laptop,63,5379,654,1,1442
EVT002767,2026-08-27 02:33:01.735196,Malware,North America,Firewall,2,446,84,0,275
EVT002768,2026-08-27 02:41:01.735196,Ransomware,Oceania,Router,5,214,94,0,135
EVT002769,2026-08-27 02:49:01.735196,Phishing,Africa,Laptop,4,794,5,0,204
EVT002770,2026-08-27 02:57:01.735196,Phishing,South America,Firewall,76,8963,891,1,775
EVT002771,2026-08-27 03:05:01.735196,Unauthorized Access,Asia,Desktop,3,174,90,0,43
EVT002772,2026-08-27 03:13:01.735196,Brute Force,North America,Router,2,127,95,0,436
EVT002773,2026-08-27 03:21:01.735196,DDoS,Africa,Firewall,3,856,46,0,367
EVT002774,2026-08-27 03:29:01.735196,Phishing,Africa,Desktop,0,839,87,0,279
EVT002775,2026-08-27 03:37:01.735196,Phishing,Asia,Server,5,878,18,0,369
EVT002776,2026-08-27 03:45:01.735196,Malware,Oceania,Laptop,6,157,29,0,57
EVT002777,2026-08-27 03:53:01.735196,DDoS,South America,Firewall,4,516,19,0,173
EVT002778,2026-08-27 04:01:01.735196,Malware,Europe,Router,3,596,91,1,325
EVT002779,2026-08-27 04:09:01.735196,DDoS,Africa,Router,2,848,86,0,82
EVT002780,2026-08-27 04:17:01.735196,Ransomware,Europe,Laptop,2,330,12,0,141
EVT002781,2026-08-27 04:25:01.735196,Unauthorized Access,Europe,Firewall,41,11396,774,1,875
EVT002782,2026-08-27 04:33:01.735196,Unauthorized Access,South America,Firewall,3,206,47,0,351
EVT002783,2026-08-27 04:41:01.735196,Unauthorized Access,Asia,Desktop,4,201,21,0,270
EVT002784,2026-08-27 04:49:01.735196,Ransomware,Oceania,Desktop,5,270,81,0,429
EVT002785,2026-08-27 04:57:01.735196,Phishing,Europe,Server,2,225,51,0,421
EVT002786,2026-08-27 05:05:01.735196,Ransomware,North America,Laptop,5,515,33,0,227
EVT002787,2026-08-27 05:13:01.735196,Ransomware,Europe,Desktop,3,947,22,0,98
EVT002788,2026-08-27 05:21:01.735196,Malware,Oceania,Laptop,4,182,37,0,363
EVT002789,2026-08-27 05:29:01.735196,Phishing,Africa,Server,5,762,51,0,366
EVT002790,2026-08-27 05:37:01.735196,Ransomware,Oceania,Firewall,107,9494,887,1,1520
EVT002791,2026-08-27 05:45:01.735196,Ransomware,North America,Firewall,5,457,62,0,18
EVT002792,2026-08-27 05:53:01.735196,Phishing,South America,Firewall,1,742,98,0,162
EVT002793,2026-08-27 06:01:01.735196,Malware,Oceania,Server,3,692,58,0,28
EVT002794,2026-08-27 06:09:01.735196,Phishing,Oceania,Desktop,4,792,50,0,207
EVT002795,2026-08-27 06:17:01.735196,Malware,Africa,Firewall,2,386,64,0,15
EVT002796,2026-08-27 06:25:01.735196,Brute Force,Oceania,Router,1,811,64,0,312
EVT002797,2026-08-27 06:33:01.735196,Ransomware,Oceania,Firewall,7,126,89,0,154
EVT002798,2026-08-27 06:41:01.735196,DDoS,Europe,Desktop,6,396,59,0,155
EVT002799,2026-08-27 06:49:01.735196,Unauthorized Access,Oceania,Router,2,625,25,0,66
EVT002800,2026-08-27 06:57:01.735196,Phishing,Oceania,Router,3,205,47,0,41
EVT002801,2026-08-27 07:05:01.735196,DDoS,North America,Router,3,389,11,0,323
EVT002802,2026-08-27 07:13:01.735196,Phishing,Europe,Laptop,3,300,77,0,381
EVT002803,2026-08-27 07:21:01.735196,Brute Force,Europe,Desktop,7,464,76,0,423
EVT002804,2026-08-27 07:29:01.735196,Phishing,Europe,Router,120,11140,623,1,938
EVT002805,2026-08-27 07:37:01.735196,Phishing,North America,Laptop,1,452,54,0,471
EVT002806,2026-08-27 07:45:01.735196,Phishing,South America,Router,3,547,59,0,274
EVT002807,2026-08-27 07:53:01.735196,Unauthorized Access,Europe,Server,4,208,41,0,76
EVT002808,2026-08-27 08:01:01.735196,DDoS,South America,Server,6,212,42,0,87
EVT002809,2026-08-27 08:09:01.735196,Malware,Oceania,Server,1,501,69,0,383
EVT002810,2026-08-27 08:17:01.735196,Malware,Asia,Laptop,3,403,75,0,162
EVT002811,2026-08-27 08:25:01.735196,Unauthorized Access,North America,Server,3,623,61,0,36
EVT002812,2026-08-27 08:33:01.735196,Malware,Africa,Desktop,3,148,39,0,154
EVT002813,2026-08-27 08:41:01.735196,Malware,Europe,Laptop,4,401,79,0,68
EVT002814,2026-08-27 08:49:01.735196,Unauthorized Access,South America,Laptop,4,482,21,0,91
EVT002815,2026-08-27 08:57:01.735196,DDoS,Europe,Laptop,1,535,82,0,412
EVT002816,2026-08-27 09:05:01.735196,Brute Force,Asia,Firewall,0,153,72,0,353
EVT002817,2026-08-27 09:13:01.735196,Malware,North America,Firewall,4,668,75,0,398
EVT002818,2026-08-27 09:21:01.735196,Unauthorized Access,South America,Laptop,4,267,32,0,321
EVT002819,2026-08-27 09:29:01.735196,Phishing,North America,Laptop,66,14086,791,1,988
EVT002820,2026-08-27 09:37:01.735196,Phishing,Asia,Desktop,3,139,94,0,192
EVT002821,2026-08-27 09:45:01.735196,Brute Force,South America,Server,5,136,91,1,328
EVT002822,2026-08-27 09:53:01.735196,Malware,Europe,Server,1,716,73,0,273
EVT002823,2026-08-27 10:01:01.735196,Ransomware,Asia,Server,7,451,38,0,206
EVT002824,2026-08-27 10:09:01.735196,Malware,Asia,Server,2,418,86,1,441
EVT002825,2026-08-27 10:17:01.735196,Unauthorized Access,Europe,Laptop,3,466,82,0,423
EVT002826,2026-08-27 10:25:01.735196,Ransomware,Africa,Laptop,2,349,16,0,131
EVT002827,2026-08-27 10:33:01.735196,Phishing,Oceania,Desktop,4,549,44,0,362
EVT002828,2026-08-27 10:41:01.735196,Ransomware,Asia,Server,5,736,8,0,364
EVT002829,2026-08-27 10:49:01.735196,DDoS,Oceania,Desktop,0,338,56,0,152
EVT002830,2026-08-27 10:57:01.735196,Brute Force,North America,Server,5,386,48,0,167
EVT002831,2026-08-27 11:05:01.735196,Phishing,Oceania,Laptop,3,748,66,0,238
EVT002832,2026-08-27 11:13:01.735196,DDoS,South America,Router,3,478,15,1,118
EVT002833,2026-08-27 11:21:01.735196,Malware,Africa,Router,1,629,80,0,20
EVT002834,2026-08-27 11:29:01.735196,Ransomware,Europe,Server,1,672,8,0,401
EVT002835,2026-08-27 11:37:01.735196,Phishing,Europe,Router,0,623,39,0,60
EVT002836,2026-08-27 11:45:01.735196,DDoS,South America,Router,3,637,73,0,60
EVT002837,2026-08-27 11:53:01.735196,DDoS,Africa,Desktop,3,155,97,0,454
EVT002838,2026-08-27 12:01:01.735196,Brute Force,Europe,Router,4,259,14,0,114
EVT002839,2026-08-27 12:09:01.735196,DDoS,Africa,Firewall,4,154,82,0,353
EVT002840,2026-08-27 12:17:01.735196,Unauthorized Access,Europe,Router,4,374,73,0,72
EVT002841,2026-08-27 12:25:01.735196,Brute Force,South America,Firewall,3,618,52,0,352
EVT002842,2026-08-27 12:33:01.735196,Brute Force,Oceania,Laptop,1,667,36,1,296
EVT002843,2026-08-27 12:41:01.735196,Phishing,Asia,Server,4,406,33,0,271
EVT002844,2026-08-27 12:49:01.735196,Malware,Asia,Firewall,2,613,62,0,371
EVT002845,2026-08-27 12:57:01.735196,Phishing,North America,Server,1,484,60,0,63
EVT002846,2026-08-27 13:05:01.735196,Ransomware,Europe,Desktop,2,731,9,0,25
EVT002847,2026-08-27 13:13:01.735196,Unauthorized Access,South America,Laptop,6,832,99,0,363
EVT002848,2026-08-27 13:21:01.735196,Phishing,North America,Laptop,2,624,28,0,256
EVT002849,2026-08-27 13:29:01.735196,Brute Force,Oceania,Laptop,5,494,82,0,216
EVT002850,2026-08-27 13:37:01.735196,Malware,Oceania,Router,4,342,14,0,57
EVT002851,2026-08-27 13:45:01.735196,Brute Force,North America,Firewall,4,777,10,0,85
EVT002852,2026-08-27 13:53:01.735196,Unauthorized Access,Europe,Server,1,645,23,0,237
EVT002853,2026-08-27 14:01:01.735196,Phishing,North America,Laptop,3,857,74,0,89
EVT002854,2026-08-27 14:09:01.735196,Unauthorized Access,South America,Laptop,1,979,5,0,154
EVT002855,2026-08-27 14:17:01.735196,DDoS,Oceania,Laptop,2,606,35,0,45
EVT002856,2026-08-27 14:25:01.735196,Brute Force,Asia,Router,1,985,73,0,343
EVT002857,2026-08-27 14:33:01.735196,Ransomware,South America,Server,2,827,67,0,91
EVT002858,2026-08-27 14:41:01.735196,Phishing,North America,Server,5,177,27,0,151
EVT002859,2026-08-27 14:49:01.735196,Phishing,Africa,Laptop,2,629,99,1,133
EVT002860,2026-08-27 14:57:01.735196,DDoS,Oceania,Router,125,6044,763,1,1182
EVT002861,2026-08-27 15:05:01.735196,Ransomware,Africa,Firewall,3,739,18,0,112
EVT002862,2026-08-27 15:13:01.735196,Phishing,South America,Laptop,4,390,41,0,165
EVT002863,2026-08-27 15:21:01.735196,Malware,Africa,Router,2,112,51,0,293
EVT002864,2026-08-27 15:29:01.735196,Phishing,Oceania,Laptop,8,467,50,0,130
EVT002865,2026-08-27 15:37:01.735196,Malware,Europe,Router,2,774,66,0,203
EVT002866,2026-08-27 15:45:01.735196,Brute Force,Africa,Firewall,4,409,59,0,318
EVT002867,2026-08-27 15:53:01.735196,Brute Force,South America,Router,2,253,91,0,162
EVT002868,2026-08-27 16:01:01.735196,Brute Force,South America,Router,4,582,53,0,167
EVT002869,2026-08-27 16:09:01.735196,Ransomware,Oceania,Router,1,116,26,0,90
EVT002870,2026-08-27 16:17:01.735196,Malware,North America,Server,4,623,29,0,475
EVT002871,2026-08-27 16:25:01.735196,Ransomware,North America,Laptop,5,892,37,0,180
EVT002872,2026-08-27 16:33:01.735196,Unauthorized Access,North America,Server,2,601,35,0,109
EVT002873,2026-08-27 16:41:01.735196,Malware,Asia,Laptop,3,776,62,0,288
EVT002874,2026-08-27 16:49:01.735196,Brute Force,North America,Laptop,5,639,93,0,261
EVT002875,2026-08-27 16:57:01.735196,Unauthorized Access,Africa,Server,3,551,81,0,332
EVT002876,2026-08-27 17:05:01.735196,DDoS,North America,Server,3,246,12,0,68
EVT002877,2026-08-27 17:13:01.735196,Ransomware,North America,Desktop,4,584,96,0,344
EVT002878,2026-08-27 17:21:01.735196,DDoS,Africa,Laptop,0,337,50,0,463
EVT002879,2026-08-27 17:29:01.735196,DDoS,Oceania,Desktop,2,766,11,0,135
EVT002880,2026-08-27 17:37:01.735196,Brute Force,Oceania,Server,1,677,60,0,371
EVT002881,2026-08-27 17:45:01.735196,Brute Force,Africa,Server,6,808,15,0,57
EVT002882,2026-08-27 17:53:01.735196,Phishing,North America,Firewall,4,754,20,0,429
EVT002883,2026-08-27 18:01:01.735196,DDoS,Africa,Server,2,738,7,0,216
EVT002884,2026-08-27 18:09:01.735196,Phishing,Oceania,Router,4,462,86,0,22
EVT002885,2026-08-27 18:17:01.735196,Brute Force,North America,Laptop,1,885,9,0,53
EVT002886,2026-08-27 18:25:01.735196,Brute Force,Oceania,Laptop,4,729,69,0,315
EVT002887,2026-08-27 18:33:01.735196,Phishing,Africa,Firewall,5,131,28,0,241
EVT002888,2026-08-27 18:41:01.735196,Unauthorized Access,Oceania,Firewall,2,931,81,0,486
EVT002889,2026-08-27 18:49:01.735196,Ransomware,South America,Laptop,2,931,5,0,148
EVT002890,2026-08-27 18:57:01.735196,Ransomware,Africa,Router,1,779,8,0,120
EVT002891,2026-08-27 19:05:01.735196,Brute Force,Oceania,Router,110,12677,913,1,1125
EVT002892,2026-08-27 19:13:01.735196,Unauthorized Access,Africa,Server,4,295,56,0,141
EVT002893,2026-08-27 19:21:01.735196,Unauthorized Access,Oceania,Router,5,884,95,1,149
EVT002894,2026-08-27 19:29:01.735196,Malware,Europe,Desktop,5,377,10,0,275
EVT002895,2026-08-27 19:37:01.735196,Malware,South America,Server,2,232,48,0,124
EVT002896,2026-08-27 19:45:01.735196,Phishing,Asia,Laptop,3,404,40,0,310
EVT002897,2026-08-27 19:53:01.735196,Unauthorized Access,Asia,Desktop,1,308,62,0,35
EVT002898,2026-08-27 20:01:01.735196,Phishing,Oceania,Router,4,670,41,0,346
EVT002899,2026-08-27 20:09:01.735196,DDoS,Asia,Router,3,436,26,0,228
EVT002900,2026-08-27 20:17:01.735196,Phishing,North America,Firewall,2,953,6,0,278
EVT002901,2026-08-27 20:25:01.735196,Ransomware,Asia,Router,1,956,95,0,463
EVT002902,2026-08-27 20:33:01.735196,Unauthorized Access,Oceania,Laptop,2,493,23,0,332
EVT002903,2026-08-27 20:41:01.735196,Unauthorized Access,Africa,Desktop,5,966,93,0,96
EVT002904,2026-08-27 20:49:01.735196,Brute Force,South America,Firewall,3,959,12,0,452
EVT002905,2026-08-27 20:57:01.735196,Brute Force,North America,Firewall,2,485,45,0,114
EVT002906,2026-08-27 21:05:01.735196,Malware,Oceania,Laptop,4,923,69,0,203
EVT002907,2026-08-27 21:13:01.735196,Unauthorized Access,North America,Laptop,2,460,26,0,370
EVT002908,2026-08-27 21:21:01.735196,Ransomware,South America,Laptop,2,231,80,0,452
EVT002909,2026-08-27 21:29:01.735196,Malware,Europe,Router,7,627,22,0,421
EVT002910,2026-08-27 21:37:01.735196,Brute Force,North America,Desktop,4,800,15,0,331
EVT002911,2026-08-27 21:45:01.735196,Brute Force,Africa,Router,2,486,32,0,103
EVT002912,2026-08-27 21:53:01.735196,Phishing,Oceania,Server,4,216,75,0,344
EVT002913,2026-08-27 22:01:01.735196,DDoS,South America,Laptop,2,576,91,0,269
EVT002914,2026-08-27 22:09:01.735196,Malware,Asia,Desktop,3,858,39,0,74
EVT002915,2026-08-27 22:17:01.735196,DDoS,Europe,Router,2,345,39,0,291
EVT002916,2026-08-27 22:25:01.735196,DDoS,North America,Firewall,7,491,15,0,39
EVT002917,2026-08-27 22:33:01.735196,DDoS,Europe,Laptop,4,142,46,0,312
EVT002918,2026-08-27 22:41:01.735196,Malware,Africa,Router,3,674,97,0,442
EVT002919,2026-08-27 22:49:01.735196,Ransomware,South America,Router,3,493,14,0,482
EVT002920,2026-08-27 22:57:01.735196,Phishing,North America,Router,1,186,59,0,337
EVT002921,2026-08-27 23:05:01.735196,Brute Force,Europe,Server,3,595,86,0,472
EVT002922,2026-08-27 23:13:01.735196,Ransomware,South America,Server,3,646,89,1,148
EVT002923,2026-08-27 23:21:01.735196,Brute Force,South America,Router,1,494,26,0,91
EVT002924,2026-08-27 23:29:01.735196,Brute Force,Asia,Laptop,5,312,64,0,406
EVT002925,2026-08-27 23:37:01.735196,Malware,South America,Desktop,4,642,82,0,20
EVT002926,2026-08-27 23:45:01.735196,Ransomware,Europe,Laptop,2,770,12,0,139
EVT002927,2026-08-27 23:53:01.735196,DDoS,South America,Router,5,397,81,0,182
EVT002928,2026-08-28 00:01:01.735196,Phishing,Oceania,Router,2,658,98,0,464
EVT002929,2026-08-28 00:09:01.735196,Brute Force,Africa,Router,2,900,31,0,156
EVT002930,2026-08-28 00:17:01.735196,Unauthorized Access,Africa,Laptop,2,227,29,0,348
EVT002931,2026-08-28 00:25:01.735196,Brute Force,Africa,Firewall,3,773,11,0,265
EVT002932,2026-08-28 00:33:01.735196,Brute Force,Oceania,Desktop,5,968,71,0,79
EVT002933,2026-08-28 00:41:01.735196,DDoS,Europe,Router,125,5500,892,1,1106
EVT002934,2026-08-28 00:49:01.735196,Malware,Oceania,Router,5,402,80,0,323
EVT002935,2026-08-28 00:57:01.735196,Brute Force,North America,Router,2,544,11,0,252
EVT002936,2026-08-28 01:05:01.735196,Phishing,Oceania,Router,1,988,93,0,63
EVT002937,2026-08-28 01:13:01.735196,Unauthorized Access,North America,Server,4,790,80,0,40
EVT002938,2026-08-28 01:21:01.735196,Phishing,South America,Firewall,7,790,73,0,493
EVT002939,2026-08-28 01:29:01.735196,Unauthorized Access,South America,Laptop,3,583,84,0,436
EVT002940,2026-08-28 01:37:01.735196,Phishing,Oceania,Firewall,2,369,97,0,186
EVT002941,2026-08-28 01:45:01.735196,Ransomware,Asia,Server,4,760,18,0,157
EVT002942,2026-08-28 01:53:01.735196,Ransomware,Africa,Server,5,994,28,0,104
EVT002943,2026-08-28 02:01:01.735196,Brute Force,South America,Router,0,642,57,1,349
EVT002944,2026-08-28 02:09:01.735196,Ransomware,Africa,Router,0,385,39,0,497
EVT002945,2026-08-28 02:17:01.735196,Ransomware,North America,Laptop,6,934,19,0,127
EVT002946,2026-08-28 02:25:01.735196,Ransomware,Europe,Firewall,3,535,84,0,239
EVT002947,2026-08-28 02:33:01.735196,Unauthorized Access,South America,Router,2,199,13,0,58
EVT002948,2026-08-28 02:41:01.735196,Brute Force,Oceania,Router,4,654,5,0,140
EVT002949,2026-08-28 02:49:01.735196,Brute Force,Africa,Server,0,900,13,0,321
EVT002950,2026-08-28 02:57:01.735196,Malware,North America,Server,2,290,91,0,248
EVT002951,2026-08-28 03:05:01.735196,DDoS,North America,Router,3,855,57,0,311
EVT002952,2026-08-28 03:13:01.735196,Unauthorized Access,Africa,Server,3,583,10,0,205
EVT002953,2026-08-28 03:21:01.735196,Unauthorized Access,Africa,Server,4,842,62,0,303
EVT002954,2026-08-28 03:29:01.735196,DDoS,Europe,Laptop,1,794,10,0,389
EVT002955,2026-08-28 03:37:01.735196,Unauthorized Access,South America,Server,4,135,74,0,104
EVT002956,2026-08-28 03:45:01.735196,DDoS,North America,Desktop,3,892,78,0,176
EVT002957,2026-08-28 03:53:01.735196,DDoS,South America,Router,2,355,26,0,279
EVT002958,2026-08-28 04:01:01.735196,Ransomware,Europe,Firewall,45,6042,624,1,1607
EVT002959,2026-08-28 04:09:01.735196,Brute Force,Asia,Desktop,5,848,20,0,51
EVT002960,2026-08-28 04:17:01.735196,DDoS,Oceania,Laptop,3,551,28,0,49
EVT002961,2026-08-28 04:25:01.735196,DDoS,North America,Server,117,6394,332,1,1448
EVT002962,2026-08-28 04:33:01.735196,Ransomware,Africa,Firewall,93,8065,869,1,1727
EVT002963,2026-08-28 04:41:01.735196,Phishing,Africa,Router,2,848,23,0,409
EVT002964,2026-08-28 04:49:01.735196,DDoS,Europe,Firewall,3,673,40,0,281
EVT002965,2026-08-28 04:57:01.735196,Malware,Africa,Router,2,997,99,0,446
EVT002966,2026-08-28 05:05:01.735196,Brute Force,South America,Laptop,2,723,70,0,446
EVT002967,2026-08-28 05:13:01.735196,Ransomware,Africa,Laptop,2,456,53,0,199
EVT002968,2026-08-28 05:21:01.735196,Malware,Oceania,Laptop,1,249,74,0,353
EVT002969,2026-08-28 05:29:01.735196,Brute Force,Africa,Router,1,209,53,0,44
EVT002970,2026-08-28 05:37:01.735196,Brute Force,Asia,Firewall,4,978,36,0,319
EVT002971,2026-08-28 05:45:01.735196,Ransomware,Europe,Server,4,179,48,0,230
EVT002972,2026-08-28 05:53:01.735196,DDoS,North America,Firewall,4,425,48,0,338
EVT002973,2026-08-28 06:01:01.735196,Unauthorized Access,Oceania,Firewall,1,438,37,0,281
EVT002974,2026-08-28 06:09:01.735196,Malware,Africa,Router,4,364,98,0,325
EVT002975,2026-08-28 06:17:01.735196,Brute Force,Europe,Router,40,10950,762,1,1846
EVT002976,2026-08-28 06:25:01.735196,Ransomware,Europe,Laptop,4,984,54,0,171
EVT002977,2026-08-28 06:33:01.735196,Phishing,Asia,Laptop,1,818,80,0,391
EVT002978,2026-08-28 06:41:01.735196,Phishing,Oceania,Router,2,729,5,0,320
EVT002979,2026-08-28 06:49:01.735196,Brute Force,North America,Desktop,2,603,19,0,407
EVT002980,2026-08-28 06:57:01.735196,Phishing,Oceania,Server,4,599,95,0,66
EVT002981,2026-08-28 07:05:01.735196,Unauthorized Access,North America,Server,1,129,62,0,65
EVT002982,2026-08-28 07:13:01.735196,Unauthorized Access,North America,Server,5,439,8,0,202
EVT002983,2026-08-28 07:21:01.735196,Ransomware,Europe,Server,4,613,26,0,360
EVT002984,2026-08-28 07:29:01.735196,Ransomware,Europe,Router,3,850,63,0,19
EVT002985,2026-08-28 07:37:01.735196,Malware,South America,Server,2,876,11,0,92
EVT002986,2026-08-28 07:45:01.735196,Brute Force,North America,Laptop,2,832,59,0,494
EVT002987,2026-08-28 07:53:01.735196,DDoS,Asia,Router,3,632,84,0,331
EVT002988,2026-08-28 08:01:01.735196,Phishing,Asia,Server,2,278,82,0,271
EVT002989,2026-08-28 08:09:01.735196,Brute Force,Africa,Firewall,4,496,62,0,160
EVT002990,2026-08-28 08:17:01.735196,Malware,Asia,Desktop,2,223,94,0,342
EVT002991,2026-08-28 08:25:01.735196,Unauthorized Access,Africa,Firewall,1,558,80,0,54
EVT002992,2026-08-28 08:33:01.735196,Unauthorized Access,Oceania,Desktop,41,7568,391,1,776
EVT002993,2026-08-28 08:41:01.735196,Phishing,Africa,Server,2,896,26,0,115
EVT002994,2026-08-28 08:49:01.735196,Unauthorized Access,Africa,Laptop,2,866,58,0,119
EVT002995,2026-08-28 08:57:01.735196,Ransomware,North America,Laptop,3,134,74,0,326
EVT002996,2026-08-28 09:05:01.735196,Phishing,Europe,Server,69,6560,654,1,1585
EVT002997,2026-08-28 09:13:01.735196,Phishing,Asia,Desktop,5,734,82,0,371
EVT002998,2026-08-28 09:21:01.735196,Malware,Asia,Firewall,2,900,85,0,462
EVT002999,2026-08-28 09:29:01.735196,DDoS,Oceania,Router,0,124,76,0,397
EVT003000,2026-08-28 09:37:01.735196,DDoS,Europe,Desktop,6,839,76,0,189
EVT003001,2026-08-28 09:45:01.735196,Brute Force,Oceania,Desktop,5,764,71,0,176
EVT003002,2026-08-28 09:53:01.735196,Malware,Africa,Firewall,6,838,39,0,262
EVT003003,2026-08-28 10:01:01.735196,Phishing,Oceania,Router,3,153,11,0,368
EVT003004,2026-08-28 10:09:01.735196,DDoS,South America,Firewall,5,550,26,0,393
EVT003005,2026-08-28 10:17:01.735196,Ransomware,Africa,Server,3,554,78,0,196
EVT003006,2026-08-28 10:25:01.735196,DDoS,Europe,Firewall,3,688,35,0,343
EVT003007,2026-08-28 10:33:01.735196,Brute Force,North America,Router,0,264,92,0,60
EVT003008,2026-08-28 10:41:01.735196,Malware,Africa,Desktop,3,365,77,0,41
EVT003009,2026-08-28 10:49:01.735196,Ransomware,Africa,Firewall,0,164,69,0,27
EVT003010,2026-08-28 10:57:01.735196,Malware,North America,Laptop,4,569,96,0,467
EVT003011,2026-08-28 11:05:01.735196,DDoS,Europe,Desktop,4,623,62,0,377
EVT003012,2026-08-28 11:13:01.735196,Phishing,Oceania,Desktop,1,189,20,0,442
EVT003013,2026-08-28 11:21:01.735196,Ransomware,North America,Server,5,673,22,0,114
EVT003014,2026-08-28 11:29:01.735196,Malware,Oceania,Desktop,1,142,48,0,320
EVT003015,2026-08-28 11:37:01.735196,Unauthorized Access,Asia,Laptop,1,488,61,0,356
EVT003016,2026-08-28 11:45:01.735196,DDoS,Asia,Firewall,6,499,74,0,347
EVT003017,2026-08-28 11:53:01.735196,Phishing,North America,Firewall,3,181,52,0,180
EVT003018,2026-08-28 12:01:01.735196,Unauthorized Access,Oceania,Server,2,311,12,0,494
EVT003019,2026-08-28 12:09:01.735196,Brute Force,South America,Router,2,966,78,0,109
EVT003020,2026-08-28 12:17:01.735196,Ransomware,Europe,Laptop,5,428,55,0,371
EVT003021,2026-08-28 12:25:01.735196,DDoS,South America,Server,102,7657,733,1,1287
EVT003022,2026-08-28 12:33:01.735196,DDoS,North America,Server,6,755,5,1,458
EVT003023,2026-08-28 12:41:01.735196,Unauthorized Access,Asia,Firewall,4,426,61,0,421
EVT003024,2026-08-28 12:49:01.735196,Unauthorized Access,North America,Desktop,3,428,38,0,422
EVT003025,2026-08-28 12:57:01.735196,Unauthorized Access,North America,Router,48,13186,848,1,1205
EVT003026,2026-08-28 13:05:01.735196,DDoS,North America,Firewall,3,411,84,0,456
EVT003027,2026-08-28 13:13:01.735196,Malware,Asia,Server,2,632,8,0,136
EVT003028,2026-08-28 13:21:01.735196,Malware,South America,Desktop,2,193,64,0,90
EVT003029,2026-08-28 13:29:01.735196,Ransomware,South America,Server,1,719,30,0,374
EVT003030,2026-08-28 13:37:01.735196,Ransomware,South America,Firewall,2,706,20,0,370
EVT003031,2026-08-28 13:45:01.735196,Ransomware,Oceania,Router,74,13425,498,1,1196
EVT003032,2026-08-28 13:53:01.735196,Brute Force,North America,Desktop,4,105,88,0,117
EVT003033,2026-08-28 14:01:01.735196,Malware,North America,Laptop,1,439,38,0,42
EVT003034,2026-08-28 14:09:01.735196,Malware,Europe,Server,118,6924,733,1,1533
EVT003035,2026-08-28 14:17:01.735196,Brute Force,Oceania,Router,4,154,9,1,358
EVT003036,2026-08-28 14:25:01.735196,Malware,Europe,Desktop,6,616,50,0,202
EVT003037,2026-08-28 14:33:01.735196,Unauthorized Access,North America,Server,2,318,60,0,267
EVT003038,2026-08-28 14:41:01.735196,Malware,North America,Server,5,125,51,0,431
EVT003039,2026-08-28 14:49:01.735196,Malware,Asia,Desktop,4,930,28,0,364
EVT003040,2026-08-28 14:57:01.735196,DDoS,Asia,Laptop,3,959,44,0,307
EVT003041,2026-08-28 15:05:01.735196,Unauthorized Access,South America,Server,2,282,32,0,18
EVT003042,2026-08-28 15:13:01.735196,Phishing,Africa,Router,3,645,41,0,279
EVT003043,2026-08-28 15:21:01.735196,Brute Force,North America,Firewall,4,333,21,0,41
EVT003044,2026-08-28 15:29:01.735196,Unauthorized Access,South America,Router,5,456,68,0,126
EVT003045,2026-08-28 15:37:01.735196,Ransomware,Oceania,Router,1,200,31,0,114
EVT003046,2026-08-28 15:45:01.735196,Ransomware,Asia,Server,2,838,21,0,133
EVT003047,2026-08-28 15:53:01.735196,Phishing,Oceania,Laptop,2,723,53,0,32
EVT003048,2026-08-28 16:01:01.735196,Malware,South America,Server,4,563,9,0,323
EVT003049,2026-08-28 16:09:01.735196,Brute Force,Europe,Router,5,682,90,0,425
EVT003050,2026-08-28 16:17:01.735196,Phishing,South America,Server,9,894,51,0,48
EVT003051,2026-08-28 16:25:01.735196,Unauthorized Access,Africa,Firewall,6,587,85,0,150
EVT003052,2026-08-28 16:33:01.735196,Ransomware,Oceania,Router,1,252,90,0,326
EVT003053,2026-08-28 16:41:01.735196,Unauthorized Access,North America,Laptop,3,651,89,0,461
EVT003054,2026-08-28 16:49:01.735196,Ransomware,South America,Router,2,884,45,0,207
EVT003055,2026-08-28 16:57:01.735196,Unauthorized Access,Europe,Router,5,372,75,0,216
EVT003056,2026-08-28 17:05:01.735196,Ransomware,South America,Laptop,3,351,15,0,452
EVT003057,2026-08-28 17:13:01.735196,Unauthorized Access,Oceania,Server,4,930,82,0,483
EVT003058,2026-08-28 17:21:01.735196,Malware,Oceania,Server,5,232,19,0,425
EVT003059,2026-08-28 17:29:01.735196,DDoS,Europe,Desktop,1,871,57,0,164
EVT003060,2026-08-28 17:37:01.735196,Brute Force,Africa,Router,36,7685,382,1,727
EVT003061,2026-08-28 17:45:01.735196,Malware,Africa,Server,3,482,47,0,335
EVT003062,2026-08-28 17:53:01.735196,Phishing,Europe,Router,2,426,97,0,411
EVT003063,2026-08-28 18:01:01.735196,Unauthorized Access,Asia,Server,2,278,62,0,472
EVT003064,2026-08-28 18:09:01.735196,Ransomware,North America,Server,1,502,13,0,360
EVT003065,2026-08-28 18:17:01.735196,Brute Force,South America,Laptop,6,839,23,0,257
EVT003066,2026-08-28 18:25:01.735196,DDoS,Europe,Firewall,1,868,96,0,392
EVT003067,2026-08-28 18:33:01.735196,Unauthorized Access,South America,Firewall,3,327,13,0,155
EVT003068,2026-08-28 18:41:01.735196,Brute Force,North America,Laptop,2,803,48,0,485
EVT003069,2026-08-28 18:49:01.735196,Phishing,North America,Server,1,603,65,0,61
EVT003070,2026-08-28 18:57:01.735196,Unauthorized Access,Asia,Laptop,2,150,99,0,401
EVT003071,2026-08-28 19:05:01.735196,Malware,Asia,Laptop,7,294,75,0,82
EVT003072,2026-08-28 19:13:01.735196,Brute Force,Oceania,Router,2,757,17,0,239
EVT003073,2026-08-28 19:21:01.735196,Malware,Europe,Desktop,2,662,91,0,386
EVT003074,2026-08-28 19:29:01.735196,Phishing,Europe,Desktop,1,282,30,0,249
EVT003075,2026-08-28 19:37:01.735196,Brute Force,Africa,Desktop,3,850,7,1,237
EVT003076,2026-08-28 19:45:01.735196,Malware,Europe,Firewall,5,771,85,0,215
EVT003077,2026-08-28 19:53:01.735196,Unauthorized Access,South America,Desktop,2,214,28,0,240
EVT003078,2026-08-28 20:01:01.735196,Brute Force,Europe,Laptop,4,423,43,0,306
EVT003079,2026-08-28 20:09:01.735196,Malware,Europe,Laptop,4,371,72,0,287
EVT003080,2026-08-28 20:17:01.735196,DDoS,Europe,Server,3,902,61,0,342
EVT003081,2026-08-28 20:25:01.735196,DDoS,Asia,Server,4,646,73,0,148
EVT003082,2026-08-28 20:33:01.735196,Ransomware,North America,Laptop,3,670,6,0,415
EVT003083,2026-08-28 20:41:01.735196,Malware,Africa,Desktop,1,319,33,0,131
EVT003084,2026-08-28 20:49:01.735196,Unauthorized Access,North America,Router,0,686,79,0,348
EVT003085,2026-08-28 20:57:01.735196,DDoS,North America,Server,6,182,51,0,280
EVT003086,2026-08-28 21:05:01.735196,Unauthorized Access,Oceania,Desktop,2,240,84,0,465
EVT003087,2026-08-28 21:13:01.735196,Unauthorized Access,Africa,Laptop,3,309,18,0,58
EVT003088,2026-08-28 21:21:01.735196,Malware,North America,Desktop,3,544,94,0,173
EVT003089,2026-08-28 21:29:01.735196,Ransomware,South America,Router,0,817,36,0,260
EVT003090,2026-08-28 21:37:01.735196,Unauthorized Access,Asia,Router,4,684,45,1,108
EVT003091,2026-08-28 21:45:01.735196,DDoS,North America,Desktop,4,594,89,0,242
EVT003092,2026-08-28 21:53:01.735196,Ransomware,Africa,Firewall,4,192,10,0,360
EVT003093,2026-08-28 22:01:01.735196,Ransomware,Oceania,Firewall,1,585,99,0,444
EVT003094,2026-08-28 22:09:01.735196,Malware,Europe,Router,4,419,18,1,165
EVT003095,2026-08-28 22:17:01.735196,Brute Force,Europe,Desktop,3,824,37,0,480
EVT003096,2026-08-28 22:25:01.735196,Phishing,Africa,Router,2,701,94,0,126
EVT003097,2026-08-28 22:33:01.735196,Brute Force,North America,Laptop,6,525,29,0,12
EVT003098,2026-08-28 22:41:01.735196,DDoS,Oceania,Server,4,452,19,0,391
EVT003099,2026-08-28 22:49:01.735196,Brute Force,Oceania,Firewall,3,313,7,0,486
EVT003100,2026-08-28 22:57:01.735196,DDoS,Africa,Laptop,2,300,26,0,238
EVT003101,2026-08-28 23:05:01.735196,Brute Force,Asia,Desktop,0,248,21,0,242
EVT003102,2026-08-28 23:13:01.735196,DDoS,Asia,Desktop,1,861,81,0,96
EVT003103,2026-08-28 23:21:01.735196,Unauthorized Access,Africa,Desktop,3,375,97,0,222
EVT003104,2026-08-28 23:29:01.735196,Malware,South America,Router,4,123,69,0,461
EVT003105,2026-08-28 23:37:01.735196,Ransomware,Asia,Server,2,556,58,0,296
EVT003106,2026-08-28 23:45:01.735196,DDoS,Oceania,Laptop,3,361,24,0,439
EVT003107,2026-08-28 23:53:01.735196,Phishing,Africa,Desktop,4,165,20,0,185
EVT003108,2026-08-29 00:01:01.735196,Brute Force,Europe,Desktop,5,993,81,0,74
EVT003109,2026-08-29 00:09:01.735196,Malware,Asia,Server,3,434,29,0,331
EVT003110,2026-08-29 00:17:01.735196,Phishing,Asia,Firewall,3,152,82,0,314
EVT003111,2026-08-29 00:25:01.735196,DDoS,Asia,Server,1,100,43,0,462
EVT003112,2026-08-29 00:33:01.735196,Brute Force,North America,Server,4,398,80,0,205
EVT003113,2026-08-29 00:41:01.735196,Ransomware,Asia,Firewall,0,459,55,1,342
EVT003114,2026-08-29 00:49:01.735196,Unauthorized Access,Europe,Server,3,493,92,0,217
EVT003115,2026-08-29 00:57:01.735196,Phishing,Oceania,Laptop,4,647,25,0,100
EVT003116,2026-08-29 01:05:01.735196,Malware,Asia,Laptop,3,143,98,0,45
EVT003117,2026-08-29 01:13:01.735196,Ransomware,Europe,Router,90,7768,681,1,1436
EVT003118,2026-08-29 01:21:01.735196,Malware,Asia,Desktop,4,998,35,0,66
EVT003119,2026-08-29 01:29:01.735196,Phishing,Africa,Router,2,442,80,0,350
EVT003120,2026-08-29 01:37:01.735196,Ransomware,Africa,Laptop,0,948,58,0,273
EVT003121,2026-08-29 01:45:01.735196,Phishing,Asia,Laptop,0,281,64,0,227
EVT003122,2026-08-29 01:53:01.735196,Phishing,Asia,Desktop,1,186,46,0,217
EVT003123,2026-08-29 02:01:01.735196,Unauthorized Access,Oceania,Router,4,584,87,0,266
EVT003124,2026-08-29 02:09:01.735196,DDoS,South America,Server,5,396,71,0,497
EVT003125,2026-08-29 02:17:01.735196,DDoS,Oceania,Desktop,4,981,51,1,349
EVT003126,2026-08-29 02:25:01.735196,Brute Force,Oceania,Desktop,1,510,46,0,498
EVT003127,2026-08-29 02:33:01.735196,DDoS,South America,Router,2,523,27,0,136
EVT003128,2026-08-29 02:41:01.735196,DDoS,North America,Firewall,3,949,21,1,304
EVT003129,2026-08-29 02:49:01.735196,DDoS,North America,Laptop,67,9027,573,1,960
EVT003130,2026-08-29 02:57:01.735196,Ransomware,Europe,Firewall,4,505,53,0,269
EVT003131,2026-08-29 03:05:01.735196,Phishing,Africa,Firewall,8,253,8,0,37
EVT003132,2026-08-29 03:13:01.735196,Ransomware,North America,Router,4,508,62,0,442
EVT003133,2026-08-29 03:21:01.735196,Brute Force,North America,Router,3,545,71,0,180
EVT003134,2026-08-29 03:29:01.735196,Unauthorized Access,South America,Server,4,636,39,0,115
EVT003135,2026-08-29 03:37:01.735196,Ransomware,Oceania,Server,4,785,53,0,163
EVT003136,2026-08-29 03:45:01.735196,Malware,Asia,Firewall,2,411,10,0,408
EVT003137,2026-08-29 03:53:01.735196,Ransomware,North America,Server,2,329,57,0,476
EVT003138,2026-08-29 04:01:01.735196,Brute Force,Africa,Server,4,979,21,0,16
EVT003139,2026-08-29 04:09:01.735196,Unauthorized Access,Europe,Firewall,1,502,5,0,256
EVT003140,2026-08-29 04:17:01.735196,DDoS,Europe,Laptop,2,825,47,0,490
EVT003141,2026-08-29 04:25:01.735196,Brute Force,Europe,Desktop,5,274,19,0,293
EVT003142,2026-08-29 04:33:01.735196,Brute Force,North America,Router,2,752,66,0,465
EVT003143,2026-08-29 04:41:01.735196,Phishing,North America,Server,4,253,28,0,226
EVT003144,2026-08-29 04:49:01.735196,Unauthorized Access,North America,Firewall,90,7819,963,1,830
EVT003145,2026-08-29 04:57:01.735196,Phishing,North America,Router,1,665,86,0,404
EVT003146,2026-08-29 05:05:01.735196,Unauthorized Access,South America,Router,69,7395,728,1,1246
EVT003147,2026-08-29 05:13:01.735196,Malware,Asia,Router,3,736,76,0,174
EVT003148,2026-08-29 05:21:01.735196,Phishing,Europe,Firewall,3,560,12,0,48
EVT003149,2026-08-29 05:29:01.735196,Unauthorized Access,Oceania,Router,4,177,23,1,333
EVT003150,2026-08-29 05:37:01.735196,Unauthorized Access,North America,Router,1,371,72,0,240
EVT003151,2026-08-29 05:45:01.735196,Malware,Europe,Laptop,2,811,82,0,199
EVT003152,2026-08-29 05:53:01.735196,Brute Force,Europe,Laptop,3,229,74,0,16
EVT003153,2026-08-29 06:01:01.735196,Brute Force,Africa,Laptop,1,409,45,0,482
EVT003154,2026-08-29 06:09:01.735196,Ransomware,Asia,Server,2,529,19,0,158
EVT003155,2026-08-29 06:17:01.735196,DDoS,Asia,Desktop,4,362,80,1,263
EVT003156,2026-08-29 06:25:01.735196,Brute Force,North America,Router,4,612,7,0,158
EVT003157,2026-08-29 06:33:01.735196,DDoS,Europe,Server,0,752,86,0,426
EVT003158,2026-08-29 06:41:01.735196,Malware,Africa,Router,0,506,92,0,397
EVT003159,2026-08-29 06:49:01.735196,Ransomware,North America,Firewall,135,6685,650,1,1785
EVT003160,2026-08-29 06:57:01.735196,Ransomware,Europe,Router,2,403,23,0,222
EVT003161,2026-08-29 07:05:01.735196,DDoS,Asia,Server,0,233,68,0,412
EVT003162,2026-08-29 07:13:01.735196,Ransomware,Africa,Firewall,4,994,25,0,45
EVT003163,2026-08-29 07:21:01.735196,Brute Force,Africa,Router,0,692,51,0,437
EVT003164,2026-08-29 07:29:01.735196,Phishing,Oceania,Laptop,2,823,56,0,71
EVT003165,2026-08-29 07:37:01.735196,Brute Force,Africa,Desktop,2,229,93,0,329
EVT003166,2026-08-29 07:45:01.735196,Phishing,Asia,Desktop,1,698,35,0,448
EVT003167,2026-08-29 07:53:01.735196,Malware,Oceania,Router,3,742,58,0,480
EVT003168,2026-08-29 08:01:01.735196,DDoS,Africa,Laptop,2,213,88,0,348
EVT003169,2026-08-29 08:09:01.735196,Unauthorized Access,Oceania,Firewall,4,635,97,0,176
EVT003170,2026-08-29 08:17:01.735196,Brute Force,Asia,Firewall,3,894,8,0,401
EVT003171,2026-08-29 08:25:01.735196,Ransomware,Africa,Firewall,4,336,25,0,53
EVT003172,2026-08-29 08:33:01.735196,Malware,North America,Server,4,200,56,0,266
EVT003173,2026-08-29 08:41:01.735196,Phishing,Europe,Server,3,358,31,0,109
EVT003174,2026-08-29 08:49:01.735196,DDoS,Oceania,Router,5,910,95,0,245
EVT003175,2026-08-29 08:57:01.735196,Phishing,Oceania,Laptop,5,570,43,0,285
EVT003176,2026-08-29 09:05:01.735196,Phishing,Oceania,Router,4,960,45,0,496
EVT003177,2026-08-29 09:13:01.735196,DDoS,North America,Server,5,894,21,0,384
EVT003178,2026-08-29 09:21:01.735196,Malware,North America,Server,2,771,21,0,229
EVT003179,2026-08-29 09:29:01.735196,Ransomware,Africa,Server,3,138,49,0,288
EVT003180,2026-08-29 09:37:01.735196,Ransomware,North America,Router,4,778,93,0,58
EVT003181,2026-08-29 09:45:01.735196,Brute Force,Africa,Firewall,1,270,19,0,472
EVT003182,2026-08-29 09:53:01.735196,Ransomware,South America,Router,2,289,64,0,159
EVT003183,2026-08-29 10:01:01.735196,Phishing,Europe,Laptop,4,759,82,0,287
EVT003184,2026-08-29 10:09:01.735196,Unauthorized Access,Europe,Server,2,937,53,0,367
EVT003185,2026-08-29 10:17:01.735196,Brute Force,Oceania,Server,3,520,53,0,315
EVT003186,2026-08-29 10:25:01.735196,Phishing,North America,Desktop,5,375,53,0,130
EVT003187,2026-08-29 10:33:01.735196,Unauthorized Access,Africa,Server,0,218,30,0,115
EVT003188,2026-08-29 10:41:01.735196,Brute Force,Oceania,Firewall,3,422,16,0,375
EVT003189,2026-08-29 10:49:01.735196,Phishing,Africa,Router,3,671,47,0,118
EVT003190,2026-08-29 10:57:01.735196,Ransomware,Africa,Firewall,5,127,7,0,117
EVT003191,2026-08-29 11:05:01.735196,Malware,South America,Router,5,552,61,0,75
EVT003192,2026-08-29 11:13:01.735196,Malware,Africa,Server,5,730,61,0,477
EVT003193,2026-08-29 11:21:01.735196,Unauthorized Access,Asia,Server,0,252,25,0,217
EVT003194,2026-08-29 11:29:01.735196,Phishing,North America,Firewall,5,393,51,0,215
EVT003195,2026-08-29 11:37:01.735196,Malware,Europe,Desktop,3,655,36,0,313
EVT003196,2026-08-29 11:45:01.735196,Ransomware,South America,Desktop,5,356,17,0,427
EVT003197,2026-08-29 11:53:01.735196,Phishing,Asia,Server,5,847,28,0,266
EVT003198,2026-08-29 12:01:01.735196,Phishing,Africa,Firewall,2,705,63,0,31
EVT003199,2026-08-29 12:09:01.735196,DDoS,Africa,Server,3,656,74,0,410
EVT003200,2026-08-29 12:17:01.735196,Malware,Africa,Router,1,485,86,0,352
EVT003201,2026-08-29 12:25:01.735196,Ransomware,Oceania,Server,2,758,77,0,359
EVT003202,2026-08-29 12:33:01.735196,DDoS,Asia,Laptop,107,8918,862,1,1061
EVT003203,2026-08-29 12:41:01.735196,Malware,Europe,Laptop,4,672,95,0,406
EVT003204,2026-08-29 12:49:01.735196,Brute Force,Asia,Server,5,332,74,0,19
EVT003205,2026-08-29 12:57:01.735196,Malware,Africa,Firewall,4,256,20,0,440
EVT003206,2026-08-29 13:05:01.735196,Malware,Asia,Server,1,897,71,0,366
EVT003207,2026-08-29 13:13:01.735196,Unauthorized Access,Oceania,Firewall,3,819,38,0,315
EVT003208,2026-08-29 13:21:01.735196,Unauthorized Access,South America,Laptop,5,228,73,0,407
EVT003209,2026-08-29 13:29:01.735196,Malware,North America,Server,1,562,7,0,160
EVT003210,2026-08-29 13:37:01.735196,Phishing,Oceania,Desktop,2,969,71,0,12
EVT003211,2026-08-29 13:45:01.735196,Ransomware,Europe,Server,1,973,44,0,283
EVT003212,2026-08-29 13:53:01.735196,Malware,Europe,Firewall,1,444,11,0,395
EVT003213,2026-08-29 14:01:01.735196,DDoS,Oceania,Server,6,488,28,0,293
EVT003214,2026-08-29 14:09:01.735196,Malware,South America,Router,0,208,11,0,384
EVT003215,2026-08-29 14:17:01.735196,DDoS,Oceania,Router,2,943,58,0,36
EVT003216,2026-08-29 14:25:01.735196,Malware,South America,Server,4,425,97,0,19
EVT003217,2026-08-29 14:33:01.735196,Ransomware,Asia,Laptop,1,879,70,0,222
EVT003218,2026-08-29 14:41:01.735196,Malware,Europe,Laptop,6,844,28,0,425
EVT003219,2026-08-29 14:49:01.735196,Malware,Europe,Router,4,112,79,0,51
EVT003220,2026-08-29 14:57:01.735196,Unauthorized Access,Africa,Server,1,538,20,0,482
EVT003221,2026-08-29 15:05:01.735196,Malware,Oceania,Laptop,1,520,64,0,239
EVT003222,2026-08-29 15:13:01.735196,Malware,North America,Laptop,1,886,32,0,479
EVT003223,2026-08-29 15:21:01.735196,Ransomware,North America,Desktop,4,762,10,0,426
EVT003224,2026-08-29 15:29:01.735196,Brute Force,Europe,Desktop,1,453,30,0,125
EVT003225,2026-08-29 15:37:01.735196,DDoS,South America,Server,1,576,29,0,484
EVT003226,2026-08-29 15:45:01.735196,Malware,Asia,Firewall,0,911,24,0,353
EVT003227,2026-08-29 15:53:01.735196,Brute Force,Oceania,Desktop,2,906,18,0,30
EVT003228,2026-08-29 16:01:01.735196,Phishing,South America,Desktop,6,852,62,0,375
EVT003229,2026-08-29 16:09:01.735196,Unauthorized Access,Asia,Laptop,5,672,69,0,425
EVT003230,2026-08-29 16:17:01.735196,Ransomware,Asia,Firewall,2,303,38,0,473
EVT003231,2026-08-29 16:25:01.735196,Malware,Asia,Router,4,129,30,0,338
EVT003232,2026-08-29 16:33:01.735196,Unauthorized Access,South America,Desktop,3,752,97,0,97
EVT003233,2026-08-29 16:41:01.735196,Phishing,Africa,Laptop,4,807,96,1,262
EVT003234,2026-08-29 16:49:01.735196,Unauthorized Access,Europe,Server,7,125,46,0,381
EVT003235,2026-08-29 16:57:01.735196,Phishing,North America,Laptop,0,630,26,0,276
EVT003236,2026-08-29 17:05:01.735196,Brute Force,South America,Server,1,239,71,0,27
EVT003237,2026-08-29 17:13:01.735196,Malware,Asia,Desktop,68,9505,379,1,812
EVT003238,2026-08-29 17:21:01.735196,Ransomware,North America,Server,5,856,49,0,496
EVT003239,2026-08-29 17:29:01.735196,Unauthorized Access,South America,Router,3,607,69,0,46
EVT003240,2026-08-29 17:37:01.735196,DDoS,South America,Router,146,6356,972,1,1712
EVT003241,2026-08-29 17:45:01.735196,Phishing,South America,Laptop,121,13056,487,1,1918
EVT003242,2026-08-29 17:53:01.735196,Unauthorized Access,North America,Desktop,2,176,78,0,386
EVT003243,2026-08-29 18:01:01.735196,Ransomware,North America,Firewall,103,14992,701,1,1480
EVT003244,2026-08-29 18:09:01.735196,Ransomware,Asia,Firewall,5,970,90,0,51
EVT003245,2026-08-29 18:17:01.735196,Malware,Asia,Firewall,5,737,87,0,318
EVT003246,2026-08-29 18:25:01.735196,DDoS,Oceania,Server,0,919,83,0,263
EVT003247,2026-08-29 18:33:01.735196,Unauthorized Access,South America,Desktop,4,895,5,0,122
EVT003248,2026-08-29 18:41:01.735196,Unauthorized Access,South America,Router,2,497,71,0,222
EVT003249,2026-08-29 18:49:01.735196,Unauthorized Access,Africa,Desktop,1,944,74,0,492
EVT003250,2026-08-29 18:57:01.735196,DDoS,South America,Laptop,0,811,63,0,350
EVT003251,2026-08-29 19:05:01.735196,Malware,Asia,Desktop,1,776,88,0,386
EVT003252,2026-08-29 19:13:01.735196,Phishing,Africa,Desktop,0,580,57,0,271
EVT003253,2026-08-29 19:21:01.735196,DDoS,North America,Firewall,5,496,36,0,427
EVT003254,2026-08-29 19:29:01.735196,Ransomware,Oceania,Desktop,8,717,68,0,391
EVT003255,2026-08-29 19:37:01.735196,Unauthorized Access,North America,Server,1,779,92,0,337
EVT003256,2026-08-29 19:45:01.735196,Brute Force,Asia,Desktop,5,972,56,0,15
EVT003257,2026-08-29 19:53:01.735196,DDoS,South America,Server,4,826,64,0,44
EVT003258,2026-08-29 20:01:01.735196,DDoS,North America,Desktop,3,738,59,0,49
EVT003259,2026-08-29 20:09:01.735196,Unauthorized Access,Europe,Router,5,344,25,1,55
EVT003260,2026-08-29 20:17:01.735196,Malware,Asia,Firewall,0,994,57,0,30
EVT003261,2026-08-29 20:25:01.735196,Malware,South America,Laptop,7,977,75,0,225
EVT003262,2026-08-29 20:33:01.735196,Ransomware,Asia,Router,0,325,63,0,453
EVT003263,2026-08-29 20:41:01.735196,Brute Force,Europe,Laptop,5,463,22,0,328
EVT003264,2026-08-29 20:49:01.735196,Brute Force,North America,Laptop,6,912,20,0,162
EVT003265,2026-08-29 20:57:01.735196,Malware,Europe,Firewall,3,317,78,0,218
EVT003266,2026-08-29 21:05:01.735196,Unauthorized Access,Asia,Server,5,558,43,0,338
EVT003267,2026-08-29 21:13:01.735196,Phishing,North America,Desktop,2,240,82,0,287
EVT003268,2026-08-29 21:21:01.735196,Malware,Oceania,Desktop,4,129,95,0,480
EVT003269,2026-08-29 21:29:01.735196,Malware,Africa,Laptop,4,722,20,0,304
EVT003270,2026-08-29 21:37:01.735196,Malware,Africa,Router,4,255,68,0,224
EVT003271,2026-08-29 21:45:01.735196,Malware,Europe,Laptop,5,544,24,0,473
EVT003272,2026-08-29 21:53:01.735196,Ransomware,Oceania,Router,6,183,64,0,214
EVT003273,2026-08-29 22:01:01.735196,DDoS,Asia,Laptop,4,160,71,0,460
EVT003274,2026-08-29 22:09:01.735196,Unauthorized Access,Asia,Desktop,104,10971,608,1,1111
EVT003275,2026-08-29 22:17:01.735196,Brute Force,Asia,Router,4,717,92,0,451
EVT003276,2026-08-29 22:25:01.735196,Ransomware,Africa,Server,1,189,9,0,389
EVT003277,2026-08-29 22:33:01.735196,Malware,Asia,Laptop,6,645,16,0,371
EVT003278,2026-08-29 22:41:01.735196,Malware,North America,Firewall,5,915,96,0,353
EVT003279,2026-08-29 22:49:01.735196,Ransomware,Africa,Firewall,2,290,39,0,14
EVT003280,2026-08-29 22:57:01.735196,Brute Force,Asia,Laptop,2,238,44,1,96
EVT003281,2026-08-29 23:05:01.735196,Unauthorized Access,North America,Laptop,1,797,98,1,240
EVT003282,2026-08-29 23:13:01.735196,Brute Force,North America,Server,1,148,71,0,214
EVT003283,2026-08-29 23:21:01.735196,Phishing,Africa,Firewall,4,368,46,1,416
EVT003284,2026-08-29 23:29:01.735196,Brute Force,Africa,Router,1,318,58,0,140
EVT003285,2026-08-29 23:37:01.735196,Malware,Africa,Server,2,851,78,0,494
EVT003286,2026-08-29 23:45:01.735196,Brute Force,Africa,Firewall,2,440,40,0,255
EVT003287,2026-08-29 23:53:01.735196,Ransomware,Europe,Firewall,3,805,68,0,375
EVT003288,2026-08-30 00:01:01.735196,Phishing,Asia,Laptop,1,907,23,0,142
EVT003289,2026-08-30 00:09:01.735196,Ransomware,Europe,Router,4,312,9,0,258
EVT003290,2026-08-30 00:17:01.735196,Malware,Oceania,Laptop,5,413,5,0,403
EVT003291,2026-08-30 00:25:01.735196,DDoS,Asia,Server,3,947,31,0,242
EVT003292,2026-08-30 00:33:01.735196,Unauthorized Access,North America,Desktop,2,425,34,0,452
EVT003293,2026-08-30 00:41:01.735196,Unauthorized Access,Europe,Router,2,679,61,0,89
EVT003294,2026-08-30 00:49:01.735196,Phishing,Africa,Laptop,3,498,83,0,301
EVT003295,2026-08-30 00:57:01.735196,Phishing,South America,Firewall,1,576,26,1,245
EVT003296,2026-08-30 01:05:01.735196,Unauthorized Access,Asia,Desktop,4,272,91,0,76
EVT003297,2026-08-30 01:13:01.735196,Malware,North America,Router,3,224,33,0,182
EVT003298,2026-08-30 01:21:01.735196,Phishing,Africa,Router,6,418,9,0,133
EVT003299,2026-08-30 01:29:01.735196,Phishing,Europe,Router,7,756,83,0,169
EVT003300,2026-08-30 01:37:01.735196,Malware,South America,Desktop,91,9287,577,1,874
EVT003301,2026-08-30 01:45:01.735196,Brute Force,South America,Server,3,136,31,0,79
EVT003302,2026-08-30 01:53:01.735196,Malware,South America,Server,5,605,14,0,71
EVT003303,2026-08-30 02:01:01.735196,Malware,Europe,Firewall,1,331,84,0,25
EVT003304,2026-08-30 02:09:01.735196,DDoS,South America,Desktop,2,533,21,0,181
EVT003305,2026-08-30 02:17:01.735196,Brute Force,Africa,Laptop,4,319,63,0,212
EVT003306,2026-08-30 02:25:01.735196,Malware,Asia,Desktop,6,806,84,0,190
EVT003307,2026-08-30 02:33:01.735196,Unauthorized Access,North America,Server,1,334,41,0,174
EVT003308,2026-08-30 02:41:01.735196,Ransomware,South America,Router,2,174,55,0,339
EVT003309,2026-08-30 02:49:01.735196,Brute Force,South America,Desktop,3,116,93,0,255
EVT003310,2026-08-30 02:57:01.735196,Brute Force,Europe,Laptop,1,300,83,0,22
EVT003311,2026-08-30 03:05:01.735196,Unauthorized Access,Africa,Server,2,524,57,0,364
EVT003312,2026-08-30 03:13:01.735196,Malware,Africa,Firewall,4,665,83,0,433
EVT003313,2026-08-30 03:21:01.735196,Brute Force,South America,Router,1,402,24,0,313
EVT003314,2026-08-30 03:29:01.735196,Phishing,Africa,Firewall,2,173,25,0,448
EVT003315,2026-08-30 03:37:01.735196,Malware,Europe,Desktop,2,297,57,0,210
EVT003316,2026-08-30 03:45:01.735196,Malware,Africa,Firewall,0,990,40,1,420
EVT003317,2026-08-30 03:53:01.735196,Unauthorized Access,Africa,Router,3,304,76,0,309
EVT003318,2026-08-30 04:01:01.735196,DDoS,Asia,Laptop,2,812,5,0,320
EVT003319,2026-08-30 04:09:01.735196,Malware,Oceania,Laptop,8,981,70,0,81
EVT003320,2026-08-30 04:17:01.735196,Ransomware,Africa,Firewall,6,921,6,0,476
EVT003321,2026-08-30 04:25:01.735196,Ransomware,Asia,Laptop,3,756,61,0,53
EVT003322,2026-08-30 04:33:01.735196,Ransomware,South America,Router,3,629,32,0,391
EVT003323,2026-08-30 04:41:01.735196,Phishing,Asia,Desktop,8,423,29,0,405
EVT003324,2026-08-30 04:49:01.735196,Malware,Europe,Desktop,3,493,16,0,497
EVT003325,2026-08-30 04:57:01.735196,Phishing,Africa,Firewall,5,848,28,0,385
EVT003326,2026-08-30 05:05:01.735196,Malware,Africa,Server,4,523,15,0,423
EVT003327,2026-08-30 05:13:01.735196,Unauthorized Access,Africa,Laptop,4,484,75,0,68
EVT003328,2026-08-30 05:21:01.735196,Malware,Asia,Laptop,58,11125,979,1,1987
EVT003329,2026-08-30 05:29:01.735196,Unauthorized Access,South America,Router,3,760,61,0,271
EVT003330,2026-08-30 05:37:01.735196,DDoS,Asia,Server,3,876,73,0,465
EVT003331,2026-08-30 05:45:01.735196,Malware,South America,Router,4,562,54,0,236
EVT003332,2026-08-30 05:53:01.735196,Malware,Europe,Desktop,1,112,38,0,444
EVT003333,2026-08-30 06:01:01.735196,Malware,Asia,Server,0,301,36,0,406
EVT003334,2026-08-30 06:09:01.735196,Phishing,Oceania,Server,3,915,55,0,127
EVT003335,2026-08-30 06:17:01.735196,Unauthorized Access,Asia,Desktop,3,240,80,0,139
EVT003336,2026-08-30 06:25:01.735196,Brute Force,Africa,Server,3,727,99,0,182
EVT003337,2026-08-30 06:33:01.735196,Ransomware,North America,Router,3,434,10,0,303
EVT003338,2026-08-30 06:41:01.735196,Brute Force,Africa,Desktop,2,317,13,0,177
EVT003339,2026-08-30 06:49:01.735196,Unauthorized Access,Oceania,Server,6,192,92,0,176
EVT003340,2026-08-30 06:57:01.735196,Brute Force,North America,Laptop,3,734,45,0,384
EVT003341,2026-08-30 07:05:01.735196,DDoS,Europe,Laptop,2,662,69,0,231
EVT003342,2026-08-30 07:13:01.735196,Phishing,South America,Laptop,3,621,92,0,424
EVT003343,2026-08-30 07:21:01.735196,Ransomware,Europe,Laptop,4,749,49,0,408
EVT003344,2026-08-30 07:29:01.735196,Malware,Africa,Laptop,1,267,95,0,339
EVT003345,2026-08-30 07:37:01.735196,Malware,South America,Firewall,147,14463,465,1,1127
EVT003346,2026-08-30 07:45:01.735196,Brute Force,Europe,Server,0,642,41,0,229
EVT003347,2026-08-30 07:53:01.735196,Ransomware,Africa,Router,3,665,6,0,255
EVT003348,2026-08-30 08:01:01.735196,Phishing,Oceania,Desktop,0,357,84,0,194
EVT003349,2026-08-30 08:09:01.735196,Brute Force,Europe,Desktop,2,507,86,0,455
EVT003350,2026-08-30 08:17:01.735196,Ransomware,Oceania,Router,4,471,98,0,476
EVT003351,2026-08-30 08:25:01.735196,Brute Force,South America,Firewall,1,250,16,0,306
EVT003352,2026-08-30 08:33:01.735196,DDoS,Asia,Server,4,591,13,0,86
EVT003353,2026-08-30 08:41:01.735196,Ransomware,South America,Router,3,721,19,0,236
EVT003354,2026-08-30 08:49:01.735196,Brute Force,South America,Server,1,154,41,0,21
EVT003355,2026-08-30 08:57:01.735196,Ransomware,Oceania,Server,0,796,98,0,213
EVT003356,2026-08-30 09:05:01.735196,DDoS,Oceania,Laptop,4,174,43,0,445
EVT003357,2026-08-30 09:13:01.735196,DDoS,South America,Firewall,2,560,45,0,321
EVT003358,2026-08-30 09:21:01.735196,Phishing,North America,Desktop,5,483,46,0,485
EVT003359,2026-08-30 09:29:01.735196,Phishing,South America,Server,0,535,57,0,437
EVT003360,2026-08-30 09:37:01.735196,Ransomware,Asia,Desktop,2,590,81,0,55
EVT003361,2026-08-30 09:45:01.735196,DDoS,South America,Router,1,538,76,0,260
EVT003362,2026-08-30 09:53:01.735196,Malware,Asia,Router,4,419,96,0,301
EVT003363,2026-08-30 10:01:01.735196,Ransomware,Oceania,Server,6,654,22,0,242
EVT003364,2026-08-30 10:09:01.735196,DDoS,Europe,Firewall,1,648,45,0,393
EVT003365,2026-08-30 10:17:01.735196,Unauthorized Access,Europe,Server,2,775,6,0,442
EVT003366,2026-08-30 10:25:01.735196,Unauthorized Access,Africa,Desktop,5,557,65,0,320
EVT003367,2026-08-30 10:33:01.735196,Unauthorized Access,North America,Server,1,523,52,0,17
EVT003368,2026-08-30 10:41:01.735196,Malware,Oceania,Desktop,1,539,58,0,438
EVT003369,2026-08-30 10:49:01.735196,Unauthorized Access,North America,Server,4,819,37,0,200
EVT003370,2026-08-30 10:57:01.735196,Ransomware,Africa,Laptop,0,463,93,0,247
EVT003371,2026-08-30 11:05:01.735196,Unauthorized Access,South America,Laptop,7,892,80,0,418
EVT003372,2026-08-30 11:13:01.735196,Phishing,Asia,Desktop,1,991,47,0,23
EVT003373,2026-08-30 11:21:01.735196,Unauthorized Access,Oceania,Laptop,4,476,43,0,160
EVT003374,2026-08-30 11:29:01.735196,Malware,North America,Firewall,2,929,57,0,125
EVT003375,2026-08-30 11:37:01.735196,DDoS,South America,Server,2,909,55,0,428
EVT003376,2026-08-30 11:45:01.735196,Ransomware,North America,Laptop,5,259,84,0,133
EVT003377,2026-08-30 11:53:01.735196,Brute Force,Europe,Server,1,754,43,0,336
EVT003378,2026-08-30 12:01:01.735196,Malware,South America,Router,4,342,55,0,183
EVT003379,2026-08-30 12:09:01.735196,Brute Force,Asia,Server,3,855,85,0,412
EVT003380,2026-08-30 12:17:01.735196,Unauthorized Access,Oceania,Router,3,659,60,0,119
EVT003381,2026-08-30 12:25:01.735196,Brute Force,Africa,Firewall,32,12792,364,1,862
EVT003382,2026-08-30 12:33:01.735196,Malware,Oceania,Firewall,2,459,17,0,84
EVT003383,2026-08-30 12:41:01.735196,Phishing,Africa,Desktop,1,203,13,0,112
EVT003384,2026-08-30 12:49:01.735196,DDoS,Africa,Server,3,228,63,0,244
EVT003385,2026-08-30 12:57:01.735196,DDoS,Europe,Server,2,308,36,0,162
EVT003386,2026-08-30 13:05:01.735196,Brute Force,Africa,Router,5,534,28,0,21
EVT003387,2026-08-30 13:13:01.735196,DDoS,North America,Laptop,3,336,42,0,207
EVT003388,2026-08-30 13:21:01.735196,Unauthorized Access,Asia,Router,2,614,10,0,201
EVT003389,2026-08-30 13:29:01.735196,Brute Force,Africa,Firewall,0,135,83,0,114
EVT003390,2026-08-30 13:37:01.735196,Malware,South America,Router,4,232,29,0,28
EVT003391,2026-08-30 13:45:01.735196,Unauthorized Access,Oceania,Server,2,566,5,0,65
EVT003392,2026-08-30 13:53:01.735196,Unauthorized Access,North America,Router,3,958,42,0,324
EVT003393,2026-08-30 14:01:01.735196,DDoS,Asia,Router,5,708,26,1,89
EVT003394,2026-08-30 14:09:01.735196,Brute Force,Asia,Desktop,7,398,87,0,483
EVT003395,2026-08-30 14:17:01.735196,Brute Force,North America,Server,2,269,17,0,183
EVT003396,2026-08-30 14:25:01.735196,Phishing,South America,Firewall,0,231,32,0,429
EVT003397,2026-08-30 14:33:01.735196,Phishing,South America,Firewall,2,964,18,0,169
EVT003398,2026-08-30 14:41:01.735196,Unauthorized Access,Oceania,Firewall,6,228,32,0,446
EVT003399,2026-08-30 14:49:01.735196,Malware,South America,Desktop,3,829,73,0,231
EVT003400,2026-08-30 14:57:01.735196,Brute Force,Asia,Laptop,3,186,15,0,342
EVT003401,2026-08-30 15:05:01.735196,Brute Force,Africa,Firewall,117,13610,502,1,1250
EVT003402,2026-08-30 15:13:01.735196,Malware,Asia,Laptop,4,493,45,0,364
EVT003403,2026-08-30 15:21:01.735196,DDoS,Africa,Router,2,534,66,0,251
EVT003404,2026-08-30 15:29:01.735196,Brute Force,Europe,Desktop,3,998,28,0,57
EVT003405,2026-08-30 15:37:01.735196,DDoS,Africa,Firewall,2,600,80,0,215
EVT003406,2026-08-30 15:45:01.735196,Brute Force,North America,Server,5,947,73,0,405
EVT003407,2026-08-30 15:53:01.735196,Malware,South America,Laptop,9,436,48,0,422
EVT003408,2026-08-30 16:01:01.735196,Phishing,Africa,Server,5,532,46,0,226
EVT003409,2026-08-30 16:09:01.735196,DDoS,North America,Server,4,865,42,1,14
EVT003410,2026-08-30 16:17:01.735196,DDoS,Europe,Firewall,2,101,93,0,232
EVT003411,2026-08-30 16:25:01.735196,Brute Force,Africa,Router,1,680,73,0,191
EVT003412,2026-08-30 16:33:01.735196,Ransomware,North America,Router,6,327,20,0,473
EVT003413,2026-08-30 16:41:01.735196,Brute Force,Oceania,Desktop,3,754,56,0,47
EVT003414,2026-08-30 16:49:01.735196,Unauthorized Access,Asia,Firewall,1,710,91,0,496
EVT003415,2026-08-30 16:57:01.735196,Phishing,Asia,Firewall,0,217,54,0,81
EVT003416,2026-08-30 17:05:01.735196,Unauthorized Access,Oceania,Desktop,4,671,38,1,82
EVT003417,2026-08-30 17:13:01.735196,Ransomware,South America,Router,1,829,16,0,284
EVT003418,2026-08-30 17:21:01.735196,Ransomware,Oceania,Laptop,2,461,61,0,211
EVT003419,2026-08-30 17:29:01.735196,Brute Force,South America,Server,7,326,64,0,105
EVT003420,2026-08-30 17:37:01.735196,Phishing,Europe,Router,6,267,69,0,255
EVT003421,2026-08-30 17:45:01.735196,Malware,Asia,Laptop,2,599,17,0,271
EVT003422,2026-08-30 17:53:01.735196,Malware,Africa,Router,5,281,88,0,175
EVT003423,2026-08-30 18:01:01.735196,Malware,Africa,Router,3,647,62,0,460
EVT003424,2026-08-30 18:09:01.735196,Malware,Asia,Firewall,2,535,63,1,76
EVT003425,2026-08-30 18:17:01.735196,Ransomware,Oceania,Server,1,131,91,0,472
EVT003426,2026-08-30 18:25:01.735196,Ransomware,Asia,Router,2,977,5,0,428
EVT003427,2026-08-30 18:33:01.735196,Ransomware,Asia,Firewall,5,974,95,0,146
EVT003428,2026-08-30 18:41:01.735196,Ransomware,Africa,Firewall,4,452,15,0,223
EVT003429,2026-08-30 18:49:01.735196,Phishing,North America,Firewall,3,816,96,0,150
EVT003430,2026-08-30 18:57:01.735196,Brute Force,Europe,Desktop,3,787,72,1,347
EVT003431,2026-08-30 19:05:01.735196,Unauthorized Access,North America,Laptop,6,716,89,0,256
EVT003432,2026-08-30 19:13:01.735196,Unauthorized Access,Oceania,Router,3,591,93,1,313
EVT003433,2026-08-30 19:21:01.735196,Unauthorized Access,Africa,Desktop,4,530,41,0,235
EVT003434,2026-08-30 19:29:01.735196,Brute Force,Africa,Router,4,337,8,0,128
EVT003435,2026-08-30 19:37:01.735196,Malware,Europe,Laptop,3,333,57,0,178
EVT003436,2026-08-30 19:45:01.735196,Unauthorized Access,Europe,Laptop,1,528,22,0,157
EVT003437,2026-08-30 19:53:01.735196,Malware,Asia,Server,4,899,26,0,138
EVT003438,2026-08-30 20:01:01.735196,Malware,Europe,Firewall,4,674,65,0,268
EVT003439,2026-08-30 20:09:01.735196,DDoS,Oceania,Router,1,656,19,0,14
EVT003440,2026-08-30 20:17:01.735196,Unauthorized Access,North America,Laptop,5,193,9,0,214
EVT003441,2026-08-30 20:25:01.735196,DDoS,South America,Router,1,798,29,0,158
EVT003442,2026-08-30 20:33:01.735196,Unauthorized Access,Asia,Firewall,1,320,51,0,224
EVT003443,2026-08-30 20:41:01.735196,Unauthorized Access,Europe,Laptop,4,226,65,0,318
EVT003444,2026-08-30 20:49:01.735196,Ransomware,Oceania,Laptop,3,362,35,0,489
EVT003445,2026-08-30 20:57:01.735196,Unauthorized Access,South America,Router,1,104,34,0,403
EVT003446,2026-08-30 21:05:01.735196,Ransomware,Oceania,Server,3,728,12,0,270
EVT003447,2026-08-30 21:13:01.735196,DDoS,Oceania,Desktop,1,571,55,0,21
EVT003448,2026-08-30 21:21:01.735196,Ransomware,South America,Desktop,1,457,49,0,224
EVT003449,2026-08-30 21:29:01.735196,Phishing,Africa,Firewall,2,387,66,0,471
EVT003450,2026-08-30 21:37:01.735196,Phishing,South America,Desktop,1,392,49,0,95
EVT003451,2026-08-30 21:45:01.735196,Brute Force,North America,Laptop,4,911,70,0,28
EVT003452,2026-08-30 21:53:01.735196,Unauthorized Access,Europe,Server,4,262,63,0,82
EVT003453,2026-08-30 22:01:01.735196,Ransomware,North America,Desktop,3,360,71,0,340
EVT003454,2026-08-30 22:09:01.735196,Unauthorized Access,North America,Firewall,3,679,66,0,195
EVT003455,2026-08-30 22:17:01.735196,Brute Force,Asia,Router,2,371,91,0,499
EVT003456,2026-08-30 22:25:01.735196,Brute Force,Oceania,Desktop,4,980,6,0,360
EVT003457,2026-08-30 22:33:01.735196,Malware,Africa,Server,4,848,42,0,237
EVT003458,2026-08-30 22:41:01.735196,DDoS,Africa,Router,1,210,16,0,328
EVT003459,2026-08-30 22:49:01.735196,DDoS,Oceania,Firewall,1,783,42,0,61
EVT003460,2026-08-30 22:57:01.735196,Malware,Asia,Server,3,721,64,0,172
EVT003461,2026-08-30 23:05:01.735196,Brute Force,Europe,Laptop,1,667,25,0,62
EVT003462,2026-08-30 23:13:01.735196,Phishing,North America,Router,2,434,51,0,250
EVT003463,2026-08-30 23:21:01.735196,Malware,North America,Router,4,558,19,0,220
EVT003464,2026-08-30 23:29:01.735196,Malware,Asia,Server,4,687,8,0,472
EVT003465,2026-08-30 23:37:01.735196,Ransomware,Europe,Firewall,4,190,48,0,393
EVT003466,2026-08-30 23:45:01.735196,Ransomware,Oceania,Desktop,2,516,81,0,325
EVT003467,2026-08-30 23:53:01.735196,Phishing,Africa,Desktop,0,947,80,0,78
EVT003468,2026-08-31 00:01:01.735196,Brute Force,South America,Router,1,444,25,0,275
EVT003469,2026-08-31 00:09:01.735196,Brute Force,North America,Server,5,287,94,0,95
EVT003470,2026-08-31 00:17:01.735196,Unauthorized Access,Europe,Desktop,4,450,64,0,492
EVT003471,2026-08-31 00:25:01.735196,DDoS,North America,Desktop,2,561,49,0,184
EVT003472,2026-08-31 00:33:01.735196,Brute Force,Africa,Router,2,985,69,0,394
EVT003473,2026-08-31 00:41:01.735196,Brute Force,North America,Desktop,2,272,44,0,443
EVT003474,2026-08-31 00:49:01.735196,Ransomware,North America,Desktop,5,577,25,0,336
EVT003475,2026-08-31 00:57:01.735196,Brute Force,North America,Firewall,1,113,76,0,400
EVT003476,2026-08-31 01:05:01.735196,Malware,North America,Server,4,287,7,0,465
EVT003477,2026-08-31 01:13:01.735196,Malware,Europe,Desktop,2,468,95,0,324
EVT003478,2026-08-31 01:21:01.735196,Malware,Europe,Server,3,397,27,0,74
EVT003479,2026-08-31 01:29:01.735196,Ransomware,South America,Server,3,930,26,0,482
EVT003480,2026-08-31 01:37:01.735196,Phishing,Asia,Laptop,4,189,70,0,83
EVT003481,2026-08-31 01:45:01.735196,Brute Force,Europe,Desktop,2,533,92,0,45
EVT003482,2026-08-31 01:53:01.735196,Brute Force,Asia,Laptop,4,324,6,0,445
EVT003483,2026-08-31 02:01:01.735196,Unauthorized Access,Asia,Router,3,192,59,0,151
EVT003484,2026-08-31 02:09:01.735196,Phishing,Asia,Laptop,3,682,86,0,381
EVT003485,2026-08-31 02:17:01.735196,Ransomware,Asia,Router,1,912,12,0,272
EVT003486,2026-08-31 02:25:01.735196,DDoS,Asia,Firewall,3,814,52,0,141
EVT003487,2026-08-31 02:33:01.735196,Brute Force,Africa,Router,0,131,7,0,322
EVT003488,2026-08-31 02:41:01.735196,Brute Force,Europe,Server,2,897,74,0,465
EVT003489,2026-08-31 02:49:01.735196,Unauthorized Access,South America,Laptop,5,135,13,0,188
EVT003490,2026-08-31 02:57:01.735196,Phishing,Oceania,Router,1,167,78,0,12
EVT003491,2026-08-31 03:05:01.735196,Brute Force,Asia,Laptop,3,893,6,0,94
EVT003492,2026-08-31 03:13:01.735196,Unauthorized Access,Africa,Desktop,4,301,18,0,313
EVT003493,2026-08-31 03:21:01.735196,Phishing,Asia,Laptop,2,600,88,0,196
EVT003494,2026-08-31 03:29:01.735196,Malware,North America,Firewall,3,107,29,0,47
EVT003495,2026-08-31 03:37:01.735196,Phishing,South America,Laptop,2,685,76,0,285
EVT003496,2026-08-31 03:45:01.735196,Ransomware,Asia,Firewall,3,663,41,0,428
EVT003497,2026-08-31 03:53:01.735196,Unauthorized Access,North America,Desktop,2,331,80,0,359
EVT003498,2026-08-31 04:01:01.735196,Brute Force,Asia,Server,2,692,81,1,389
EVT003499,2026-08-31 04:09:01.735196,DDoS,Asia,Desktop,2,554,58,0,87
EVT003500,2026-08-31 04:17:01.735196,Malware,Europe,Desktop,3,420,68,0,251
EVT003501,2026-08-31 04:25:01.735196,DDoS,Africa,Laptop,5,714,95,0,99
EVT003502,2026-08-31 04:33:01.735196,DDoS,Africa,Router,2,777,50,0,18
EVT003503,2026-08-31 04:41:01.735196,Brute Force,South America,Router,2,338,77,0,383
EVT003504,2026-08-31 04:49:01.735196,Phishing,Asia,Desktop,5,603,73,0,100
EVT003505,2026-08-31 04:57:01.735196,DDoS,Oceania,Router,1,482,41,1,179
EVT003506,2026-08-31 05:05:01.735196,Phishing,Africa,Server,2,742,16,0,148
EVT003507,2026-08-31 05:13:01.735196,Ransomware,Africa,Router,6,278,15,0,446
EVT003508,2026-08-31 05:21:01.735196,Phishing,Africa,Laptop,1,259,54,0,64
EVT003509,2026-08-31 05:29:01.735196,Unauthorized Access,Oceania,Firewall,4,326,31,0,203
EVT003510,2026-08-31 05:37:01.735196,Unauthorized Access,Europe,Laptop,5,144,92,0,349
EVT003511,2026-08-31 05:45:01.735196,Malware,North America,Desktop,5,673,47,0,105
EVT003512,2026-08-31 05:53:01.735196,Phishing,Asia,Router,0,994,79,1,76
EVT003513,2026-08-31 06:01:01.735196,DDoS,North America,Laptop,2,330,99,1,26
EVT003514,2026-08-31 06:09:01.735196,Phishing,Asia,Desktop,4,269,76,0,347
EVT003515,2026-08-31 06:17:01.735196,Phishing,Europe,Router,4,150,25,0,315
EVT003516,2026-08-31 06:25:01.735196,Phishing,Europe,Firewall,9,952,93,0,152
EVT003517,2026-08-31 06:33:01.735196,Ransomware,North America,Router,6,690,95,0,423
EVT003518,2026-08-31 06:41:01.735196,Malware,South America,Firewall,3,290,22,0,327
EVT003519,2026-08-31 06:49:01.735196,Brute Force,Europe,Router,3,541,55,1,440
EVT003520,2026-08-31 06:57:01.735196,DDoS,Oceania,Laptop,5,327,22,0,250
EVT003521,2026-08-31 07:05:01.735196,Malware,South America,Laptop,7,655,39,1,393
EVT003522,2026-08-31 07:13:01.735196,Phishing,South America,Desktop,1,847,67,0,214
EVT003523,2026-08-31 07:21:01.735196,Brute Force,Oceania,Router,3,859,33,0,189
EVT003524,2026-08-31 07:29:01.735196,Unauthorized Access,North America,Desktop,2,771,28,0,154
EVT003525,2026-08-31 07:37:01.735196,Brute Force,Africa,Server,3,255,44,0,151
EVT003526,2026-08-31 07:45:01.735196,Unauthorized Access,Europe,Laptop,3,224,68,0,451
EVT003527,2026-08-31 07:53:01.735196,Ransomware,Africa,Server,3,665,17,0,88
EVT003528,2026-08-31 08:01:01.735196,DDoS,North America,Laptop,2,137,33,0,121
EVT003529,2026-08-31 08:09:01.735196,Phishing,North America,Laptop,2,260,8,0,329
EVT003530,2026-08-31 08:17:01.735196,Malware,Asia,Router,4,688,96,0,352
EVT003531,2026-08-31 08:25:01.735196,DDoS,Europe,Desktop,1,232,48,0,18
EVT003532,2026-08-31 08:33:01.735196,Brute Force,South America,Server,2,410,94,1,352
EVT003533,2026-08-31 08:41:01.735196,DDoS,Europe,Laptop,3,737,8,0,223
EVT003534,2026-08-31 08:49:01.735196,Unauthorized Access,North America,Router,1,235,56,0,414
EVT003535,2026-08-31 08:57:01.735196,Ransomware,Oceania,Server,0,440,65,0,27
EVT003536,2026-08-31 09:05:01.735196,DDoS,North America,Laptop,4,657,52,0,129
EVT003537,2026-08-31 09:13:01.735196,Unauthorized Access,Africa,Router,2,843,46,1,57
EVT003538,2026-08-31 09:21:01.735196,Malware,South America,Router,6,940,60,0,406
EVT003539,2026-08-31 09:29:01.735196,Malware,Asia,Router,2,330,72,0,266
EVT003540,2026-08-31 09:37:01.735196,Brute Force,North America,Firewall,0,300,13,0,353
EVT003541,2026-08-31 09:45:01.735196,DDoS,Africa,Desktop,4,729,13,0,323
EVT003542,2026-08-31 09:53:01.735196,Brute Force,Asia,Firewall,10,854,33,0,266
EVT003543,2026-08-31 10:01:01.735196,Malware,Europe,Router,3,243,51,0,496
EVT003544,2026-08-31 10:09:01.735196,DDoS,Oceania,Server,3,998,20,0,106
EVT003545,2026-08-31 10:17:01.735196,Ransomware,Oceania,Firewall,5,116,53,0,476
EVT003546,2026-08-31 10:25:01.735196,Unauthorized Access,Africa,Router,1,333,76,1,49
EVT003547,2026-08-31 10:33:01.735196,DDoS,Asia,Server,3,460,54,0,105
EVT003548,2026-08-31 10:41:01.735196,DDoS,South America,Desktop,1,532,11,0,359
EVT003549,2026-08-31 10:49:01.735196,Unauthorized Access,Oceania,Desktop,1,142,59,0,237
EVT003550,2026-08-31 10:57:01.735196,Ransomware,Oceania,Desktop,6,645,94,0,177
EVT003551,2026-08-31 11:05:01.735196,Malware,Africa,Desktop,3,214,37,0,13
EVT003552,2026-08-31 11:13:01.735196,Ransomware,South America,Server,3,505,11,0,83
EVT003553,2026-08-31 11:21:01.735196,Ransomware,Oceania,Server,3,536,89,0,354
EVT003554,2026-08-31 11:29:01.735196,Ransomware,Oceania,Server,5,440,36,0,386
EVT003555,2026-08-31 11:37:01.735196,DDoS,Europe,Laptop,5,610,21,0,31
EVT003556,2026-08-31 11:45:01.735196,Malware,Europe,Laptop,3,315,76,0,386
EVT003557,2026-08-31 11:53:01.735196,DDoS,Asia,Desktop,1,812,71,0,135
EVT003558,2026-08-31 12:01:01.735196,Brute Force,Africa,Laptop,6,309,17,0,497
EVT003559,2026-08-31 12:09:01.735196,Brute Force,Africa,Firewall,8,666,36,0,389
EVT003560,2026-08-31 12:17:01.735196,Malware,Asia,Desktop,0,449,93,1,422
EVT003561,2026-08-31 12:25:01.735196,Unauthorized Access,Oceania,Server,52,13749,773,1,1317
EVT003562,2026-08-31 12:33:01.735196,Brute Force,North America,Desktop,0,618,83,0,267
EVT003563,2026-08-31 12:41:01.735196,Brute Force,Asia,Router,6,306,75,0,381
EVT003564,2026-08-31 12:49:01.735196,Phishing,Oceania,Desktop,2,434,15,0,309
EVT003565,2026-08-31 12:57:01.735196,Brute Force,North America,Router,0,480,74,0,344
EVT003566,2026-08-31 13:05:01.735196,Phishing,Africa,Desktop,2,562,16,0,385
EVT003567,2026-08-31 13:13:01.735196,Unauthorized Access,Africa,Firewall,5,136,15,0,241
EVT003568,2026-08-31 13:21:01.735196,Phishing,Oceania,Server,5,248,97,1,228
EVT003569,2026-08-31 13:29:01.735196,DDoS,Europe,Router,1,157,45,0,32
EVT003570,2026-08-31 13:37:01.735196,Brute Force,Europe,Desktop,3,266,27,0,104
EVT003571,2026-08-31 13:45:01.735196,Malware,Africa,Router,5,659,84,0,418
EVT003572,2026-08-31 13:53:01.735196,Brute Force,Asia,Desktop,5,837,98,0,119
EVT003573,2026-08-31 14:01:01.735196,Phishing,North America,Router,56,12645,920,1,758
EVT003574,2026-08-31 14:09:01.735196,Ransomware,Asia,Router,4,131,93,0,28
EVT003575,2026-08-31 14:17:01.735196,Brute Force,Asia,Server,6,518,23,0,44
EVT003576,2026-08-31 14:25:01.735196,Malware,Oceania,Desktop,2,733,52,0,282
EVT003577,2026-08-31 14:33:01.735196,Unauthorized Access,Asia,Firewall,1,309,18,0,362
EVT003578,2026-08-31 14:41:01.735196,Unauthorized Access,South America,Firewall,2,403,30,0,474
EVT003579,2026-08-31 14:49:01.735196,DDoS,South America,Firewall,3,876,44,0,272
EVT003580,2026-08-31 14:57:01.735196,Ransomware,Asia,Desktop,147,13845,323,1,1443
EVT003581,2026-08-31 15:05:01.735196,Phishing,South America,Router,1,930,30,0,371
EVT003582,2026-08-31 15:13:01.735196,Brute Force,Europe,Router,7,137,83,0,355
EVT003583,2026-08-31 15:21:01.735196,Malware,Oceania,Firewall,5,387,16,0,203
EVT003584,2026-08-31 15:29:01.735196,Brute Force,South America,Firewall,5,785,26,0,253
EVT003585,2026-08-31 15:37:01.735196,Malware,Europe,Firewall,6,130,85,0,282
EVT003586,2026-08-31 15:45:01.735196,Ransomware,Asia,Router,2,933,41,0,349
EVT003587,2026-08-31 15:53:01.735196,Malware,Europe,Firewall,3,754,46,0,116
EVT003588,2026-08-31 16:01:01.735196,Unauthorized Access,Asia,Firewall,3,565,74,0,386
EVT003589,2026-08-31 16:09:01.735196,Malware,Asia,Firewall,1,255,83,0,457
EVT003590,2026-08-31 16:17:01.735196,Phishing,South America,Firewall,2,234,48,0,103
EVT003591,2026-08-31 16:25:01.735196,Unauthorized Access,North America,Server,3,719,74,0,188
EVT003592,2026-08-31 16:33:01.735196,Phishing,North America,Firewall,3,526,23,0,224
EVT003593,2026-08-31 16:41:01.735196,Phishing,Oceania,Router,3,432,15,0,250
EVT003594,2026-08-31 16:49:01.735196,Ransomware,Europe,Router,4,961,76,0,442
EVT003595,2026-08-31 16:57:01.735196,Ransomware,Asia,Desktop,1,539,62,0,71
EVT003596,2026-08-31 17:05:01.735196,Brute Force,Oceania,Desktop,5,360,99,0,493
EVT003597,2026-08-31 17:13:01.735196,Unauthorized Access,South America,Laptop,4,705,46,0,462
EVT003598,2026-08-31 17:21:01.735196,DDoS,South America,Desktop,10,778,15,0,25
EVT003599,2026-08-31 17:29:01.735196,DDoS,Europe,Laptop,2,557,55,0,52
EVT003600,2026-08-31 17:37:01.735196,Malware,Africa,Desktop,3,553,51,0,17
EVT003601,2026-08-31 17:45:01.735196,Brute Force,Europe,Server,3,244,8,0,337
EVT003602,2026-08-31 17:53:01.735196,Brute Force,South America,Router,4,235,17,0,187
EVT003603,2026-08-31 18:01:01.735196,Brute Force,North America,Firewall,1,690,78,0,210
EVT003604,2026-08-31 18:09:01.735196,Unauthorized Access,Africa,Firewall,2,603,41,0,397
EVT003605,2026-08-31 18:17:01.735196,Unauthorized Access,Africa,Router,0,173,35,0,214
EVT003606,2026-08-31 18:25:01.735196,Ransomware,Africa,Laptop,3,390,83,0,348
EVT003607,2026-08-31 18:33:01.735196,Brute Force,South America,Server,2,988,43,0,288
EVT003608,2026-08-31 18:41:01.735196,Malware,Oceania,Firewall,2,509,26,0,353
EVT003609,2026-08-31 18:49:01.735196,Brute Force,South America,Firewall,3,623,30,0,140
EVT003610,2026-08-31 18:57:01.735196,Phishing,Europe,Router,2,123,15,0,170
EVT003611,2026-08-31 19:05:01.735196,Phishing,Europe,Router,1,291,47,0,130
EVT003612,2026-08-31 19:13:01.735196,Phishing,Asia,Laptop,3,102,54,0,481
EVT003613,2026-08-31 19:21:01.735196,Malware,Europe,Firewall,4,224,42,0,489
EVT003614,2026-08-31 19:29:01.735196,Phishing,Oceania,Firewall,2,813,13,0,114
EVT003615,2026-08-31 19:37:01.735196,Phishing,Europe,Router,3,322,22,0,190
EVT003616,2026-08-31 19:45:01.735196,Malware,Africa,Desktop,2,512,28,0,191
EVT003617,2026-08-31 19:53:01.735196,Phishing,Europe,Router,3,893,83,0,351
EVT003618,2026-08-31 20:01:01.735196,Malware,North America,Server,0,155,43,0,176
EVT003619,2026-08-31 20:09:01.735196,DDoS,Africa,Router,3,889,27,0,471
EVT003620,2026-08-31 20:17:01.735196,Malware,South America,Desktop,5,320,77,1,437
EVT003621,2026-08-31 20:25:01.735196,Unauthorized Access,North America,Firewall,3,899,15,0,118
EVT003622,2026-08-31 20:33:01.735196,Unauthorized Access,Oceania,Server,3,743,51,1,62
EVT003623,2026-08-31 20:41:01.735196,Brute Force,North America,Desktop,7,414,27,0,101
EVT003624,2026-08-31 20:49:01.735196,Brute Force,North America,Desktop,2,590,57,0,256
EVT003625,2026-08-31 20:57:01.735196,Unauthorized Access,Oceania,Router,2,348,56,0,318
EVT003626,2026-08-31 21:05:01.735196,Malware,North America,Laptop,3,884,42,0,121
EVT003627,2026-08-31 21:13:01.735196,Unauthorized Access,North America,Laptop,4,819,34,0,249
EVT003628,2026-08-31 21:21:01.735196,Brute Force,Asia,Laptop,2,219,15,1,419
EVT003629,2026-08-31 21:29:01.735196,DDoS,Europe,Desktop,5,303,69,0,363
EVT003630,2026-08-31 21:37:01.735196,Brute Force,Oceania,Server,1,789,69,0,213
EVT003631,2026-08-31 21:45:01.735196,Brute Force,South America,Laptop,1,321,17,0,478
EVT003632,2026-08-31 21:53:01.735196,Ransomware,Asia,Router,3,110,5,0,199
EVT003633,2026-08-31 22:01:01.735196,DDoS,Oceania,Desktop,0,351,81,0,222
EVT003634,2026-08-31 22:09:01.735196,Unauthorized Access,North America,Laptop,5,760,11,0,104
EVT003635,2026-08-31 22:17:01.735196,Ransomware,North America,Laptop,4,576,42,0,304
EVT003636,2026-08-31 22:25:01.735196,Unauthorized Access,Asia,Desktop,1,415,44,0,133
EVT003637,2026-08-31 22:33:01.735196,Brute Force,Europe,Firewall,0,284,39,0,22
EVT003638,2026-08-31 22:41:01.735196,DDoS,Oceania,Router,2,357,48,0,480
EVT003639,2026-08-31 22:49:01.735196,Phishing,Oceania,Laptop,3,269,32,0,126
EVT003640,2026-08-31 22:57:01.735196,Ransomware,South America,Desktop,4,491,18,0,425
EVT003641,2026-08-31 23:05:01.735196,Malware,Europe,Firewall,1,422,88,1,128
EVT003642,2026-08-31 23:13:01.735196,Unauthorized Access,North America,Desktop,0,179,51,0,319
EVT003643,2026-08-31 23:21:01.735196,Unauthorized Access,Oceania,Firewall,7,852,54,0,86
EVT003644,2026-08-31 23:29:01.735196,Unauthorized Access,Europe,Desktop,5,705,93,0,448
EVT003645,2026-08-31 23:37:01.735196,Unauthorized Access,Africa,Desktop,2,470,92,1,472
EVT003646,2026-08-31 23:45:01.735196,DDoS,South America,Laptop,3,936,94,0,185
EVT003647,2026-08-31 23:53:01.735196,DDoS,Europe,Router,1,458,34,0,348
EVT003648,2026-09-01 00:01:01.735196,Malware,Oceania,Server,3,864,29,0,40
EVT003649,2026-09-01 00:09:01.735196,Ransomware,Europe,Laptop,4,231,96,0,480
EVT003650,2026-09-01 00:17:01.735196,Unauthorized Access,Oceania,Server,1,611,47,0,68
EVT003651,2026-09-01 00:25:01.735196,Ransomware,South America,Router,4,839,40,0,111
EVT003652,2026-09-01 00:33:01.735196,Brute Force,North America,Firewall,4,635,81,0,174
EVT003653,2026-09-01 00:41:01.735196,Brute Force,Europe,Desktop,6,806,77,0,256
EVT003654,2026-09-01 00:49:01.735196,DDoS,Oceania,Server,1,692,45,0,14
EVT003655,2026-09-01 00:57:01.735196,Unauthorized Access,North America,Desktop,4,380,73,0,36
EVT003656,2026-09-01 01:05:01.735196,Unauthorized Access,Oceania,Firewall,3,683,35,0,77
EVT003657,2026-09-01 01:13:01.735196,Malware,South America,Firewall,5,491,26,0,381
EVT003658,2026-09-01 01:21:01.735196,Phishing,Asia,Laptop,2,836,99,0,432
EVT003659,2026-09-01 01:29:01.735196,Brute Force,Europe,Laptop,2,239,45,0,484
EVT003660,2026-09-01 01:37:01.735196,DDoS,Europe,Server,4,612,39,0,47
EVT003661,2026-09-01 01:45:01.735196,Ransomware,Africa,Desktop,4,403,91,0,317
EVT003662,2026-09-01 01:53:01.735196,Phishing,Oceania,Server,4,677,81,0,114
EVT003663,2026-09-01 02:01:01.735196,Phishing,Africa,Desktop,3,469,24,0,187
EVT003664,2026-09-01 02:09:01.735196,Phishing,Europe,Firewall,2,462,39,0,124
EVT003665,2026-09-01 02:17:01.735196,DDoS,South America,Server,3,961,86,0,389
EVT003666,2026-09-01 02:25:01.735196,Malware,Asia,Server,2,655,17,0,133
EVT003667,2026-09-01 02:33:01.735196,Malware,South America,Server,1,959,9,0,390
EVT003668,2026-09-01 02:41:01.735196,Malware,Africa,Firewall,5,620,16,0,146
EVT003669,2026-09-01 02:49:01.735196,DDoS,Asia,Firewall,2,260,51,0,486
EVT003670,2026-09-01 02:57:01.735196,DDoS,North America,Router,92,7165,895,1,1966
EVT003671,2026-09-01 03:05:01.735196,Phishing,Africa,Firewall,5,763,68,0,159
EVT003672,2026-09-01 03:13:01.735196,Malware,Asia,Router,3,995,16,0,158
EVT003673,2026-09-01 03:21:01.735196,DDoS,Oceania,Laptop,6,274,63,0,278
EVT003674,2026-09-01 03:29:01.735196,DDoS,Africa,Desktop,4,475,64,0,185
EVT003675,2026-09-01 03:37:01.735196,Ransomware,Asia,Firewall,3,402,79,0,358
EVT003676,2026-09-01 03:45:01.735196,Ransomware,Oceania,Firewall,2,538,13,0,256
EVT003677,2026-09-01 03:53:01.735196,Brute Force,South America,Server,2,912,67,0,72
EVT003678,2026-09-01 04:01:01.735196,Phishing,South America,Server,2,399,69,1,150
EVT003679,2026-09-01 04:09:01.735196,Unauthorized Access,South America,Router,6,462,44,0,56
EVT003680,2026-09-01 04:17:01.735196,Malware,South America,Desktop,2,929,41,0,296
EVT003681,2026-09-01 04:25:01.735196,DDoS,Asia,Firewall,4,955,42,0,440
EVT003682,2026-09-01 04:33:01.735196,Phishing,North America,Laptop,3,810,92,0,225
EVT003683,2026-09-01 04:41:01.735196,Unauthorized Access,Asia,Desktop,7,307,50,0,27
EVT003684,2026-09-01 04:49:01.735196,DDoS,North America,Desktop,5,616,26,0,141
EVT003685,2026-09-01 04:57:01.735196,Phishing,Africa,Laptop,3,567,6,0,155
EVT003686,2026-09-01 05:05:01.735196,Phishing,South America,Laptop,2,576,56,0,486
EVT003687,2026-09-01 05:13:01.735196,Unauthorized Access,Oceania,Laptop,4,441,86,0,51
EVT003688,2026-09-01 05:21:01.735196,Unauthorized Access,South America,Firewall,2,334,33,0,299
EVT003689,2026-09-01 05:29:01.735196,Brute Force,Asia,Laptop,4,308,98,0,113
EVT003690,2026-09-01 05:37:01.735196,DDoS,Asia,Desktop,4,489,60,0,346
EVT003691,2026-09-01 05:45:01.735196,Ransomware,Oceania,Desktop,5,844,21,0,116
EVT003692,2026-09-01 05:53:01.735196,Ransomware,South America,Desktop,2,760,36,0,362
EVT003693,2026-09-01 06:01:01.735196,DDoS,South America,Server,5,414,40,0,40
EVT003694,2026-09-01 06:09:01.735196,DDoS,North America,Router,3,549,90,0,20
EVT003695,2026-09-01 06:17:01.735196,Phishing,South America,Desktop,5,557,62,0,250
EVT003696,2026-09-01 06:25:01.735196,Brute Force,Europe,Laptop,134,5158,871,1,1816
EVT003697,2026-09-01 06:33:01.735196,Ransomware,Asia,Desktop,3,503,54,0,423
EVT003698,2026-09-01 06:41:01.735196,DDoS,South America,Desktop,76,6944,799,1,1612
EVT003699,2026-09-01 06:49:01.735196,Brute Force,Europe,Laptop,4,307,67,0,270
EVT003700,2026-09-01 06:57:01.735196,DDoS,Asia,Server,2,935,52,0,471
EVT003701,2026-09-01 07:05:01.735196,Phishing,Asia,Router,3,804,21,0,95
EVT003702,2026-09-01 07:13:01.735196,Unauthorized Access,South America,Server,3,836,98,0,145
EVT003703,2026-09-01 07:21:01.735196,DDoS,Oceania,Router,4,832,99,0,239
EVT003704,2026-09-01 07:29:01.735196,Unauthorized Access,Africa,Router,1,615,12,0,172
EVT003705,2026-09-01 07:37:01.735196,Malware,Oceania,Desktop,1,630,86,0,13
EVT003706,2026-09-01 07:45:01.735196,Ransomware,South America,Desktop,3,925,32,0,99
EVT003707,2026-09-01 07:53:01.735196,Phishing,Oceania,Server,3,645,60,0,377
EVT003708,2026-09-01 08:01:01.735196,Brute Force,South America,Laptop,2,906,26,0,365
EVT003709,2026-09-01 08:09:01.735196,Unauthorized Access,Asia,Firewall,4,338,75,0,261
EVT003710,2026-09-01 08:17:01.735196,Malware,South America,Laptop,4,991,70,0,352
EVT003711,2026-09-01 08:25:01.735196,Unauthorized Access,Oceania,Desktop,7,847,38,0,449
EVT003712,2026-09-01 08:33:01.735196,Ransomware,Oceania,Server,2,345,11,0,87
EVT003713,2026-09-01 08:41:01.735196,Malware,Oceania,Desktop,5,144,25,0,394
EVT003714,2026-09-01 08:49:01.735196,Ransomware,South America,Laptop,0,143,66,0,344
EVT003715,2026-09-01 08:57:01.735196,DDoS,Europe,Router,1,566,54,0,42
EVT003716,2026-09-01 09:05:01.735196,Phishing,Oceania,Desktop,3,901,83,1,416
EVT003717,2026-09-01 09:13:01.735196,Brute Force,North America,Laptop,2,815,50,0,270
EVT003718,2026-09-01 09:21:01.735196,DDoS,South America,Router,3,711,75,0,362
EVT003719,2026-09-01 09:29:01.735196,Malware,Africa,Server,4,431,78,0,61
EVT003720,2026-09-01 09:37:01.735196,Unauthorized Access,Asia,Server,2,574,12,0,465
EVT003721,2026-09-01 09:45:01.735196,Malware,Africa,Desktop,3,382,33,0,79
EVT003722,2026-09-01 09:53:01.735196,DDoS,Asia,Firewall,5,935,35,0,490
EVT003723,2026-09-01 10:01:01.735196,Malware,Oceania,Server,1,834,12,0,38
EVT003724,2026-09-01 10:09:01.735196,Unauthorized Access,North America,Firewall,5,396,46,0,125
EVT003725,2026-09-01 10:17:01.735196,Unauthorized Access,North America,Firewall,3,690,24,0,46
EVT003726,2026-09-01 10:25:01.735196,Unauthorized Access,Oceania,Laptop,4,469,99,0,49
EVT003727,2026-09-01 10:33:01.735196,Brute Force,South America,Desktop,0,727,33,0,443
EVT003728,2026-09-01 10:41:01.735196,Brute Force,Europe,Desktop,5,799,31,0,132
EVT003729,2026-09-01 10:49:01.735196,Brute Force,Africa,Desktop,1,665,25,0,118
EVT003730,2026-09-01 10:57:01.735196,Brute Force,Oceania,Router,1,717,55,0,311
EVT003731,2026-09-01 11:05:01.735196,DDoS,Africa,Desktop,2,605,67,0,470
EVT003732,2026-09-01 11:13:01.735196,DDoS,North America,Server,33,9111,990,1,1541
EVT003733,2026-09-01 11:21:01.735196,DDoS,Europe,Desktop,3,998,21,0,270
EVT003734,2026-09-01 11:29:01.735196,Unauthorized Access,Oceania,Desktop,4,854,36,1,172
EVT003735,2026-09-01 11:37:01.735196,Brute Force,Oceania,Laptop,3,571,69,0,235
EVT003736,2026-09-01 11:45:01.735196,Unauthorized Access,Asia,Firewall,2,806,32,0,463
EVT003737,2026-09-01 11:53:01.735196,Phishing,Europe,Desktop,5,509,44,0,136
EVT003738,2026-09-01 12:01:01.735196,Malware,Africa,Firewall,4,281,57,0,241
EVT003739,2026-09-01 12:09:01.735196,Malware,Europe,Firewall,2,245,46,0,94
EVT003740,2026-09-01 12:17:01.735196,Malware,Asia,Desktop,4,909,25,0,196
EVT003741,2026-09-01 12:25:01.735196,Brute Force,Europe,Laptop,2,664,20,0,142
EVT003742,2026-09-01 12:33:01.735196,DDoS,Asia,Laptop,3,978,85,0,428
EVT003743,2026-09-01 12:41:01.735196,Phishing,Asia,Server,5,200,8,0,62
EVT003744,2026-09-01 12:49:01.735196,DDoS,North America,Router,4,833,88,0,336
EVT003745,2026-09-01 12:57:01.735196,Brute Force,Oceania,Laptop,64,6964,757,1,1433
EVT003746,2026-09-01 13:05:01.735196,DDoS,South America,Router,4,293,26,0,164
EVT003747,2026-09-01 13:13:01.735196,DDoS,Africa,Server,4,462,21,0,63
EVT003748,2026-09-01 13:21:01.735196,Phishing,Africa,Firewall,1,521,85,0,227
EVT003749,2026-09-01 13:29:01.735196,Malware,Europe,Laptop,8,624,29,0,48
EVT003750,2026-09-01 13:37:01.735196,DDoS,Oceania,Firewall,4,685,43,0,421
EVT003751,2026-09-01 13:45:01.735196,Ransomware,South America,Laptop,5,637,7,0,202
EVT003752,2026-09-01 13:53:01.735196,Malware,Africa,Desktop,4,556,79,1,338
EVT003753,2026-09-01 14:01:01.735196,Unauthorized Access,North America,Router,1,517,35,0,13
EVT003754,2026-09-01 14:09:01.735196,DDoS,South America,Router,147,14080,463,1,1226
EVT003755,2026-09-01 14:17:01.735196,Malware,Asia,Desktop,3,586,64,0,114
EVT003756,2026-09-01 14:25:01.735196,Malware,South America,Desktop,2,306,73,0,183
EVT003757,2026-09-01 14:33:01.735196,Brute Force,North America,Router,1,808,19,0,334
EVT003758,2026-09-01 14:41:01.735196,Malware,Asia,Desktop,4,657,73,0,94
EVT003759,2026-09-01 14:49:01.735196,Phishing,Europe,Firewall,47,9431,416,1,1724
EVT003760,2026-09-01 14:57:01.735196,Unauthorized Access,Europe,Laptop,105,7193,702,1,1198
EVT003761,2026-09-01 15:05:01.735196,Malware,North America,Firewall,2,703,23,0,351
EVT003762,2026-09-01 15:13:01.735196,Brute Force,Oceania,Desktop,1,610,23,0,56
EVT003763,2026-09-01 15:21:01.735196,DDoS,Europe,Router,3,432,80,0,197
EVT003764,2026-09-01 15:29:01.735196,Unauthorized Access,Europe,Laptop,6,537,17,0,235
EVT003765,2026-09-01 15:37:01.735196,Malware,Europe,Server,2,737,31,0,199
EVT003766,2026-09-01 15:45:01.735196,Ransomware,South America,Desktop,2,880,37,0,420
EVT003767,2026-09-01 15:53:01.735196,Ransomware,Africa,Desktop,5,829,21,1,182
EVT003768,2026-09-01 16:01:01.735196,Malware,Asia,Server,65,12419,708,1,1690
EVT003769,2026-09-01 16:09:01.735196,Malware,Oceania,Laptop,5,772,99,0,323
EVT003770,2026-09-01 16:17:01.735196,Malware,Africa,Router,0,102,20,0,107
EVT003771,2026-09-01 16:25:01.735196,Brute Force,Africa,Laptop,3,516,93,0,167
EVT003772,2026-09-01 16:33:01.735196,Malware,Asia,Laptop,3,702,80,0,129
EVT003773,2026-09-01 16:41:01.735196,Malware,North America,Router,1,437,31,0,164
EVT003774,2026-09-01 16:49:01.735196,DDoS,Africa,Router,3,113,81,0,403
EVT003775,2026-09-01 16:57:01.735196,Unauthorized Access,Oceania,Server,3,907,16,0,151
EVT003776,2026-09-01 17:05:01.735196,DDoS,Asia,Laptop,1,854,40,0,37
EVT003777,2026-09-01 17:13:01.735196,Unauthorized Access,Asia,Firewall,3,641,41,0,482
EVT003778,2026-09-01 17:21:01.735196,Malware,South America,Router,6,954,62,0,352
EVT003779,2026-09-01 17:29:01.735196,Unauthorized Access,Europe,Laptop,1,235,7,0,136
EVT003780,2026-09-01 17:37:01.735196,Phishing,Europe,Laptop,4,788,79,1,228
EVT003781,2026-09-01 17:45:01.735196,Brute Force,North America,Router,3,469,33,0,489
EVT003782,2026-09-01 17:53:01.735196,Unauthorized Access,North America,Laptop,0,459,90,0,389
EVT003783,2026-09-01 18:01:01.735196,Phishing,Oceania,Desktop,1,804,43,0,260
EVT003784,2026-09-01 18:09:01.735196,DDoS,Oceania,Firewall,2,634,65,0,438
EVT003785,2026-09-01 18:17:01.735196,Unauthorized Access,Asia,Laptop,2,646,74,0,183
EVT003786,2026-09-01 18:25:01.735196,Ransomware,Oceania,Laptop,3,649,88,0,441
EVT003787,2026-09-01 18:33:01.735196,Malware,Oceania,Router,5,341,64,0,144
EVT003788,2026-09-01 18:41:01.735196,Phishing,Europe,Server,2,499,16,0,255
EVT003789,2026-09-01 18:49:01.735196,Malware,Europe,Laptop,2,820,59,0,122
EVT003790,2026-09-01 18:57:01.735196,Malware,Africa,Router,2,102,76,0,398
EVT003791,2026-09-01 19:05:01.735196,Ransomware,Europe,Firewall,2,247,97,0,247
EVT003792,2026-09-01 19:13:01.735196,Phishing,South America,Firewall,4,704,83,0,238
EVT003793,2026-09-01 19:21:01.735196,DDoS,North America,Desktop,2,383,86,0,224
EVT003794,2026-09-01 19:29:01.735196,Unauthorized Access,Asia,Desktop,5,519,39,0,257
EVT003795,2026-09-01 19:37:01.735196,Phishing,Asia,Desktop,3,648,89,0,124
EVT003796,2026-09-01 19:45:01.735196,DDoS,Africa,Router,1,473,30,0,449
EVT003797,2026-09-01 19:53:01.735196,Brute Force,Asia,Firewall,5,330,71,0,154
EVT003798,2026-09-01 20:01:01.735196,Ransomware,South America,Server,1,148,97,0,149
EVT003799,2026-09-01 20:09:01.735196,Phishing,North America,Laptop,6,672,40,0,58
EVT003800,2026-09-01 20:17:01.735196,Malware,North America,Firewall,2,274,27,0,363
EVT003801,2026-09-01 20:25:01.735196,Phishing,Asia,Desktop,5,594,46,0,200
EVT003802,2026-09-01 20:33:01.735196,Unauthorized Access,North America,Firewall,0,925,90,0,60
EVT003803,2026-09-01 20:41:01.735196,Unauthorized Access,Europe,Laptop,5,267,91,0,218
EVT003804,2026-09-01 20:49:01.735196,Phishing,North America,Laptop,3,156,11,0,226
EVT003805,2026-09-01 20:57:01.735196,Ransomware,Africa,Firewall,3,914,39,0,482
EVT003806,2026-09-01 21:05:01.735196,Unauthorized Access,Africa,Firewall,3,598,54,0,55
EVT003807,2026-09-01 21:13:01.735196,Unauthorized Access,Asia,Firewall,112,5554,824,1,873
EVT003808,2026-09-01 21:21:01.735196,Unauthorized Access,Europe,Desktop,5,936,38,0,64
EVT003809,2026-09-01 21:29:01.735196,Brute Force,Europe,Firewall,3,981,44,0,272
EVT003810,2026-09-01 21:37:01.735196,Brute Force,Europe,Firewall,4,470,73,0,410
EVT003811,2026-09-01 21:45:01.735196,Unauthorized Access,South America,Laptop,3,428,26,0,148
EVT003812,2026-09-01 21:53:01.735196,DDoS,Asia,Router,3,844,56,0,228
EVT003813,2026-09-01 22:01:01.735196,DDoS,South America,Router,0,860,76,0,419
EVT003814,2026-09-01 22:09:01.735196,Brute Force,Asia,Server,2,718,68,0,142
EVT003815,2026-09-01 22:17:01.735196,Brute Force,Africa,Desktop,0,602,33,0,130
EVT003816,2026-09-01 22:25:01.735196,Brute Force,Africa,Firewall,1,237,8,0,490
EVT003817,2026-09-01 22:33:01.735196,Malware,South America,Laptop,1,250,29,0,461
EVT003818,2026-09-01 22:41:01.735196,Phishing,Europe,Router,2,339,96,0,225
EVT003819,2026-09-01 22:49:01.735196,Brute Force,South America,Router,2,142,55,0,278
EVT003820,2026-09-01 22:57:01.735196,Phishing,Asia,Server,4,752,41,0,405
EVT003821,2026-09-01 23:05:01.735196,Ransomware,Europe,Router,5,927,13,0,485
EVT003822,2026-09-01 23:13:01.735196,Brute Force,Africa,Laptop,3,312,98,0,487
EVT003823,2026-09-01 23:21:01.735196,Phishing,Oceania,Desktop,1,810,24,0,260
EVT003824,2026-09-01 23:29:01.735196,Malware,Oceania,Server,2,656,73,0,175
EVT003825,2026-09-01 23:37:01.735196,Unauthorized Access,North America,Firewall,4,712,36,0,425
EVT003826,2026-09-01 23:45:01.735196,Brute Force,South America,Desktop,3,578,48,0,247
EVT003827,2026-09-01 23:53:01.735196,Unauthorized Access,Oceania,Firewall,2,142,67,0,126
EVT003828,2026-09-02 00:01:01.735196,Malware,Oceania,Desktop,2,499,87,0,116
EVT003829,2026-09-02 00:09:01.735196,Malware,South America,Desktop,2,931,17,0,79
EVT003830,2026-09-02 00:17:01.735196,DDoS,South America,Firewall,4,107,35,0,420
EVT003831,2026-09-02 00:25:01.735196,Brute Force,Oceania,Router,4,197,51,0,424
EVT003832,2026-09-02 00:33:01.735196,Phishing,Africa,Server,5,611,48,0,374
EVT003833,2026-09-02 00:41:01.735196,Brute Force,Africa,Firewall,4,869,7,0,64
EVT003834,2026-09-02 00:49:01.735196,Phishing,Oceania,Router,4,716,41,0,407
EVT003835,2026-09-02 00:57:01.735196,DDoS,South America,Server,1,980,26,0,401
EVT003836,2026-09-02 01:05:01.735196,Ransomware,Oceania,Desktop,2,120,36,0,310
EVT003837,2026-09-02 01:13:01.735196,Brute Force,Africa,Desktop,4,494,31,0,458
EVT003838,2026-09-02 01:21:01.735196,Ransomware,Asia,Server,2,801,75,0,100
EVT003839,2026-09-02 01:29:01.735196,Brute Force,South America,Laptop,131,10233,815,1,1907
EVT003840,2026-09-02 01:37:01.735196,Phishing,Africa,Router,4,747,71,0,227
EVT003841,2026-09-02 01:45:01.735196,Malware,Oceania,Router,5,154,96,0,427
EVT003842,2026-09-02 01:53:01.735196,Unauthorized Access,South America,Firewall,4,469,85,0,23
EVT003843,2026-09-02 02:01:01.735196,Brute Force,South America,Server,1,641,77,0,445
EVT003844,2026-09-02 02:09:01.735196,Unauthorized Access,Oceania,Server,1,209,26,0,341
EVT003845,2026-09-02 02:17:01.735196,Malware,Europe,Desktop,1,633,42,0,459
EVT003846,2026-09-02 02:25:01.735196,Brute Force,Africa,Router,3,616,49,0,410
EVT003847,2026-09-02 02:33:01.735196,Brute Force,Oceania,Server,2,355,70,0,438
EVT003848,2026-09-02 02:41:01.735196,DDoS,South America,Firewall,4,533,5,0,287
EVT003849,2026-09-02 02:49:01.735196,Malware,South America,Router,0,441,74,0,375
EVT003850,2026-09-02 02:57:01.735196,Malware,Europe,Firewall,3,594,39,0,144
EVT003851,2026-09-02 03:05:01.735196,Brute Force,Asia,Server,4,549,96,0,362
EVT003852,2026-09-02 03:13:01.735196,DDoS,North America,Router,7,204,73,0,189
EVT003853,2026-09-02 03:21:01.735196,Ransomware,Asia,Desktop,2,940,96,0,107
EVT003854,2026-09-02 03:29:01.735196,Phishing,Asia,Router,6,381,78,0,28
EVT003855,2026-09-02 03:37:01.735196,Ransomware,South America,Desktop,4,763,26,0,453
EVT003856,2026-09-02 03:45:01.735196,Phishing,Europe,Firewall,3,280,38,0,462
EVT003857,2026-09-02 03:53:01.735196,Unauthorized Access,Oceania,Desktop,4,213,66,0,56
EVT003858,2026-09-02 04:01:01.735196,Ransomware,Europe,Router,2,134,36,0,377
EVT003859,2026-09-02 04:09:01.735196,Ransomware,Asia,Firewall,1,550,96,0,413
EVT003860,2026-09-02 04:17:01.735196,Phishing,Asia,Desktop,4,473,41,0,477
EVT003861,2026-09-02 04:25:01.735196,Brute Force,North America,Router,2,649,41,0,279
EVT003862,2026-09-02 04:33:01.735196,DDoS,Oceania,Laptop,1,621,42,0,174
EVT003863,2026-09-02 04:41:01.735196,Phishing,Asia,Router,3,195,14,0,25
EVT003864,2026-09-02 04:49:01.735196,DDoS,Asia,Laptop,2,993,51,0,376
EVT003865,2026-09-02 04:57:01.735196,Ransomware,North America,Server,5,500,82,0,158
EVT003866,2026-09-02 05:05:01.735196,Ransomware,Africa,Firewall,6,372,22,0,91
EVT003867,2026-09-02 05:13:01.735196,Unauthorized Access,Africa,Laptop,4,812,44,0,29
EVT003868,2026-09-02 05:21:01.735196,Brute Force,North America,Laptop,5,131,47,1,363
EVT003869,2026-09-02 05:29:01.735196,Brute Force,Africa,Router,2,329,97,0,287
EVT003870,2026-09-02 05:37:01.735196,Phishing,Oceania,Desktop,1,461,40,0,30
EVT003871,2026-09-02 05:45:01.735196,DDoS,Europe,Router,0,694,21,0,45
EVT003872,2026-09-02 05:53:01.735196,Brute Force,Asia,Firewall,1,332,56,0,179
EVT003873,2026-09-02 06:01:01.735196,Malware,Asia,Laptop,2,372,79,0,32
EVT003874,2026-09-02 06:09:01.735196,Malware,Europe,Firewall,0,732,38,0,74
EVT003875,2026-09-02 06:17:01.735196,Ransomware,North America,Router,4,282,62,0,23
EVT003876,2026-09-02 06:25:01.735196,Brute Force,Europe,Laptop,2,872,94,0,343
EVT003877,2026-09-02 06:33:01.735196,DDoS,Oceania,Laptop,7,642,34,0,404
EVT003878,2026-09-02 06:41:01.735196,Ransomware,Europe,Server,4,121,92,0,399
EVT003879,2026-09-02 06:49:01.735196,DDoS,South America,Router,3,401,68,0,70
EVT003880,2026-09-02 06:57:01.735196,Unauthorized Access,Europe,Router,1,910,14,0,157
EVT003881,2026-09-02 07:05:01.735196,Unauthorized Access,Africa,Router,1,629,63,1,44
EVT003882,2026-09-02 07:13:01.735196,DDoS,Oceania,Desktop,6,333,33,0,336
EVT003883,2026-09-02 07:21:01.735196,Ransomware,Asia,Router,4,962,43,0,348
EVT003884,2026-09-02 07:29:01.735196,Phishing,Asia,Firewall,0,835,93,0,62
EVT003885,2026-09-02 07:37:01.735196,Brute Force,Europe,Desktop,1,728,11,0,51
EVT003886,2026-09-02 07:45:01.735196,Brute Force,Europe,Firewall,5,765,55,0,478
EVT003887,2026-09-02 07:53:01.735196,Malware,Africa,Router,3,410,49,0,349
EVT003888,2026-09-02 08:01:01.735196,Malware,Africa,Laptop,2,295,66,0,59
EVT003889,2026-09-02 08:09:01.735196,Brute Force,Oceania,Firewall,2,843,64,0,466
EVT003890,2026-09-02 08:17:01.735196,Phishing,South America,Desktop,2,568,92,0,256
EVT003891,2026-09-02 08:25:01.735196,Malware,South America,Firewall,6,739,9,0,201
EVT003892,2026-09-02 08:33:01.735196,Unauthorized Access,South America,Server,2,694,32,0,231
EVT003893,2026-09-02 08:41:01.735196,Phishing,North America,Firewall,3,970,29,0,344
EVT003894,2026-09-02 08:49:01.735196,Brute Force,North America,Desktop,0,345,44,0,124
EVT003895,2026-09-02 08:57:01.735196,Brute Force,Europe,Server,1,318,73,0,495
EVT003896,2026-09-02 09:05:01.735196,Malware,Oceania,Desktop,5,908,67,1,440
EVT003897,2026-09-02 09:13:01.735196,Brute Force,North America,Firewall,1,538,47,0,41
EVT003898,2026-09-02 09:21:01.735196,Brute Force,Europe,Router,3,810,69,0,419
EVT003899,2026-09-02 09:29:01.735196,DDoS,Asia,Firewall,3,514,30,0,348
EVT003900,2026-09-02 09:37:01.735196,Ransomware,Asia,Laptop,1,937,39,0,219
EVT003901,2026-09-02 09:45:01.735196,Unauthorized Access,South America,Laptop,1,353,79,0,238
EVT003902,2026-09-02 09:53:01.735196,Brute Force,Africa,Desktop,1,411,6,0,297
EVT003903,2026-09-02 10:01:01.735196,Unauthorized Access,North America,Desktop,4,113,18,0,494
EVT003904,2026-09-02 10:09:01.735196,Malware,Africa,Server,1,188,49,0,409
EVT003905,2026-09-02 10:17:01.735196,Brute Force,Europe,Laptop,4,734,43,0,299
EVT003906,2026-09-02 10:25:01.735196,Unauthorized Access,Europe,Laptop,6,165,49,0,256
EVT003907,2026-09-02 10:33:01.735196,DDoS,Oceania,Server,56,7066,334,1,1070
EVT003908,2026-09-02 10:41:01.735196,Malware,South America,Firewall,6,780,18,0,267
EVT003909,2026-09-02 10:49:01.735196,Brute Force,South America,Router,2,623,87,0,206
EVT003910,2026-09-02 10:57:01.735196,DDoS,Europe,Desktop,1,714,38,0,377
EVT003911,2026-09-02 11:05:01.735196,Ransomware,Asia,Laptop,3,412,55,0,77
EVT003912,2026-09-02 11:13:01.735196,Ransomware,South America,Server,4,999,88,0,484
EVT003913,2026-09-02 11:21:01.735196,DDoS,Europe,Laptop,4,808,85,0,180
EVT003914,2026-09-02 11:29:01.735196,Brute Force,Oceania,Server,2,936,46,0,315
EVT003915,2026-09-02 11:37:01.735196,Malware,Africa,Desktop,0,942,57,0,194
EVT003916,2026-09-02 11:45:01.735196,Unauthorized Access,North America,Firewall,49,7127,867,1,878
EVT003917,2026-09-02 11:53:01.735196,Ransomware,North America,Laptop,3,641,67,0,445
EVT003918,2026-09-02 12:01:01.735196,Unauthorized Access,North America,Server,149,7273,773,1,724
EVT003919,2026-09-02 12:09:01.735196,Ransomware,North America,Firewall,2,681,52,0,499
EVT003920,2026-09-02 12:17:01.735196,Malware,Europe,Laptop,4,822,57,0,44
EVT003921,2026-09-02 12:25:01.735196,DDoS,Europe,Firewall,4,640,16,0,347
EVT003922,2026-09-02 12:33:01.735196,Ransomware,North America,Laptop,5,608,32,0,209
EVT003923,2026-09-02 12:41:01.735196,Unauthorized Access,Europe,Router,3,358,27,0,103
EVT003924,2026-09-02 12:49:01.735196,Phishing,Africa,Laptop,8,694,33,0,20
EVT003925,2026-09-02 12:57:01.735196,DDoS,North America,Firewall,2,699,30,0,100
EVT003926,2026-09-02 13:05:01.735196,Unauthorized Access,North America,Desktop,74,5334,801,1,1431
EVT003927,2026-09-02 13:13:01.735196,Malware,Asia,Laptop,2,170,49,0,370
EVT003928,2026-09-02 13:21:01.735196,Phishing,North America,Router,4,540,24,0,231
EVT003929,2026-09-02 13:29:01.735196,Phishing,Africa,Desktop,2,584,63,0,76
EVT003930,2026-09-02 13:37:01.735196,Brute Force,Africa,Router,5,470,49,0,155
EVT003931,2026-09-02 13:45:01.735196,Malware,Oceania,Firewall,1,503,66,0,436
EVT003932,2026-09-02 13:53:01.735196,Phishing,Asia,Laptop,3,320,57,0,462
EVT003933,2026-09-02 14:01:01.735196,DDoS,Europe,Router,5,910,63,0,43
EVT003934,2026-09-02 14:09:01.735196,Malware,South America,Firewall,133,5980,371,1,877
EVT003935,2026-09-02 14:17:01.735196,Unauthorized Access,North America,Desktop,12,406,37,0,27
EVT003936,2026-09-02 14:25:01.735196,Unauthorized Access,Africa,Firewall,4,437,84,0,74
EVT003937,2026-09-02 14:33:01.735196,Unauthorized Access,Oceania,Laptop,3,617,98,0,318
EVT003938,2026-09-02 14:41:01.735196,Phishing,South America,Laptop,2,288,85,0,329
EVT003939,2026-09-02 14:49:01.735196,Brute Force,South America,Router,7,692,36,0,103
EVT003940,2026-09-02 14:57:01.735196,Malware,South America,Server,1,785,99,0,23
EVT003941,2026-09-02 15:05:01.735196,Ransomware,Africa,Router,2,833,93,0,404
EVT003942,2026-09-02 15:13:01.735196,Ransomware,South America,Desktop,2,811,30,0,169
EVT003943,2026-09-02 15:21:01.735196,Brute Force,North America,Firewall,2,587,65,0,370
EVT003944,2026-09-02 15:29:01.735196,Phishing,North America,Desktop,2,804,75,1,218
EVT003945,2026-09-02 15:37:01.735196,Brute Force,Africa,Firewall,1,709,95,0,261
EVT003946,2026-09-02 15:45:01.735196,Ransomware,Oceania,Server,4,907,35,0,24
EVT003947,2026-09-02 15:53:01.735196,Malware,Asia,Router,2,585,47,0,358
EVT003948,2026-09-02 16:01:01.735196,Unauthorized Access,North America,Router,1,986,7,0,348
EVT003949,2026-09-02 16:09:01.735196,Unauthorized Access,Europe,Firewall,3,911,50,0,118
EVT003950,2026-09-02 16:17:01.735196,Brute Force,North America,Laptop,3,527,85,0,249
EVT003951,2026-09-02 16:25:01.735196,Phishing,Europe,Desktop,3,974,6,0,52
EVT003952,2026-09-02 16:33:01.735196,Phishing,South America,Laptop,3,655,64,0,11
EVT003953,2026-09-02 16:41:01.735196,Unauthorized Access,North America,Server,4,435,44,0,451
EVT003954,2026-09-02 16:49:01.735196,Phishing,Oceania,Server,3,342,90,1,130
EVT003955,2026-09-02 16:57:01.735196,Malware,Europe,Desktop,6,792,79,0,167
EVT003956,2026-09-02 17:05:01.735196,DDoS,Europe,Desktop,0,842,77,0,252
EVT003957,2026-09-02 17:13:01.735196,DDoS,North America,Laptop,1,826,19,0,153
EVT003958,2026-09-02 17:21:01.735196,Phishing,Africa,Desktop,3,945,27,0,406
EVT003959,2026-09-02 17:29:01.735196,DDoS,Oceania,Firewall,3,349,18,0,224
EVT003960,2026-09-02 17:37:01.735196,Brute Force,Asia,Laptop,2,108,77,0,394
EVT003961,2026-09-02 17:45:01.735196,Brute Force,Oceania,Desktop,2,516,45,0,153
EVT003962,2026-09-02 17:53:01.735196,Malware,South America,Router,7,658,14,0,485
EVT003963,2026-09-02 18:01:01.735196,Phishing,South America,Desktop,4,351,80,0,459
EVT003964,2026-09-02 18:09:01.735196,Brute Force,Oceania,Router,2,883,72,0,111
EVT003965,2026-09-02 18:17:01.735196,DDoS,Europe,Laptop,138,8685,434,1,1809
EVT003966,2026-09-02 18:25:01.735196,Malware,North America,Laptop,4,542,89,0,232
EVT003967,2026-09-02 18:33:01.735196,DDoS,North America,Laptop,4,515,17,1,406
EVT003968,2026-09-02 18:41:01.735196,Phishing,Oceania,Desktop,3,344,20,0,436
EVT003969,2026-09-02 18:49:01.735196,Brute Force,Oceania,Router,2,390,35,0,404
EVT003970,2026-09-02 18:57:01.735196,Ransomware,Asia,Firewall,4,275,74,0,386
EVT003971,2026-09-02 19:05:01.735196,Malware,South America,Laptop,4,602,26,0,100
EVT003972,2026-09-02 19:13:01.735196,Unauthorized Access,South America,Laptop,7,931,21,0,200
EVT003973,2026-09-02 19:21:01.735196,Malware,South America,Router,4,772,47,0,102
EVT003974,2026-09-02 19:29:01.735196,Phishing,North America,Router,3,244,85,0,102
EVT003975,2026-09-02 19:37:01.735196,Brute Force,North America,Laptop,2,110,57,0,38
EVT003976,2026-09-02 19:45:01.735196,Ransomware,South America,Laptop,3,857,23,0,22
EVT003977,2026-09-02 19:53:01.735196,Malware,Oceania,Firewall,6,356,7,0,315
EVT003978,2026-09-02 20:01:01.735196,Phishing,Europe,Desktop,4,205,27,0,364
EVT003979,2026-09-02 20:09:01.735196,Malware,Europe,Desktop,65,14535,974,1,1414
EVT003980,2026-09-02 20:17:01.735196,Ransomware,Europe,Desktop,4,285,86,0,467
EVT003981,2026-09-02 20:25:01.735196,Brute Force,North America,Router,5,148,46,0,251
EVT003982,2026-09-02 20:33:01.735196,Ransomware,Africa,Server,1,651,60,0,376
EVT003983,2026-09-02 20:41:01.735196,Brute Force,Europe,Desktop,2,428,37,0,280
EVT003984,2026-09-02 20:49:01.735196,DDoS,North America,Router,3,541,30,0,342
EVT003985,2026-09-02 20:57:01.735196,Phishing,Africa,Firewall,4,200,72,0,217
EVT003986,2026-09-02 21:05:01.735196,Phishing,Europe,Firewall,2,360,23,0,194
EVT003987,2026-09-02 21:13:01.735196,Malware,North America,Server,3,657,84,0,453
EVT003988,2026-09-02 21:21:01.735196,Unauthorized Access,North America,Firewall,5,584,26,0,390
EVT003989,2026-09-02 21:29:01.735196,Brute Force,Asia,Desktop,2,279,69,0,411
EVT003990,2026-09-02 21:37:01.735196,Malware,Oceania,Laptop,79,10496,841,1,1372
EVT003991,2026-09-02 21:45:01.735196,Malware,Africa,Server,89,12919,713,1,1101
EVT003992,2026-09-02 21:53:01.735196,Unauthorized Access,North America,Laptop,3,936,12,0,385
EVT003993,2026-09-02 22:01:01.735196,Malware,Africa,Firewall,5,385,9,1,168
EVT003994,2026-09-02 22:09:01.735196,Brute Force,South America,Firewall,1,931,68,0,367
EVT003995,2026-09-02 22:17:01.735196,Ransomware,Oceania,Firewall,2,764,84,0,96
EVT003996,2026-09-02 22:25:01.735196,Brute Force,Europe,Router,0,964,41,0,164
EVT003997,2026-09-02 22:33:01.735196,Ransomware,Oceania,Router,5,780,46,0,27
EVT003998,2026-09-02 22:41:01.735196,Phishing,South America,Firewall,3,602,27,0,449
EVT003999,2026-09-02 22:49:01.735196,Phishing,Europe,Desktop,3,958,14,0,30
EVT004000,2026-09-02 22:57:01.735196,Phishing,South America,Desktop,1,403,44,0,218
EVT004001,2026-09-02 23:05:01.735196,Ransomware,Oceania,Server,3,812,68,0,329
EVT004002,2026-09-02 23:13:01.735196,Ransomware,Europe,Server,3,632,30,0,50
EVT004003,2026-09-02 23:21:01.735196,Brute Force,Africa,Laptop,6,726,34,1,436
EVT004004,2026-09-02 23:29:01.735196,Phishing,Oceania,Desktop,1,406,94,0,239
EVT004005,2026-09-02 23:37:01.735196,DDoS,South America,Router,1,130,38,0,165
EVT004006,2026-09-02 23:45:01.735196,DDoS,South America,Router,5,910,87,0,120
EVT004007,2026-09-02 23:53:01.735196,Ransomware,Asia,Router,3,586,47,0,14
EVT004008,2026-09-03 00:01:01.735196,Unauthorized Access,Europe,Laptop,2,231,48,0,385
EVT004009,2026-09-03 00:09:01.735196,Phishing,Africa,Laptop,2,877,15,0,165
EVT004010,2026-09-03 00:17:01.735196,Brute Force,Oceania,Firewall,4,610,85,0,190
EVT004011,2026-09-03 00:25:01.735196,DDoS,Africa,Router,1,189,59,0,202
EVT004012,2026-09-03 00:33:01.735196,Ransomware,Europe,Router,2,473,51,0,12
EVT004013,2026-09-03 00:41:01.735196,Malware,Africa,Router,6,301,48,0,348
EVT004014,2026-09-03 00:49:01.735196,Unauthorized Access,South America,Server,2,848,36,0,319
EVT004015,2026-09-03 00:57:01.735196,Ransomware,Africa,Laptop,4,539,19,0,363
EVT004016,2026-09-03 01:05:01.735196,Unauthorized Access,South America,Laptop,3,476,43,0,443
EVT004017,2026-09-03 01:13:01.735196,Malware,Oceania,Laptop,4,261,31,0,41
EVT004018,2026-09-03 01:21:01.735196,Brute Force,Europe,Desktop,3,122,69,0,50
EVT004019,2026-09-03 01:29:01.735196,Brute Force,Africa,Laptop,0,755,35,0,403
EVT004020,2026-09-03 01:37:01.735196,Unauthorized Access,Europe,Laptop,3,358,66,0,448
EVT004021,2026-09-03 01:45:01.735196,DDoS,Europe,Laptop,4,969,19,0,445
EVT004022,2026-09-03 01:53:01.735196,DDoS,Asia,Firewall,1,502,44,0,339
EVT004023,2026-09-03 02:01:01.735196,Unauthorized Access,Africa,Server,5,765,31,0,172
EVT004024,2026-09-03 02:09:01.735196,Malware,North America,Server,3,230,37,0,38
EVT004025,2026-09-03 02:17:01.735196,Malware,Asia,Server,32,7898,805,1,882
EVT004026,2026-09-03 02:25:01.735196,Ransomware,Europe,Laptop,5,978,56,0,50
EVT004027,2026-09-03 02:33:01.735196,Ransomware,North America,Desktop,1,198,89,0,39
EVT004028,2026-09-03 02:41:01.735196,Ransomware,Africa,Router,1,178,61,0,482
EVT004029,2026-09-03 02:49:01.735196,Brute Force,Europe,Desktop,3,793,82,0,483
EVT004030,2026-09-03 02:57:01.735196,Unauthorized Access,Europe,Laptop,4,408,98,0,260
EVT004031,2026-09-03 03:05:01.735196,Malware,Africa,Firewall,2,233,80,0,44
EVT004032,2026-09-03 03:13:01.735196,Unauthorized Access,Africa,Router,3,817,96,0,27
EVT004033,2026-09-03 03:21:01.735196,Ransomware,Oceania,Laptop,1,677,29,0,468
EVT004034,2026-09-03 03:29:01.735196,Brute Force,Europe,Router,5,360,84,0,412
EVT004035,2026-09-03 03:37:01.735196,Malware,Europe,Router,2,132,28,0,55
EVT004036,2026-09-03 03:45:01.735196,DDoS,Europe,Server,6,168,36,0,395
EVT004037,2026-09-03 03:53:01.735196,Ransomware,South America,Firewall,1,355,39,0,236
EVT004038,2026-09-03 04:01:01.735196,DDoS,North America,Router,3,228,7,0,257
EVT004039,2026-09-03 04:09:01.735196,Unauthorized Access,Asia,Desktop,2,850,98,0,100
EVT004040,2026-09-03 04:17:01.735196,Ransomware,North America,Laptop,2,928,47,0,379
EVT004041,2026-09-03 04:25:01.735196,Ransomware,Oceania,Router,3,675,94,0,259
EVT004042,2026-09-03 04:33:01.735196,Malware,Oceania,Laptop,4,384,35,0,139
EVT004043,2026-09-03 04:41:01.735196,Ransomware,Asia,Server,2,837,82,0,45
EVT004044,2026-09-03 04:49:01.735196,DDoS,North America,Firewall,5,293,12,0,457
EVT004045,2026-09-03 04:57:01.735196,DDoS,Europe,Desktop,6,565,48,0,393
EVT004046,2026-09-03 05:05:01.735196,Phishing,Africa,Desktop,4,712,17,0,297
EVT004047,2026-09-03 05:13:01.735196,Malware,South America,Desktop,4,138,30,0,35
EVT004048,2026-09-03 05:21:01.735196,Malware,Oceania,Laptop,5,145,54,0,269
EVT004049,2026-09-03 05:29:01.735196,Ransomware,South America,Router,0,337,43,0,166
EVT004050,2026-09-03 05:37:01.735196,Ransomware,Oceania,Router,2,253,89,0,200
EVT004051,2026-09-03 05:45:01.735196,Ransomware,Africa,Server,3,535,17,0,346
EVT004052,2026-09-03 05:53:01.735196,Unauthorized Access,North America,Firewall,4,824,47,0,279
EVT004053,2026-09-03 06:01:01.735196,DDoS,Europe,Router,95,11992,888,1,1585
EVT004054,2026-09-03 06:09:01.735196,Malware,Oceania,Desktop,2,137,16,0,366
EVT004055,2026-09-03 06:17:01.735196,Ransomware,Asia,Firewall,0,130,81,0,190
EVT004056,2026-09-03 06:25:01.735196,DDoS,South America,Desktop,3,741,86,0,297
EVT004057,2026-09-03 06:33:01.735196,Ransomware,Oceania,Desktop,3,409,60,0,33
EVT004058,2026-09-03 06:41:01.735196,DDoS,Asia,Desktop,1,675,37,0,490
EVT004059,2026-09-03 06:49:01.735196,DDoS,Oceania,Server,4,707,34,0,111
EVT004060,2026-09-03 06:57:01.735196,Ransomware,Africa,Server,7,489,46,0,488
EVT004061,2026-09-03 07:05:01.735196,Phishing,North America,Laptop,111,10258,336,1,917
EVT004062,2026-09-03 07:13:01.735196,Ransomware,North America,Laptop,7,182,30,0,315
EVT004063,2026-09-03 07:21:01.735196,Phishing,North America,Server,3,800,92,0,96
EVT004064,2026-09-03 07:29:01.735196,Malware,Oceania,Desktop,77,6767,344,1,1912
EVT004065,2026-09-03 07:37:01.735196,Unauthorized Access,North America,Laptop,4,660,92,0,53
EVT004066,2026-09-03 07:45:01.735196,DDoS,Oceania,Desktop,2,741,11,1,359
EVT004067,2026-09-03 07:53:01.735196,Malware,Africa,Server,6,124,86,0,232
EVT004068,2026-09-03 08:01:01.735196,Phishing,Europe,Server,4,486,92,0,25
EVT004069,2026-09-03 08:09:01.735196,Brute Force,North America,Server,3,154,22,0,111
EVT004070,2026-09-03 08:17:01.735196,Brute Force,Europe,Laptop,1,307,63,0,15
EVT004071,2026-09-03 08:25:01.735196,Malware,South America,Desktop,63,9250,529,1,857
EVT004072,2026-09-03 08:33:01.735196,Phishing,South America,Laptop,2,153,99,1,62
EVT004073,2026-09-03 08:41:01.735196,DDoS,Africa,Laptop,6,309,48,0,249
EVT004074,2026-09-03 08:49:01.735196,Brute Force,Oceania,Firewall,3,223,72,0,240
EVT004075,2026-09-03 08:57:01.735196,Malware,South America,Laptop,1,877,69,0,337
EVT004076,2026-09-03 09:05:01.735196,Malware,Europe,Laptop,1,542,93,0,259
EVT004077,2026-09-03 09:13:01.735196,Unauthorized Access,Africa,Laptop,2,747,69,0,380
EVT004078,2026-09-03 09:21:01.735196,Brute Force,North America,Laptop,2,125,15,0,139
EVT004079,2026-09-03 09:29:01.735196,Ransomware,Europe,Laptop,3,205,9,0,59
EVT004080,2026-09-03 09:37:01.735196,Unauthorized Access,Asia,Firewall,5,268,52,0,217
EVT004081,2026-09-03 09:45:01.735196,Brute Force,Asia,Laptop,1,982,52,0,477
EVT004082,2026-09-03 09:53:01.735196,Ransomware,Oceania,Laptop,4,207,66,0,260
EVT004083,2026-09-03 10:01:01.735196,Brute Force,Oceania,Desktop,0,708,98,0,359
EVT004084,2026-09-03 10:09:01.735196,Phishing,North America,Server,0,526,44,1,396
EVT004085,2026-09-03 10:17:01.735196,Ransomware,Oceania,Server,1,952,9,0,350
EVT004086,2026-09-03 10:25:01.735196,DDoS,North America,Router,3,146,44,0,36
EVT004087,2026-09-03 10:33:01.735196,Brute Force,Oceania,Server,49,7803,756,1,1896
EVT004088,2026-09-03 10:41:01.735196,Ransomware,Oceania,Firewall,2,679,41,0,58
EVT004089,2026-09-03 10:49:01.735196,Malware,Africa,Desktop,3,751,76,0,270
EVT004090,2026-09-03 10:57:01.735196,Ransomware,South America,Desktop,8,892,45,0,34
EVT004091,2026-09-03 11:05:01.735196,DDoS,Asia,Router,3,979,94,0,53
EVT004092,2026-09-03 11:13:01.735196,DDoS,Asia,Firewall,3,326,81,0,66
EVT004093,2026-09-03 11:21:01.735196,Phishing,Europe,Firewall,1,732,24,0,19
EVT004094,2026-09-03 11:29:01.735196,Brute Force,Asia,Router,4,502,8,0,363
EVT004095,2026-09-03 11:37:01.735196,DDoS,Asia,Router,1,994,83,0,23
EVT004096,2026-09-03 11:45:01.735196,DDoS,South America,Laptop,0,615,70,0,439
EVT004097,2026-09-03 11:53:01.735196,DDoS,South America,Server,3,809,64,0,420
EVT004098,2026-09-03 12:01:01.735196,Ransomware,South America,Laptop,3,934,71,0,123
EVT004099,2026-09-03 12:09:01.735196,Malware,South America,Laptop,3,353,95,0,81
EVT004100,2026-09-03 12:17:01.735196,Phishing,Europe,Server,3,159,33,0,391
EVT004101,2026-09-03 12:25:01.735196,DDoS,Europe,Desktop,82,6321,774,1,1296
EVT004102,2026-09-03 12:33:01.735196,Malware,South America,Router,2,538,41,0,380
EVT004103,2026-09-03 12:41:01.735196,Unauthorized Access,Asia,Laptop,3,873,46,0,37
EVT004104,2026-09-03 12:49:01.735196,Unauthorized Access,Oceania,Router,3,933,40,0,303
EVT004105,2026-09-03 12:57:01.735196,Phishing,South America,Server,2,470,47,1,497
EVT004106,2026-09-03 13:05:01.735196,Malware,North America,Desktop,4,997,97,0,114
EVT004107,2026-09-03 13:13:01.735196,Unauthorized Access,Asia,Laptop,6,506,49,0,231
EVT004108,2026-09-03 13:21:01.735196,DDoS,Europe,Router,2,395,22,0,131
EVT004109,2026-09-03 13:29:01.735196,Ransomware,Oceania,Laptop,1,649,76,0,230
EVT004110,2026-09-03 13:37:01.735196,Ransomware,Oceania,Firewall,4,573,25,0,414
EVT004111,2026-09-03 13:45:01.735196,Malware,Africa,Laptop,2,324,95,0,89
EVT004112,2026-09-03 13:53:01.735196,Ransomware,Oceania,Desktop,3,973,19,0,63
EVT004113,2026-09-03 14:01:01.735196,Phishing,Asia,Firewall,1,397,50,0,172
EVT004114,2026-09-03 14:09:01.735196,Malware,North America,Router,5,370,61,0,279
EVT004115,2026-09-03 14:17:01.735196,Phishing,Europe,Desktop,2,756,94,0,396
EVT004116,2026-09-03 14:25:01.735196,Ransomware,Oceania,Router,1,522,11,0,341
EVT004117,2026-09-03 14:33:01.735196,Unauthorized Access,Asia,Firewall,2,679,70,0,160
EVT004118,2026-09-03 14:41:01.735196,Brute Force,Europe,Laptop,1,167,79,0,468
EVT004119,2026-09-03 14:49:01.735196,Brute Force,Africa,Laptop,2,526,79,0,237
EVT004120,2026-09-03 14:57:01.735196,Unauthorized Access,Europe,Laptop,5,400,81,0,61
EVT004121,2026-09-03 15:05:01.735196,DDoS,North America,Desktop,1,595,52,0,40
EVT004122,2026-09-03 15:13:01.735196,Malware,South America,Laptop,1,708,71,0,146
EVT004123,2026-09-03 15:21:01.735196,Malware,Africa,Router,1,861,30,0,214
EVT004124,2026-09-03 15:29:01.735196,Brute Force,Asia,Server,6,541,7,0,379
EVT004125,2026-09-03 15:37:01.735196,Phishing,Asia,Laptop,4,984,95,0,333
EVT004126,2026-09-03 15:45:01.735196,Malware,South America,Laptop,3,248,76,0,193
EVT004127,2026-09-03 15:53:01.735196,Malware,Asia,Desktop,3,149,66,0,147
EVT004128,2026-09-03 16:01:01.735196,DDoS,Africa,Laptop,4,820,27,1,214
EVT004129,2026-09-03 16:09:01.735196,Ransomware,South America,Desktop,7,455,27,0,51
EVT004130,2026-09-03 16:17:01.735196,Unauthorized Access,Europe,Laptop,3,640,23,0,362
EVT004131,2026-09-03 16:25:01.735196,Unauthorized Access,Africa,Server,1,977,84,0,22
EVT004132,2026-09-03 16:33:01.735196,Malware,Oceania,Laptop,5,531,28,0,47
EVT004133,2026-09-03 16:41:01.735196,Unauthorized Access,Asia,Laptop,3,184,8,0,275
EVT004134,2026-09-03 16:49:01.735196,DDoS,Oceania,Server,1,339,77,0,387
EVT004135,2026-09-03 16:57:01.735196,Phishing,Europe,Desktop,2,251,41,0,231
EVT004136,2026-09-03 17:05:01.735196,Brute Force,Oceania,Router,125,14717,351,1,793
EVT004137,2026-09-03 17:13:01.735196,DDoS,Europe,Router,1,299,80,0,460
EVT004138,2026-09-03 17:21:01.735196,Unauthorized Access,Europe,Firewall,1,344,56,0,383
EVT004139,2026-09-03 17:29:01.735196,Ransomware,North America,Desktop,1,401,75,0,262
EVT004140,2026-09-03 17:37:01.735196,Phishing,Oceania,Firewall,3,418,60,0,114
EVT004141,2026-09-03 17:45:01.735196,Phishing,Africa,Laptop,1,319,28,1,426
EVT004142,2026-09-03 17:53:01.735196,Malware,North America,Server,1,989,66,0,383
EVT004143,2026-09-03 18:01:01.735196,Unauthorized Access,South America,Desktop,1,165,71,0,63
EVT004144,2026-09-03 18:09:01.735196,Brute Force,South America,Firewall,2,202,56,0,430
EVT004145,2026-09-03 18:17:01.735196,DDoS,Oceania,Desktop,107,12235,479,1,1079
EVT004146,2026-09-03 18:25:01.735196,Ransomware,Africa,Server,5,429,57,0,137
EVT004147,2026-09-03 18:33:01.735196,Ransomware,Africa,Firewall,6,236,5,0,332
EVT004148,2026-09-03 18:41:01.735196,Unauthorized Access,North America,Laptop,105,5764,339,1,886
EVT004149,2026-09-03 18:49:01.735196,Malware,Europe,Laptop,1,991,72,0,52
EVT004150,2026-09-03 18:57:01.735196,Phishing,Oceania,Laptop,0,418,50,0,50
EVT004151,2026-09-03 19:05:01.735196,Ransomware,Asia,Desktop,3,638,6,0,258
EVT004152,2026-09-03 19:13:01.735196,Ransomware,North America,Router,3,514,47,0,190
EVT004153,2026-09-03 19:21:01.735196,Malware,Africa,Router,5,797,51,0,498
EVT004154,2026-09-03 19:29:01.735196,DDoS,Oceania,Laptop,3,323,68,0,327
EVT004155,2026-09-03 19:37:01.735196,Malware,Europe,Router,2,174,62,0,409
EVT004156,2026-09-03 19:45:01.735196,Ransomware,Europe,Laptop,5,855,66,0,214
EVT004157,2026-09-03 19:53:01.735196,Brute Force,Africa,Server,7,184,93,0,338
EVT004158,2026-09-03 20:01:01.735196,Brute Force,Europe,Router,2,416,40,0,261
EVT004159,2026-09-03 20:09:01.735196,Phishing,Europe,Laptop,149,12552,602,1,1872
EVT004160,2026-09-03 20:17:01.735196,Phishing,Africa,Desktop,1,167,30,0,191
EVT004161,2026-09-03 20:25:01.735196,Brute Force,Oceania,Router,2,109,64,0,152
EVT004162,2026-09-03 20:33:01.735196,Ransomware,South America,Server,142,13501,301,1,1016
EVT004163,2026-09-03 20:41:01.735196,Brute Force,South America,Firewall,3,579,89,0,289
EVT004164,2026-09-03 20:49:01.735196,Phishing,Africa,Server,3,689,93,0,326
EVT004165,2026-09-03 20:57:01.735196,Unauthorized Access,South America,Server,3,476,77,0,480
EVT004166,2026-09-03 21:05:01.735196,Malware,Africa,Desktop,2,123,38,0,412
EVT004167,2026-09-03 21:13:01.735196,Phishing,South America,Laptop,3,541,48,0,384
EVT004168,2026-09-03 21:21:01.735196,Malware,Oceania,Firewall,2,848,11,0,285
EVT004169,2026-09-03 21:29:01.735196,Unauthorized Access,Asia,Firewall,3,764,40,0,130
EVT004170,2026-09-03 21:37:01.735196,Phishing,Africa,Desktop,4,896,50,0,336
EVT004171,2026-09-03 21:45:01.735196,Ransomware,Asia,Router,3,515,88,0,375
EVT004172,2026-09-03 21:53:01.735196,Ransomware,South America,Server,1,366,84,0,359
EVT004173,2026-09-03 22:01:01.735196,Brute Force,Oceania,Firewall,0,780,90,0,328
EVT004174,2026-09-03 22:09:01.735196,Phishing,Europe,Server,4,178,38,0,116
EVT004175,2026-09-03 22:17:01.735196,Malware,Oceania,Laptop,106,12600,906,1,782
EVT004176,2026-09-03 22:25:01.735196,Unauthorized Access,Oceania,Desktop,1,672,84,1,498
EVT004177,2026-09-03 22:33:01.735196,Brute Force,Europe,Firewall,4,946,55,0,187
EVT004178,2026-09-03 22:41:01.735196,Ransomware,South America,Server,0,230,96,0,258
EVT004179,2026-09-03 22:49:01.735196,Phishing,Africa,Desktop,5,981,79,0,121
EVT004180,2026-09-03 22:57:01.735196,Malware,Asia,Server,3,913,48,0,257
EVT004181,2026-09-03 23:05:01.735196,Phishing,Asia,Laptop,4,688,92,0,87
EVT004182,2026-09-03 23:13:01.735196,Brute Force,South America,Desktop,1,103,58,0,486
EVT004183,2026-09-03 23:21:01.735196,DDoS,Africa,Laptop,2,756,63,0,154
EVT004184,2026-09-03 23:29:01.735196,DDoS,Africa,Firewall,5,752,65,0,73
EVT004185,2026-09-03 23:37:01.735196,Brute Force,Europe,Server,3,672,36,0,310
EVT004186,2026-09-03 23:45:01.735196,Malware,North America,Firewall,2,958,75,0,106
EVT004187,2026-09-03 23:53:01.735196,Malware,Asia,Server,1,431,81,0,122
EVT004188,2026-09-04 00:01:01.735196,DDoS,Oceania,Firewall,4,617,62,0,258
EVT004189,2026-09-04 00:09:01.735196,Malware,North America,Desktop,2,268,52,0,164
EVT004190,2026-09-04 00:17:01.735196,Phishing,South America,Desktop,3,737,80,0,105
EVT004191,2026-09-04 00:25:01.735196,DDoS,Oceania,Server,2,228,43,0,370
EVT004192,2026-09-04 00:33:01.735196,Malware,North America,Desktop,1,479,76,0,250
EVT004193,2026-09-04 00:41:01.735196,DDoS,Europe,Server,4,204,33,0,55
EVT004194,2026-09-04 00:49:01.735196,Brute Force,Oceania,Server,5,588,14,0,96
EVT004195,2026-09-04 00:57:01.735196,DDoS,Europe,Server,1,234,76,0,269
EVT004196,2026-09-04 01:05:01.735196,Brute Force,Europe,Router,3,140,65,0,155
EVT004197,2026-09-04 01:13:01.735196,Unauthorized Access,Oceania,Firewall,0,663,52,0,174
EVT004198,2026-09-04 01:21:01.735196,Malware,Oceania,Firewall,1,863,57,0,182
EVT004199,2026-09-04 01:29:01.735196,Brute Force,Oceania,Laptop,6,372,48,0,161
EVT004200,2026-09-04 01:37:01.735196,DDoS,Oceania,Router,0,415,57,0,339
EVT004201,2026-09-04 01:45:01.735196,DDoS,South America,Router,124,6959,689,1,1787
EVT004202,2026-09-04 01:53:01.735196,Malware,Africa,Server,3,272,86,0,235
EVT004203,2026-09-04 02:01:01.735196,Ransomware,Oceania,Desktop,2,992,22,0,202
EVT004204,2026-09-04 02:09:01.735196,Phishing,Asia,Server,3,188,20,0,312
EVT004205,2026-09-04 02:17:01.735196,Phishing,Europe,Router,1,772,44,0,182
EVT004206,2026-09-04 02:25:01.735196,Brute Force,North America,Firewall,2,342,86,0,40
EVT004207,2026-09-04 02:33:01.735196,DDoS,Africa,Router,6,822,77,0,135
EVT004208,2026-09-04 02:41:01.735196,Brute Force,Oceania,Server,5,869,73,0,382
EVT004209,2026-09-04 02:49:01.735196,Malware,Africa,Desktop,2,691,26,0,223
EVT004210,2026-09-04 02:57:01.735196,DDoS,Africa,Laptop,3,896,17,0,31
EVT004211,2026-09-04 03:05:01.735196,Ransomware,Oceania,Firewall,4,598,46,0,237
EVT004212,2026-09-04 03:13:01.735196,Ransomware,Oceania,Desktop,4,225,92,0,258
EVT004213,2026-09-04 03:21:01.735196,Unauthorized Access,South America,Desktop,3,430,74,0,154
EVT004214,2026-09-04 03:29:01.735196,Ransomware,Asia,Laptop,3,148,55,0,385
EVT004215,2026-09-04 03:37:01.735196,DDoS,Oceania,Firewall,5,973,69,0,269
EVT004216,2026-09-04 03:45:01.735196,DDoS,North America,Firewall,3,691,29,0,467
EVT004217,2026-09-04 03:53:01.735196,Phishing,Asia,Desktop,3,363,62,0,302
EVT004218,2026-09-04 04:01:01.735196,DDoS,Africa,Laptop,2,997,33,1,87
EVT004219,2026-09-04 04:09:01.735196,Ransomware,Africa,Laptop,2,610,6,0,296
EVT004220,2026-09-04 04:17:01.735196,Unauthorized Access,Oceania,Laptop,2,581,58,0,83
EVT004221,2026-09-04 04:25:01.735196,Unauthorized Access,Europe,Laptop,2,566,28,0,66
EVT004222,2026-09-04 04:33:01.735196,DDoS,North America,Router,4,765,16,0,227
EVT004223,2026-09-04 04:41:01.735196,Unauthorized Access,Africa,Server,6,732,36,0,340
EVT004224,2026-09-04 04:49:01.735196,Unauthorized Access,North America,Desktop,5,744,77,0,78
EVT004225,2026-09-04 04:57:01.735196,Brute Force,Europe,Laptop,5,782,30,0,296
EVT004226,2026-09-04 05:05:01.735196,Ransomware,South America,Server,1,617,74,0,372
EVT004227,2026-09-04 05:13:01.735196,Ransomware,Africa,Router,7,625,24,0,148
EVT004228,2026-09-04 05:21:01.735196,DDoS,Europe,Firewall,0,502,47,0,337
EVT004229,2026-09-04 05:29:01.735196,DDoS,Oceania,Server,3,135,61,0,29
EVT004230,2026-09-04 05:37:01.735196,Brute Force,South America,Laptop,0,577,92,0,479
EVT004231,2026-09-04 05:45:01.735196,Phishing,Oceania,Server,4,545,91,0,152
EVT004232,2026-09-04 05:53:01.735196,Unauthorized Access,North America,Router,5,331,92,0,232
EVT004233,2026-09-04 06:01:01.735196,Malware,Oceania,Desktop,4,652,58,0,346
EVT004234,2026-09-04 06:09:01.735196,DDoS,Asia,Laptop,5,372,94,0,35
EVT004235,2026-09-04 06:17:01.735196,Malware,Europe,Server,3,887,67,0,164
EVT004236,2026-09-04 06:25:01.735196,Ransomware,North America,Laptop,33,10334,329,1,1788
EVT004237,2026-09-04 06:33:01.735196,Brute Force,North America,Server,3,875,73,0,237
EVT004238,2026-09-04 06:41:01.735196,Malware,South America,Desktop,1,574,95,0,433
EVT004239,2026-09-04 06:49:01.735196,Malware,Oceania,Firewall,1,606,98,0,342
EVT004240,2026-09-04 06:57:01.735196,DDoS,Asia,Laptop,4,822,65,0,134
EVT004241,2026-09-04 07:05:01.735196,Unauthorized Access,Africa,Router,3,635,93,0,55
EVT004242,2026-09-04 07:13:01.735196,Unauthorized Access,North America,Router,2,630,6,0,139
EVT004243,2026-09-04 07:21:01.735196,DDoS,Asia,Desktop,3,212,64,0,469
EVT004244,2026-09-04 07:29:01.735196,Brute Force,South America,Router,111,6992,326,1,818
EVT004245,2026-09-04 07:37:01.735196,Malware,South America,Firewall,4,403,53,0,272
EVT004246,2026-09-04 07:45:01.735196,Ransomware,Oceania,Router,4,305,56,0,299
EVT004247,2026-09-04 07:53:01.735196,DDoS,North America,Router,5,549,96,0,357
EVT004248,2026-09-04 08:01:01.735196,Malware,South America,Desktop,0,983,70,0,40
EVT004249,2026-09-04 08:09:01.735196,Malware,Europe,Server,0,150,23,0,396
EVT004250,2026-09-04 08:17:01.735196,Brute Force,Asia,Laptop,4,228,58,0,278
EVT004251,2026-09-04 08:25:01.735196,DDoS,North America,Desktop,0,314,45,0,210
EVT004252,2026-09-04 08:33:01.735196,Brute Force,South America,Laptop,3,192,35,0,189
EVT004253,2026-09-04 08:41:01.735196,Malware,North America,Laptop,5,823,39,0,119
EVT004254,2026-09-04 08:49:01.735196,Brute Force,North America,Firewall,3,499,56,0,330
EVT004255,2026-09-04 08:57:01.735196,Unauthorized Access,Europe,Router,4,115,31,0,309
EVT004256,2026-09-04 09:05:01.735196,Unauthorized Access,South America,Firewall,1,151,97,0,59
EVT004257,2026-09-04 09:13:01.735196,Malware,Asia,Firewall,3,706,25,0,463
EVT004258,2026-09-04 09:21:01.735196,Unauthorized Access,South America,Laptop,0,871,26,0,181
EVT004259,2026-09-04 09:29:01.735196,Ransomware,Europe,Server,1,317,60,0,382
EVT004260,2026-09-04 09:37:01.735196,Ransomware,South America,Server,2,410,60,1,132
EVT004261,2026-09-04 09:45:01.735196,Malware,Europe,Router,4,248,36,0,29
EVT004262,2026-09-04 09:53:01.735196,Malware,South America,Laptop,3,687,65,0,382
EVT004263,2026-09-04 10:01:01.735196,Malware,Asia,Laptop,8,786,47,0,143
EVT004264,2026-09-04 10:09:01.735196,Brute Force,Africa,Router,5,962,15,0,400
EVT004265,2026-09-04 10:17:01.735196,DDoS,Oceania,Server,4,478,84,0,268
EVT004266,2026-09-04 10:25:01.735196,Phishing,Europe,Firewall,1,154,22,0,130
EVT004267,2026-09-04 10:33:01.735196,DDoS,South America,Desktop,2,534,70,0,136
EVT004268,2026-09-04 10:41:01.735196,DDoS,North America,Firewall,4,840,68,0,302
EVT004269,2026-09-04 10:49:01.735196,Ransomware,Oceania,Firewall,4,189,61,0,231
EVT004270,2026-09-04 10:57:01.735196,DDoS,North America,Desktop,1,732,60,0,492
EVT004271,2026-09-04 11:05:01.735196,Brute Force,South America,Server,4,919,79,0,55
EVT004272,2026-09-04 11:13:01.735196,Ransomware,Oceania,Desktop,2,181,84,0,206
EVT004273,2026-09-04 11:21:01.735196,Unauthorized Access,Europe,Laptop,2,920,27,0,297
EVT004274,2026-09-04 11:29:01.735196,Phishing,North America,Firewall,2,896,22,0,19
EVT004275,2026-09-04 11:37:01.735196,Phishing,South America,Firewall,3,674,94,0,273
EVT004276,2026-09-04 11:45:01.735196,Ransomware,South America,Server,4,778,54,0,255
EVT004277,2026-09-04 11:53:01.735196,Brute Force,Europe,Firewall,2,933,50,0,385
EVT004278,2026-09-04 12:01:01.735196,Unauthorized Access,North America,Laptop,5,597,46,0,53
EVT004279,2026-09-04 12:09:01.735196,Ransomware,Europe,Router,2,824,20,0,436
EVT004280,2026-09-04 12:17:01.735196,Malware,Africa,Server,143,8319,909,1,1167
EVT004281,2026-09-04 12:25:01.735196,Brute Force,Asia,Firewall,2,937,62,0,315
EVT004282,2026-09-04 12:33:01.735196,Ransomware,Europe,Desktop,0,144,39,0,212
EVT004283,2026-09-04 12:41:01.735196,DDoS,Europe,Laptop,4,567,91,0,214
EVT004284,2026-09-04 12:49:01.735196,DDoS,South America,Laptop,1,352,82,0,484
EVT004285,2026-09-04 12:57:01.735196,DDoS,Africa,Firewall,2,359,88,0,31
EVT004286,2026-09-04 13:05:01.735196,Malware,Europe,Laptop,2,493,43,0,99
EVT004287,2026-09-04 13:13:01.735196,Phishing,North America,Router,3,161,53,0,249
EVT004288,2026-09-04 13:21:01.735196,Malware,Africa,Laptop,4,135,98,0,236
EVT004289,2026-09-04 13:29:01.735196,DDoS,Oceania,Desktop,5,628,55,0,353
EVT004290,2026-09-04 13:37:01.735196,Ransomware,South America,Server,6,986,53,0,428
EVT004291,2026-09-04 13:45:01.735196,Malware,Asia,Router,5,529,51,0,307
EVT004292,2026-09-04 13:53:01.735196,Brute Force,Oceania,Desktop,68,13801,333,1,1686
EVT004293,2026-09-04 14:01:01.735196,Unauthorized Access,Europe,Laptop,3,773,13,0,433
EVT004294,2026-09-04 14:09:01.735196,Unauthorized Access,South America,Laptop,3,686,11,0,151
EVT004295,2026-09-04 14:17:01.735196,Unauthorized Access,Asia,Router,2,592,71,1,434
EVT004296,2026-09-04 14:25:01.735196,DDoS,Africa,Server,7,238,23,1,292
EVT004297,2026-09-04 14:33:01.735196,Unauthorized Access,North America,Laptop,1,855,51,0,98
EVT004298,2026-09-04 14:41:01.735196,Malware,Asia,Desktop,2,649,93,0,213
EVT004299,2026-09-04 14:49:01.735196,DDoS,Oceania,Desktop,0,722,97,0,73
EVT004300,2026-09-04 14:57:01.735196,Unauthorized Access,Africa,Desktop,2,886,14,0,156
EVT004301,2026-09-04 15:05:01.735196,DDoS,Africa,Router,6,796,98,0,428
EVT004302,2026-09-04 15:13:01.735196,Brute Force,Africa,Firewall,2,575,76,0,14
EVT004303,2026-09-04 15:21:01.735196,Unauthorized Access,Africa,Firewall,9,656,20,0,240
EVT004304,2026-09-04 15:29:01.735196,Ransomware,North America,Router,4,117,24,0,305
EVT004305,2026-09-04 15:37:01.735196,Unauthorized Access,Africa,Firewall,4,992,65,1,175
EVT004306,2026-09-04 15:45:01.735196,Ransomware,Oceania,Desktop,4,866,94,0,463
EVT004307,2026-09-04 15:53:01.735196,Ransomware,Africa,Firewall,1,192,10,0,316
EVT004308,2026-09-04 16:01:01.735196,Ransomware,Europe,Firewall,4,746,44,0,33
EVT004309,2026-09-04 16:09:01.735196,Ransomware,Europe,Desktop,1,457,87,0,231
EVT004310,2026-09-04 16:17:01.735196,DDoS,Asia,Desktop,3,715,47,0,495
EVT004311,2026-09-04 16:25:01.735196,Brute Force,Oceania,Laptop,2,833,79,0,181
EVT004312,2026-09-04 16:33:01.735196,Phishing,Oceania,Desktop,3,843,67,0,116
EVT004313,2026-09-04 16:41:01.735196,Brute Force,Asia,Firewall,5,904,58,0,251
EVT004314,2026-09-04 16:49:01.735196,Phishing,South America,Firewall,5,724,83,0,186
EVT004315,2026-09-04 16:57:01.735196,Malware,Oceania,Desktop,3,735,32,0,176
EVT004316,2026-09-04 17:05:01.735196,Phishing,Africa,Desktop,4,548,47,0,107
EVT004317,2026-09-04 17:13:01.735196,Brute Force,South America,Desktop,0,546,28,0,465
EVT004318,2026-09-04 17:21:01.735196,DDoS,Oceania,Desktop,1,477,84,0,29
EVT004319,2026-09-04 17:29:01.735196,DDoS,Africa,Desktop,3,361,96,0,23
EVT004320,2026-09-04 17:37:01.735196,Unauthorized Access,North America,Desktop,4,277,48,0,36
EVT004321,2026-09-04 17:45:01.735196,DDoS,Africa,Router,2,380,48,0,374
EVT004322,2026-09-04 17:53:01.735196,Phishing,Asia,Router,35,12782,601,1,1370
EVT004323,2026-09-04 18:01:01.735196,Unauthorized Access,Africa,Desktop,2,650,84,0,350
EVT004324,2026-09-04 18:09:01.735196,DDoS,Europe,Desktop,1,510,6,0,30
EVT004325,2026-09-04 18:17:01.735196,DDoS,Oceania,Router,5,309,60,0,137
EVT004326,2026-09-04 18:25:01.735196,DDoS,South America,Router,1,409,39,0,439
EVT004327,2026-09-04 18:33:01.735196,Phishing,Europe,Server,3,545,50,1,188
EVT004328,2026-09-04 18:41:01.735196,Malware,North America,Server,6,207,78,0,140
EVT004329,2026-09-04 18:49:01.735196,Unauthorized Access,Africa,Desktop,4,630,18,0,118
EVT004330,2026-09-04 18:57:01.735196,Malware,Oceania,Router,4,341,38,0,288
EVT004331,2026-09-04 19:05:01.735196,Brute Force,Africa,Server,3,314,97,0,408
EVT004332,2026-09-04 19:13:01.735196,Ransomware,Africa,Desktop,113,12437,511,1,1886
EVT004333,2026-09-04 19:21:01.735196,Phishing,Europe,Laptop,3,782,10,0,100
EVT004334,2026-09-04 19:29:01.735196,Unauthorized Access,Asia,Firewall,2,830,62,0,240
EVT004335,2026-09-04 19:37:01.735196,Phishing,Europe,Server,1,779,75,0,490
EVT004336,2026-09-04 19:45:01.735196,Ransomware,Europe,Laptop,3,329,93,0,206
EVT004337,2026-09-04 19:53:01.735196,DDoS,Europe,Firewall,1,928,90,0,342
EVT004338,2026-09-04 20:01:01.735196,Phishing,North America,Firewall,2,265,77,0,95
EVT004339,2026-09-04 20:09:01.735196,Ransomware,South America,Server,1,489,43,0,78
EVT004340,2026-09-04 20:17:01.735196,DDoS,Europe,Laptop,2,769,62,0,128
EVT004341,2026-09-04 20:25:01.735196,Phishing,Europe,Laptop,4,893,26,0,130
EVT004342,2026-09-04 20:33:01.735196,Malware,Europe,Desktop,5,965,53,0,44
EVT004343,2026-09-04 20:41:01.735196,Unauthorized Access,South America,Router,1,841,44,0,61
EVT004344,2026-09-04 20:49:01.735196,Malware,North America,Router,4,494,43,0,239
EVT004345,2026-09-04 20:57:01.735196,DDoS,Europe,Router,2,231,13,0,440
EVT004346,2026-09-04 21:05:01.735196,DDoS,North America,Firewall,5,529,79,0,348
EVT004347,2026-09-04 21:13:01.735196,Phishing,Oceania,Router,3,313,21,0,187
EVT004348,2026-09-04 21:21:01.735196,Unauthorized Access,Asia,Desktop,4,459,17,0,231
EVT004349,2026-09-04 21:29:01.735196,Unauthorized Access,Africa,Router,99,9553,533,1,896
EVT004350,2026-09-04 21:37:01.735196,Unauthorized Access,Europe,Desktop,2,246,66,0,39
EVT004351,2026-09-04 21:45:01.735196,Malware,Africa,Router,2,220,15,0,262
EVT004352,2026-09-04 21:53:01.735196,DDoS,Europe,Laptop,1,314,97,0,81
EVT004353,2026-09-04 22:01:01.735196,DDoS,Asia,Laptop,3,121,82,0,23
EVT004354,2026-09-04 22:09:01.735196,Phishing,South America,Firewall,4,234,33,0,274
EVT004355,2026-09-04 22:17:01.735196,Malware,Oceania,Firewall,6,978,57,0,257
EVT004356,2026-09-04 22:25:01.735196,Brute Force,North America,Router,1,605,35,0,462
EVT004357,2026-09-04 22:33:01.735196,Malware,South America,Firewall,3,178,59,0,469
EVT004358,2026-09-04 22:41:01.735196,DDoS,North America,Router,4,631,41,0,346
EVT004359,2026-09-04 22:49:01.735196,DDoS,South America,Server,3,570,5,0,283
EVT004360,2026-09-04 22:57:01.735196,Ransomware,Europe,Desktop,2,682,42,0,82
EVT004361,2026-09-04 23:05:01.735196,Ransomware,South America,Laptop,1,899,77,0,377
EVT004362,2026-09-04 23:13:01.735196,Unauthorized Access,Oceania,Firewall,4,921,58,0,189
EVT004363,2026-09-04 23:21:01.735196,Phishing,North America,Router,2,693,61,0,335
EVT004364,2026-09-04 23:29:01.735196,Phishing,North America,Laptop,1,285,14,0,339
EVT004365,2026-09-04 23:37:01.735196,Brute Force,Africa,Server,7,731,69,1,212
EVT004366,2026-09-04 23:45:01.735196,Unauthorized Access,Asia,Router,3,826,62,0,252
EVT004367,2026-09-04 23:53:01.735196,Phishing,South America,Desktop,2,648,52,0,44
EVT004368,2026-09-05 00:01:01.735196,Phishing,Europe,Router,4,986,83,0,75
EVT004369,2026-09-05 00:09:01.735196,Unauthorized Access,North America,Laptop,3,359,61,0,111
EVT004370,2026-09-05 00:17:01.735196,Unauthorized Access,North America,Firewall,1,576,38,0,359
EVT004371,2026-09-05 00:25:01.735196,Brute Force,Europe,Desktop,2,427,57,0,107
EVT004372,2026-09-05 00:33:01.735196,DDoS,Europe,Laptop,10,283,81,0,236
EVT004373,2026-09-05 00:41:01.735196,Phishing,Africa,Server,33,14018,905,1,1769
EVT004374,2026-09-05 00:49:01.735196,Malware,Asia,Laptop,2,174,62,0,197
EVT004375,2026-09-05 00:57:01.735196,DDoS,Africa,Desktop,2,244,94,0,14
EVT004376,2026-09-05 01:05:01.735196,Phishing,Africa,Laptop,2,833,52,0,245
EVT004377,2026-09-05 01:13:01.735196,Malware,Asia,Laptop,7,757,62,0,88
EVT004378,2026-09-05 01:21:01.735196,Unauthorized Access,North America,Firewall,6,490,94,0,107
EVT004379,2026-09-05 01:29:01.735196,Malware,South America,Laptop,7,597,74,0,189
EVT004380,2026-09-05 01:37:01.735196,DDoS,Europe,Laptop,2,731,86,0,361
EVT004381,2026-09-05 01:45:01.735196,Unauthorized Access,Asia,Firewall,3,290,82,0,113
EVT004382,2026-09-05 01:53:01.735196,DDoS,Europe,Router,3,539,23,0,296
EVT004383,2026-09-05 02:01:01.735196,Malware,Oceania,Laptop,2,456,93,0,68
EVT004384,2026-09-05 02:09:01.735196,Unauthorized Access,North America,Server,1,700,19,0,125
EVT004385,2026-09-05 02:17:01.735196,Phishing,North America,Desktop,2,146,57,0,398
EVT004386,2026-09-05 02:25:01.735196,DDoS,Oceania,Router,5,749,36,0,38
EVT004387,2026-09-05 02:33:01.735196,Brute Force,South America,Firewall,2,575,40,0,428
EVT004388,2026-09-05 02:41:01.735196,Brute Force,Africa,Desktop,4,329,45,0,401
EVT004389,2026-09-05 02:49:01.735196,Unauthorized Access,Oceania,Router,0,769,72,0,19
EVT004390,2026-09-05 02:57:01.735196,Unauthorized Access,South America,Laptop,2,103,27,0,378
EVT004391,2026-09-05 03:05:01.735196,DDoS,Europe,Server,4,954,91,0,112
EVT004392,2026-09-05 03:13:01.735196,Unauthorized Access,Asia,Desktop,1,777,24,0,176
EVT004393,2026-09-05 03:21:01.735196,DDoS,South America,Router,0,574,43,0,42
EVT004394,2026-09-05 03:29:01.735196,Malware,Asia,Router,4,638,13,0,143
EVT004395,2026-09-05 03:37:01.735196,Malware,Europe,Router,5,147,24,0,187
EVT004396,2026-09-05 03:45:01.735196,Phishing,South America,Firewall,3,603,40,0,144
EVT004397,2026-09-05 03:53:01.735196,Brute Force,Europe,Desktop,2,258,36,0,292
EVT004398,2026-09-05 04:01:01.735196,Phishing,North America,Laptop,0,242,12,0,125
EVT004399,2026-09-05 04:09:01.735196,Ransomware,South America,Router,1,787,38,0,224
EVT004400,2026-09-05 04:17:01.735196,DDoS,Asia,Laptop,3,479,32,0,378
EVT004401,2026-09-05 04:25:01.735196,DDoS,North America,Laptop,2,174,88,0,377
EVT004402,2026-09-05 04:33:01.735196,Brute Force,North America,Desktop,1,754,13,0,287
EVT004403,2026-09-05 04:41:01.735196,Ransomware,South America,Router,1,348,64,0,149
EVT004404,2026-09-05 04:49:01.735196,DDoS,North America,Firewall,4,716,48,0,492
EVT004405,2026-09-05 04:57:01.735196,Unauthorized Access,Africa,Router,1,356,98,0,498
EVT004406,2026-09-05 05:05:01.735196,DDoS,North America,Desktop,117,14248,371,1,952
EVT004407,2026-09-05 05:13:01.735196,Ransomware,Africa,Laptop,3,220,98,0,103
EVT004408,2026-09-05 05:21:01.735196,Malware,Europe,Firewall,112,6471,351,1,1095
EVT004409,2026-09-05 05:29:01.735196,Malware,Africa,Laptop,1,989,74,0,42
EVT004410,2026-09-05 05:37:01.735196,Ransomware,North America,Router,3,531,69,0,448
EVT004411,2026-09-05 05:45:01.735196,Unauthorized Access,South America,Desktop,3,537,68,0,174
EVT004412,2026-09-05 05:53:01.735196,Ransomware,Asia,Server,1,859,80,0,422
EVT004413,2026-09-05 06:01:01.735196,Unauthorized Access,North America,Router,5,120,55,0,378
EVT004414,2026-09-05 06:09:01.735196,DDoS,Africa,Server,3,485,53,0,26
EVT004415,2026-09-05 06:17:01.735196,Unauthorized Access,Oceania,Firewall,4,436,90,0,441
EVT004416,2026-09-05 06:25:01.735196,Phishing,South America,Desktop,7,174,28,0,215
EVT004417,2026-09-05 06:33:01.735196,DDoS,Oceania,Desktop,3,202,23,0,347
EVT004418,2026-09-05 06:41:01.735196,Phishing,North America,Firewall,3,280,5,0,394
EVT004419,2026-09-05 06:49:01.735196,DDoS,Europe,Server,1,808,43,0,424
EVT004420,2026-09-05 06:57:01.735196,Malware,Europe,Laptop,114,5201,517,1,1764
EVT004421,2026-09-05 07:05:01.735196,Phishing,South America,Laptop,1,814,84,0,114
EVT004422,2026-09-05 07:13:01.735196,Unauthorized Access,Asia,Laptop,6,270,16,0,373
EVT004423,2026-09-05 07:21:01.735196,Malware,Europe,Server,56,8128,966,1,1689
EVT004424,2026-09-05 07:29:01.735196,DDoS,North America,Laptop,3,524,6,0,115
EVT004425,2026-09-05 07:37:01.735196,Phishing,Oceania,Router,4,632,82,0,91
EVT004426,2026-09-05 07:45:01.735196,Brute Force,South America,Desktop,1,356,77,0,60
EVT004427,2026-09-05 07:53:01.735196,Ransomware,South America,Desktop,3,765,58,1,432
EVT004428,2026-09-05 08:01:01.735196,Unauthorized Access,Oceania,Desktop,1,108,95,0,143
EVT004429,2026-09-05 08:09:01.735196,Ransomware,Africa,Laptop,6,395,74,1,87
EVT004430,2026-09-05 08:17:01.735196,Brute Force,Africa,Firewall,4,723,74,0,37
EVT004431,2026-09-05 08:25:01.735196,Unauthorized Access,Europe,Laptop,4,326,68,0,308
EVT004432,2026-09-05 08:33:01.735196,DDoS,South America,Desktop,3,839,5,0,314
EVT004433,2026-09-05 08:41:01.735196,Unauthorized Access,Asia,Router,3,411,93,0,336
EVT004434,2026-09-05 08:49:01.735196,DDoS,North America,Firewall,4,301,52,0,480
EVT004435,2026-09-05 08:57:01.735196,Ransomware,North America,Laptop,5,735,18,0,269
EVT004436,2026-09-05 09:05:01.735196,Phishing,Europe,Router,8,806,70,0,241
EVT004437,2026-09-05 09:13:01.735196,Malware,Oceania,Firewall,4,747,63,0,11
EVT004438,2026-09-05 09:21:01.735196,DDoS,Oceania,Router,0,116,63,0,281
EVT004439,2026-09-05 09:29:01.735196,Ransomware,Asia,Server,1,329,30,0,55
EVT004440,2026-09-05 09:37:01.735196,Unauthorized Access,South America,Server,4,502,29,0,60
EVT004441,2026-09-05 09:45:01.735196,Malware,South America,Router,4,242,99,0,441
EVT004442,2026-09-05 09:53:01.735196,Phishing,South America,Router,9,868,13,0,134
EVT004443,2026-09-05 10:01:01.735196,Ransomware,Asia,Server,5,271,8,0,207
EVT004444,2026-09-05 10:09:01.735196,DDoS,South America,Router,0,217,28,0,106
EVT004445,2026-09-05 10:17:01.735196,DDoS,South America,Laptop,3,155,92,0,219
EVT004446,2026-09-05 10:25:01.735196,Unauthorized Access,Europe,Desktop,2,290,27,0,51
EVT004447,2026-09-05 10:33:01.735196,Ransomware,Africa,Router,5,689,86,0,328
EVT004448,2026-09-05 10:41:01.735196,Malware,North America,Server,3,850,76,0,128
EVT004449,2026-09-05 10:49:01.735196,Malware,Europe,Firewall,5,953,96,0,15
EVT004450,2026-09-05 10:57:01.735196,Malware,Oceania,Laptop,1,906,18,0,499
EVT004451,2026-09-05 11:05:01.735196,Malware,South America,Laptop,1,877,6,0,307
EVT004452,2026-09-05 11:13:01.735196,Ransomware,Asia,Desktop,104,8392,474,1,1762
EVT004453,2026-09-05 11:21:01.735196,Malware,North America,Laptop,4,233,19,0,104
EVT004454,2026-09-05 11:29:01.735196,Ransomware,North America,Server,2,595,36,0,462
EVT004455,2026-09-05 11:37:01.735196,Malware,North America,Firewall,5,418,61,0,171
EVT004456,2026-09-05 11:45:01.735196,Phishing,Europe,Router,123,9839,646,1,1048
EVT004457,2026-09-05 11:53:01.735196,DDoS,North America,Desktop,3,493,16,0,475
EVT004458,2026-09-05 12:01:01.735196,Unauthorized Access,Africa,Server,2,972,86,1,223
EVT004459,2026-09-05 12:09:01.735196,Ransomware,Europe,Server,3,208,93,0,358
EVT004460,2026-09-05 12:17:01.735196,Ransomware,Europe,Firewall,6,734,23,0,189
EVT004461,2026-09-05 12:25:01.735196,Unauthorized Access,Europe,Desktop,4,537,24,0,248
EVT004462,2026-09-05 12:33:01.735196,Ransomware,Oceania,Laptop,47,12398,638,1,704
EVT004463,2026-09-05 12:41:01.735196,DDoS,Asia,Firewall,5,137,42,0,287
EVT004464,2026-09-05 12:49:01.735196,Brute Force,Oceania,Router,0,748,95,0,77
EVT004465,2026-09-05 12:57:01.735196,Phishing,Asia,Desktop,3,243,15,0,260
EVT004466,2026-09-05 13:05:01.735196,DDoS,Europe,Laptop,1,714,69,0,256
EVT004467,2026-09-05 13:13:01.735196,Malware,Africa,Server,35,12341,738,1,1158
EVT004468,2026-09-05 13:21:01.735196,DDoS,Europe,Laptop,2,825,67,0,285
EVT004469,2026-09-05 13:29:01.735196,Ransomware,Asia,Desktop,2,343,69,0,29
EVT004470,2026-09-05 13:37:01.735196,Brute Force,South America,Router,2,912,97,0,69
EVT004471,2026-09-05 13:45:01.735196,Brute Force,Oceania,Firewall,4,461,57,0,178
EVT004472,2026-09-05 13:53:01.735196,Ransomware,Oceania,Laptop,2,478,10,0,277
EVT004473,2026-09-05 14:01:01.735196,Brute Force,North America,Desktop,2,862,32,0,238
EVT004474,2026-09-05 14:09:01.735196,Phishing,Asia,Server,2,871,59,0,47
EVT004475,2026-09-05 14:17:01.735196,Ransomware,South America,Laptop,106,12184,713,1,939
EVT004476,2026-09-05 14:25:01.735196,DDoS,Oceania,Router,5,615,39,0,72
EVT004477,2026-09-05 14:33:01.735196,Ransomware,South America,Laptop,4,427,46,0,100
EVT004478,2026-09-05 14:41:01.735196,Brute Force,Oceania,Router,2,319,95,0,55
EVT004479,2026-09-05 14:49:01.735196,Unauthorized Access,Oceania,Laptop,4,813,72,0,67
EVT004480,2026-09-05 14:57:01.735196,Phishing,Asia,Router,73,5352,539,1,982
EVT004481,2026-09-05 15:05:01.735196,Ransomware,Europe,Server,2,576,84,0,457
EVT004482,2026-09-05 15:13:01.735196,Phishing,Africa,Firewall,2,472,17,0,465
EVT004483,2026-09-05 15:21:01.735196,Ransomware,Europe,Laptop,5,653,99,0,354
EVT004484,2026-09-05 15:29:01.735196,Malware,Oceania,Desktop,2,508,99,0,492
EVT004485,2026-09-05 15:37:01.735196,Unauthorized Access,Asia,Desktop,4,538,54,0,434
EVT004486,2026-09-05 15:45:01.735196,DDoS,Africa,Laptop,30,12905,831,1,799
EVT004487,2026-09-05 15:53:01.735196,Ransomware,Oceania,Firewall,5,797,59,0,293
EVT004488,2026-09-05 16:01:01.735196,DDoS,Africa,Firewall,2,240,9,0,353
EVT004489,2026-09-05 16:09:01.735196,Unauthorized Access,Europe,Router,1,898,96,0,426
EVT004490,2026-09-05 16:17:01.735196,Brute Force,North America,Router,4,248,98,0,424
EVT004491,2026-09-05 16:25:01.735196,Unauthorized Access,Africa,Desktop,2,538,41,0,222
EVT004492,2026-09-05 16:33:01.735196,DDoS,North America,Desktop,6,574,62,0,80
EVT004493,2026-09-05 16:41:01.735196,DDoS,Africa,Server,3,880,43,0,271
EVT004494,2026-09-05 16:49:01.735196,DDoS,South America,Firewall,6,612,44,0,447
EVT004495,2026-09-05 16:57:01.735196,Ransomware,Africa,Laptop,1,875,40,0,167
EVT004496,2026-09-05 17:05:01.735196,Ransomware,Oceania,Server,2,220,15,0,64
EVT004497,2026-09-05 17:13:01.735196,Brute Force,Africa,Desktop,3,197,30,0,106
EVT004498,2026-09-05 17:21:01.735196,Malware,Africa,Laptop,1,491,13,0,336
EVT004499,2026-09-05 17:29:01.735196,DDoS,Europe,Router,96,12364,697,1,1620
EVT004500,2026-09-05 17:37:01.735196,Malware,North America,Desktop,136,10108,596,1,1538
EVT004501,2026-09-05 17:45:01.735196,Unauthorized Access,South America,Server,2,944,48,0,481
EVT004502,2026-09-05 17:53:01.735196,Brute Force,Oceania,Desktop,0,438,61,0,243
EVT004503,2026-09-05 18:01:01.735196,Brute Force,North America,Router,2,249,78,0,15
EVT004504,2026-09-05 18:09:01.735196,Phishing,Africa,Firewall,3,502,90,0,389
EVT004505,2026-09-05 18:17:01.735196,Malware,Europe,Router,6,625,17,0,345
EVT004506,2026-09-05 18:25:01.735196,Ransomware,Europe,Firewall,2,205,65,1,59
EVT004507,2026-09-05 18:33:01.735196,Malware,Oceania,Router,3,628,94,0,349
EVT004508,2026-09-05 18:41:01.735196,Brute Force,Europe,Router,3,846,52,1,331
EVT004509,2026-09-05 18:49:01.735196,Phishing,Oceania,Desktop,82,7797,697,1,751
EVT004510,2026-09-05 18:57:01.735196,Ransomware,Oceania,Desktop,2,524,25,0,300
EVT004511,2026-09-05 19:05:01.735196,DDoS,Europe,Laptop,3,107,98,0,102
EVT004512,2026-09-05 19:13:01.735196,Ransomware,Asia,Firewall,3,398,30,0,369
EVT004513,2026-09-05 19:21:01.735196,Brute Force,North America,Server,4,314,43,0,320
EVT004514,2026-09-05 19:29:01.735196,Malware,North America,Laptop,4,388,47,0,323
EVT004515,2026-09-05 19:37:01.735196,Ransomware,Europe,Server,7,891,99,0,29
EVT004516,2026-09-05 19:45:01.735196,Ransomware,North America,Firewall,3,883,76,0,155
EVT004517,2026-09-05 19:53:01.735196,Unauthorized Access,South America,Firewall,5,954,28,0,333
EVT004518,2026-09-05 20:01:01.735196,Brute Force,Africa,Desktop,3,979,74,0,255
EVT004519,2026-09-05 20:09:01.735196,Ransomware,North America,Desktop,6,997,99,0,68
EVT004520,2026-09-05 20:17:01.735196,Phishing,Africa,Desktop,4,570,32,0,341
EVT004521,2026-09-05 20:25:01.735196,Unauthorized Access,North America,Server,0,228,6,0,75
EVT004522,2026-09-05 20:33:01.735196,Ransomware,Europe,Firewall,1,374,32,0,28
EVT004523,2026-09-05 20:41:01.735196,Unauthorized Access,Europe,Router,2,178,90,0,270
EVT004524,2026-09-05 20:49:01.735196,Brute Force,Asia,Server,0,808,14,0,376
EVT004525,2026-09-05 20:57:01.735196,DDoS,South America,Server,4,245,39,0,397
EVT004526,2026-09-05 21:05:01.735196,DDoS,Europe,Laptop,5,605,50,0,73
EVT004527,2026-09-05 21:13:01.735196,Brute Force,South America,Firewall,3,734,24,0,341
EVT004528,2026-09-05 21:21:01.735196,Malware,Oceania,Laptop,7,263,71,0,216
EVT004529,2026-09-05 21:29:01.735196,DDoS,Africa,Router,3,709,89,0,388
EVT004530,2026-09-05 21:37:01.735196,Brute Force,Asia,Laptop,5,588,18,0,356
EVT004531,2026-09-05 21:45:01.735196,Malware,South America,Laptop,3,476,89,0,252
EVT004532,2026-09-05 21:53:01.735196,Ransomware,North America,Desktop,43,13422,427,1,1559
EVT004533,2026-09-05 22:01:01.735196,DDoS,Oceania,Server,3,629,7,0,115
EVT004534,2026-09-05 22:09:01.735196,DDoS,North America,Laptop,0,670,96,0,60
EVT004535,2026-09-05 22:17:01.735196,Unauthorized Access,Africa,Firewall,1,747,60,0,445
EVT004536,2026-09-05 22:25:01.735196,Unauthorized Access,Europe,Router,2,914,86,0,499
EVT004537,2026-09-05 22:33:01.735196,Unauthorized Access,Oceania,Desktop,6,483,67,0,432
EVT004538,2026-09-05 22:41:01.735196,Malware,Oceania,Desktop,2,954,26,0,165
EVT004539,2026-09-05 22:49:01.735196,Unauthorized Access,South America,Desktop,5,480,33,0,66
EVT004540,2026-09-05 22:57:01.735196,Malware,North America,Desktop,73,5218,425,1,1581
EVT004541,2026-09-05 23:05:01.735196,Phishing,Oceania,Desktop,1,299,89,0,363
EVT004542,2026-09-05 23:13:01.735196,Phishing,Asia,Desktop,3,169,61,0,441
EVT004543,2026-09-05 23:21:01.735196,Malware,Africa,Desktop,3,393,96,0,370
EVT004544,2026-09-05 23:29:01.735196,Ransomware,Oceania,Desktop,5,495,57,0,198
EVT004545,2026-09-05 23:37:01.735196,Malware,Asia,Desktop,3,718,82,0,245
EVT004546,2026-09-05 23:45:01.735196,Malware,Europe,Firewall,3,985,30,0,458
EVT004547,2026-09-05 23:53:01.735196,Malware,Asia,Server,3,241,59,0,79
EVT004548,2026-09-06 00:01:01.735196,Ransomware,Asia,Desktop,2,863,10,0,418
EVT004549,2026-09-06 00:09:01.735196,Phishing,Africa,Laptop,2,844,20,0,426
EVT004550,2026-09-06 00:17:01.735196,Malware,Europe,Server,2,500,63,0,158
EVT004551,2026-09-06 00:25:01.735196,Unauthorized Access,Africa,Server,2,915,32,1,143
EVT004552,2026-09-06 00:33:01.735196,Unauthorized Access,Africa,Firewall,4,677,89,0,53
EVT004553,2026-09-06 00:41:01.735196,Unauthorized Access,Oceania,Desktop,1,156,47,0,380
EVT004554,2026-09-06 00:49:01.735196,DDoS,North America,Desktop,3,601,70,0,288
EVT004555,2026-09-06 00:57:01.735196,DDoS,North America,Desktop,4,103,68,0,61
EVT004556,2026-09-06 01:05:01.735196,Malware,Europe,Server,1,926,28,1,482
EVT004557,2026-09-06 01:13:01.735196,Unauthorized Access,North America,Server,4,645,42,0,440
EVT004558,2026-09-06 01:21:01.735196,Malware,South America,Desktop,1,870,5,0,181
EVT004559,2026-09-06 01:29:01.735196,Malware,Asia,Laptop,3,528,17,0,52
EVT004560,2026-09-06 01:37:01.735196,Unauthorized Access,Europe,Server,0,575,52,0,108
EVT004561,2026-09-06 01:45:01.735196,Phishing,Oceania,Firewall,2,929,86,0,434
EVT004562,2026-09-06 01:53:01.735196,Malware,Oceania,Server,3,190,63,0,423
EVT004563,2026-09-06 02:01:01.735196,Brute Force,Oceania,Laptop,0,819,55,0,196
EVT004564,2026-09-06 02:09:01.735196,Brute Force,Africa,Laptop,3,356,69,0,468
EVT004565,2026-09-06 02:17:01.735196,Malware,Oceania,Firewall,3,941,67,0,342
EVT004566,2026-09-06 02:25:01.735196,Unauthorized Access,Oceania,Laptop,1,504,62,0,266
EVT004567,2026-09-06 02:33:01.735196,Phishing,North America,Router,2,804,61,0,113
EVT004568,2026-09-06 02:41:01.735196,Brute Force,South America,Laptop,0,677,99,0,380
EVT004569,2026-09-06 02:49:01.735196,Ransomware,Asia,Laptop,5,865,30,0,84
EVT004570,2026-09-06 02:57:01.735196,Unauthorized Access,South America,Firewall,1,411,61,0,110
EVT004571,2026-09-06 03:05:01.735196,Phishing,Africa,Server,3,967,57,1,70
EVT004572,2026-09-06 03:13:01.735196,Ransomware,Oceania,Firewall,1,191,18,0,80
EVT004573,2026-09-06 03:21:01.735196,Malware,South America,Firewall,3,848,77,0,29
EVT004574,2026-09-06 03:29:01.735196,Ransomware,Oceania,Laptop,2,161,21,0,260
EVT004575,2026-09-06 03:37:01.735196,Brute Force,Africa,Server,2,559,65,0,348
EVT004576,2026-09-06 03:45:01.735196,Phishing,Europe,Server,3,905,34,0,486
EVT004577,2026-09-06 03:53:01.735196,Phishing,Oceania,Server,4,362,38,0,430
EVT004578,2026-09-06 04:01:01.735196,Brute Force,South America,Laptop,2,159,97,0,61
EVT004579,2026-09-06 04:09:01.735196,Ransomware,North America,Firewall,3,736,29,0,245
EVT004580,2026-09-06 04:17:01.735196,Phishing,Oceania,Server,133,5243,507,1,1555
EVT004581,2026-09-06 04:25:01.735196,Malware,South America,Server,4,320,85,0,163
EVT004582,2026-09-06 04:33:01.735196,DDoS,Europe,Laptop,3,518,48,1,125
EVT004583,2026-09-06 04:41:01.735196,Malware,Asia,Desktop,0,591,43,0,247
EVT004584,2026-09-06 04:49:01.735196,DDoS,Oceania,Firewall,1,391,32,1,359
EVT004585,2026-09-06 04:57:01.735196,DDoS,Oceania,Laptop,2,357,77,1,439
EVT004586,2026-09-06 05:05:01.735196,Phishing,Europe,Router,5,241,10,0,403
EVT004587,2026-09-06 05:13:01.735196,Brute Force,Oceania,Laptop,2,923,18,0,383
EVT004588,2026-09-06 05:21:01.735196,Ransomware,South America,Server,6,108,32,0,473
EVT004589,2026-09-06 05:29:01.735196,DDoS,South America,Laptop,1,894,14,0,227
EVT004590,2026-09-06 05:37:01.735196,Malware,Oceania,Router,4,196,8,0,145
EVT004591,2026-09-06 05:45:01.735196,Phishing,South America,Server,2,235,11,0,320
EVT004592,2026-09-06 05:53:01.735196,Phishing,Asia,Desktop,4,971,80,0,253
EVT004593,2026-09-06 06:01:01.735196,Malware,South America,Firewall,3,770,16,0,366
EVT004594,2026-09-06 06:09:01.735196,DDoS,Asia,Desktop,5,969,24,0,186
EVT004595,2026-09-06 06:17:01.735196,DDoS,Europe,Desktop,3,751,8,0,398
EVT004596,2026-09-06 06:25:01.735196,DDoS,Asia,Laptop,3,105,28,0,190
EVT004597,2026-09-06 06:33:01.735196,DDoS,Europe,Server,0,266,90,0,51
EVT004598,2026-09-06 06:41:01.735196,Brute Force,South America,Router,1,412,15,0,13
EVT004599,2026-09-06 06:49:01.735196,Unauthorized Access,Africa,Laptop,5,863,88,0,399
EVT004600,2026-09-06 06:57:01.735196,Brute Force,Asia,Firewall,3,431,44,0,16
EVT004601,2026-09-06 07:05:01.735196,Malware,Asia,Firewall,1,238,6,0,446
EVT004602,2026-09-06 07:13:01.735196,Brute Force,South America,Server,1,939,9,0,331
EVT004603,2026-09-06 07:21:01.735196,Malware,Europe,Desktop,3,357,32,0,135
EVT004604,2026-09-06 07:29:01.735196,Phishing,Oceania,Firewall,4,901,14,0,97
EVT004605,2026-09-06 07:37:01.735196,Unauthorized Access,Africa,Laptop,3,599,27,0,50
EVT004606,2026-09-06 07:45:01.735196,Unauthorized Access,North America,Laptop,6,283,39,0,452
EVT004607,2026-09-06 07:53:01.735196,Ransomware,Oceania,Firewall,2,353,51,0,30
EVT004608,2026-09-06 08:01:01.735196,Ransomware,North America,Router,5,641,79,0,19
EVT004609,2026-09-06 08:09:01.735196,Malware,Oceania,Desktop,4,981,86,0,274
EVT004610,2026-09-06 08:17:01.735196,DDoS,Asia,Desktop,4,129,39,0,415
EVT004611,2026-09-06 08:25:01.735196,Brute Force,South America,Firewall,2,351,38,0,362
EVT004612,2026-09-06 08:33:01.735196,Ransomware,North America,Router,3,346,72,0,420
EVT004613,2026-09-06 08:41:01.735196,Phishing,Europe,Desktop,3,119,39,0,356
EVT004614,2026-09-06 08:49:01.735196,Ransomware,Asia,Router,36,5036,644,1,991
EVT004615,2026-09-06 08:57:01.735196,Unauthorized Access,Asia,Router,3,692,60,0,224
EVT004616,2026-09-06 09:05:01.735196,Unauthorized Access,North America,Server,3,167,81,0,390
EVT004617,2026-09-06 09:13:01.735196,Phishing,Europe,Router,6,389,45,0,77
EVT004618,2026-09-06 09:21:01.735196,Phishing,South America,Router,3,561,75,0,283
EVT004619,2026-09-06 09:29:01.735196,Brute Force,North America,Server,5,552,58,0,162
EVT004620,2026-09-06 09:37:01.735196,Unauthorized Access,South America,Laptop,3,627,12,0,233
EVT004621,2026-09-06 09:45:01.735196,Phishing,Europe,Desktop,5,988,27,0,258
EVT004622,2026-09-06 09:53:01.735196,Ransomware,North America,Firewall,3,270,17,0,402
EVT004623,2026-09-06 10:01:01.735196,Ransomware,Oceania,Firewall,4,428,64,0,378
EVT004624,2026-09-06 10:09:01.735196,Phishing,North America,Desktop,3,348,65,0,272
EVT004625,2026-09-06 10:17:01.735196,Unauthorized Access,North America,Server,2,333,52,0,45
EVT004626,2026-09-06 10:25:01.735196,Unauthorized Access,Africa,Laptop,2,770,33,0,170
EVT004627,2026-09-06 10:33:01.735196,Brute Force,Asia,Firewall,98,6993,927,1,992
EVT004628,2026-09-06 10:41:01.735196,Brute Force,Oceania,Server,4,309,31,0,427
EVT004629,2026-09-06 10:49:01.735196,DDoS,Europe,Router,3,940,16,0,172
EVT004630,2026-09-06 10:57:01.735196,Malware,North America,Firewall,2,548,63,0,195
EVT004631,2026-09-06 11:05:01.735196,Unauthorized Access,Asia,Server,4,787,76,0,435
EVT004632,2026-09-06 11:13:01.735196,Ransomware,Asia,Router,4,913,52,0,272
EVT004633,2026-09-06 11:21:01.735196,Phishing,North America,Server,4,997,72,0,16
EVT004634,2026-09-06 11:29:01.735196,Unauthorized Access,North America,Desktop,2,328,18,0,197
EVT004635,2026-09-06 11:37:01.735196,Phishing,Europe,Server,4,388,5,0,73
EVT004636,2026-09-06 11:45:01.735196,Phishing,Europe,Laptop,7,102,96,0,450
EVT004637,2026-09-06 11:53:01.735196,DDoS,North America,Router,3,968,37,0,415
EVT004638,2026-09-06 12:01:01.735196,Phishing,North America,Server,4,445,33,0,329
EVT004639,2026-09-06 12:09:01.735196,Brute Force,Europe,Desktop,4,747,22,0,54
EVT004640,2026-09-06 12:17:01.735196,Ransomware,Oceania,Router,2,163,41,1,472
EVT004641,2026-09-06 12:25:01.735196,Malware,Europe,Router,2,540,74,0,231
EVT004642,2026-09-06 12:33:01.735196,Phishing,Asia,Server,6,230,44,0,221
EVT004643,2026-09-06 12:41:01.735196,Brute Force,South America,Server,5,732,82,0,115
EVT004644,2026-09-06 12:49:01.735196,Phishing,Europe,Server,3,730,94,0,457
EVT004645,2026-09-06 12:57:01.735196,Malware,South America,Laptop,2,437,31,0,268
EVT004646,2026-09-06 13:05:01.735196,Phishing,Asia,Firewall,2,383,52,0,441
EVT004647,2026-09-06 13:13:01.735196,Brute Force,Africa,Firewall,5,215,12,0,123
EVT004648,2026-09-06 13:21:01.735196,Unauthorized Access,Asia,Router,4,786,73,0,399
EVT004649,2026-09-06 13:29:01.735196,Unauthorized Access,Africa,Firewall,5,450,62,0,124
EVT004650,2026-09-06 13:37:01.735196,DDoS,South America,Laptop,1,368,40,0,466
EVT004651,2026-09-06 13:45:01.735196,DDoS,Asia,Desktop,3,913,82,0,75
EVT004652,2026-09-06 13:53:01.735196,Phishing,Oceania,Server,3,704,32,0,327
EVT004653,2026-09-06 14:01:01.735196,Ransomware,South America,Firewall,5,610,66,0,216
EVT004654,2026-09-06 14:09:01.735196,Malware,Africa,Server,2,783,15,0,241
EVT004655,2026-09-06 14:17:01.735196,Phishing,North America,Laptop,0,243,13,0,334
EVT004656,2026-09-06 14:25:01.735196,Unauthorized Access,North America,Firewall,3,206,12,0,18
EVT004657,2026-09-06 14:33:01.735196,Brute Force,Africa,Laptop,2,825,19,0,227
EVT004658,2026-09-06 14:41:01.735196,Phishing,Africa,Laptop,8,812,26,0,119
EVT004659,2026-09-06 14:49:01.735196,Phishing,North America,Firewall,2,877,25,0,113
EVT004660,2026-09-06 14:57:01.735196,Unauthorized Access,North America,Laptop,3,195,52,0,373
EVT004661,2026-09-06 15:05:01.735196,Malware,Asia,Firewall,3,873,70,0,208
EVT004662,2026-09-06 15:13:01.735196,Ransomware,Asia,Desktop,2,620,56,0,285
EVT004663,2026-09-06 15:21:01.735196,Phishing,North America,Router,2,613,54,0,486
EVT004664,2026-09-06 15:29:01.735196,Phishing,Europe,Laptop,1,394,97,0,36
EVT004665,2026-09-06 15:37:01.735196,Malware,Africa,Laptop,3,388,54,0,292
EVT004666,2026-09-06 15:45:01.735196,Malware,South America,Firewall,4,340,43,0,196
EVT004667,2026-09-06 15:53:01.735196,Ransomware,South America,Laptop,6,587,85,0,365
EVT004668,2026-09-06 16:01:01.735196,Ransomware,North America,Server,2,383,94,0,357
EVT004669,2026-09-06 16:09:01.735196,Malware,Oceania,Server,4,516,11,0,14
EVT004670,2026-09-06 16:17:01.735196,Brute Force,North America,Server,4,248,82,0,455
EVT004671,2026-09-06 16:25:01.735196,Brute Force,Oceania,Firewall,2,860,24,0,491
EVT004672,2026-09-06 16:33:01.735196,Brute Force,Europe,Router,5,649,91,0,83
EVT004673,2026-09-06 16:41:01.735196,Malware,South America,Firewall,1,116,99,0,310
EVT004674,2026-09-06 16:49:01.735196,Malware,Oceania,Firewall,3,107,41,0,354
EVT004675,2026-09-06 16:57:01.735196,Phishing,Asia,Desktop,136,9780,671,1,1843
EVT004676,2026-09-06 17:05:01.735196,Malware,Africa,Desktop,3,898,38,0,461
EVT004677,2026-09-06 17:13:01.735196,Ransomware,Europe,Server,0,221,61,0,148
EVT004678,2026-09-06 17:21:01.735196,Phishing,Africa,Firewall,3,948,20,0,99
EVT004679,2026-09-06 17:29:01.735196,Ransomware,South America,Firewall,1,803,60,0,416
EVT004680,2026-09-06 17:37:01.735196,Malware,Europe,Laptop,4,833,34,0,289
EVT004681,2026-09-06 17:45:01.735196,Ransomware,Africa,Firewall,2,650,87,0,439
EVT004682,2026-09-06 17:53:01.735196,Ransomware,South America,Router,2,357,95,0,405
EVT004683,2026-09-06 18:01:01.735196,DDoS,South America,Server,148,13412,360,1,1826
EVT004684,2026-09-06 18:09:01.735196,Malware,North America,Desktop,114,6868,973,1,716
EVT004685,2026-09-06 18:17:01.735196,DDoS,Asia,Desktop,3,812,79,0,203
EVT004686,2026-09-06 18:25:01.735196,Brute Force,Africa,Desktop,1,917,34,0,324
EVT004687,2026-09-06 18:33:01.735196,DDoS,South America,Firewall,5,922,13,0,210
EVT004688,2026-09-06 18:41:01.735196,DDoS,Europe,Desktop,2,821,25,0,208
EVT004689,2026-09-06 18:49:01.735196,Ransomware,Asia,Server,3,912,84,0,292
EVT004690,2026-09-06 18:57:01.735196,Phishing,Africa,Router,6,707,85,0,361
EVT004691,2026-09-06 19:05:01.735196,Unauthorized Access,Oceania,Server,3,111,31,0,467
EVT004692,2026-09-06 19:13:01.735196,Malware,South America,Laptop,3,597,24,0,473
EVT004693,2026-09-06 19:21:01.735196,Unauthorized Access,Africa,Firewall,8,400,6,0,204
EVT004694,2026-09-06 19:29:01.735196,Ransomware,North America,Firewall,1,501,43,0,261
EVT004695,2026-09-06 19:37:01.735196,Unauthorized Access,Europe,Laptop,2,118,66,0,316
EVT004696,2026-09-06 19:45:01.735196,Ransomware,North America,Server,5,164,80,0,132
EVT004697,2026-09-06 19:53:01.735196,Ransomware,Africa,Server,1,671,44,0,472
EVT004698,2026-09-06 20:01:01.735196,Unauthorized Access,Oceania,Server,2,548,15,0,349
EVT004699,2026-09-06 20:09:01.735196,Brute Force,Asia,Laptop,1,713,84,0,100
EVT004700,2026-09-06 20:17:01.735196,DDoS,South America,Laptop,3,639,51,0,160
EVT004701,2026-09-06 20:25:01.735196,DDoS,Oceania,Laptop,3,853,54,0,251
EVT004702,2026-09-06 20:33:01.735196,Malware,South America,Desktop,1,544,11,0,73
EVT004703,2026-09-06 20:41:01.735196,Brute Force,North America,Laptop,3,939,25,0,442
EVT004704,2026-09-06 20:49:01.735196,Unauthorized Access,Oceania,Desktop,5,496,42,0,419
EVT004705,2026-09-06 20:57:01.735196,Unauthorized Access,Africa,Desktop,6,927,60,0,128
EVT004706,2026-09-06 21:05:01.735196,Phishing,North America,Laptop,4,576,87,0,94
EVT004707,2026-09-06 21:13:01.735196,Brute Force,Europe,Desktop,5,694,86,0,221
EVT004708,2026-09-06 21:21:01.735196,Unauthorized Access,South America,Laptop,2,525,18,0,358
EVT004709,2026-09-06 21:29:01.735196,Ransomware,North America,Router,3,318,11,0,279
EVT004710,2026-09-06 21:37:01.735196,DDoS,Asia,Router,5,817,55,0,487
EVT004711,2026-09-06 21:45:01.735196,Ransomware,Asia,Server,2,856,74,0,129
EVT004712,2026-09-06 21:53:01.735196,Phishing,Oceania,Desktop,4,395,72,0,352
EVT004713,2026-09-06 22:01:01.735196,Brute Force,Europe,Desktop,3,110,51,0,408
EVT004714,2026-09-06 22:09:01.735196,Brute Force,North America,Server,4,296,34,0,234
EVT004715,2026-09-06 22:17:01.735196,Ransomware,South America,Desktop,3,244,35,0,189
EVT004716,2026-09-06 22:25:01.735196,Unauthorized Access,Africa,Firewall,3,751,50,0,81
EVT004717,2026-09-06 22:33:01.735196,Malware,Europe,Server,1,384,8,0,290
EVT004718,2026-09-06 22:41:01.735196,Unauthorized Access,Oceania,Firewall,2,237,42,0,251
EVT004719,2026-09-06 22:49:01.735196,Ransomware,Asia,Laptop,3,286,40,0,488
EVT004720,2026-09-06 22:57:01.735196,Brute Force,North America,Desktop,5,809,28,0,257
EVT004721,2026-09-06 23:05:01.735196,Brute Force,Oceania,Server,46,9480,640,1,1592
EVT004722,2026-09-06 23:13:01.735196,Ransomware,Europe,Laptop,1,891,50,0,152
EVT004723,2026-09-06 23:21:01.735196,Phishing,Asia,Laptop,3,627,7,0,104
EVT004724,2026-09-06 23:29:01.735196,Ransomware,Africa,Desktop,4,589,33,0,148
EVT004725,2026-09-06 23:37:01.735196,Malware,South America,Laptop,3,641,54,0,217
EVT004726,2026-09-06 23:45:01.735196,Malware,North America,Server,2,669,68,0,493
EVT004727,2026-09-06 23:53:01.735196,DDoS,Africa,Router,1,749,84,0,348
EVT004728,2026-09-07 00:01:01.735196,Malware,Africa,Server,1,194,72,0,19
EVT004729,2026-09-07 00:09:01.735196,Phishing,Europe,Firewall,4,821,14,0,406
EVT004730,2026-09-07 00:17:01.735196,Brute Force,Europe,Router,2,640,81,0,77
EVT004731,2026-09-07 00:25:01.735196,DDoS,Oceania,Desktop,2,771,74,0,463
EVT004732,2026-09-07 00:33:01.735196,Malware,South America,Server,4,654,9,0,275
EVT004733,2026-09-07 00:41:01.735196,Malware,Africa,Firewall,6,331,76,0,383
EVT004734,2026-09-07 00:49:01.735196,Ransomware,South America,Server,1,631,55,0,348
EVT004735,2026-09-07 00:57:01.735196,Unauthorized Access,South America,Firewall,6,567,89,0,166
EVT004736,2026-09-07 01:05:01.735196,Unauthorized Access,North America,Server,3,981,63,0,67
EVT004737,2026-09-07 01:13:01.735196,Phishing,North America,Server,5,187,10,0,38
EVT004738,2026-09-07 01:21:01.735196,Ransomware,South America,Server,3,434,61,0,287
EVT004739,2026-09-07 01:29:01.735196,Unauthorized Access,Africa,Server,3,346,5,0,227
EVT004740,2026-09-07 01:37:01.735196,DDoS,Asia,Router,1,551,80,0,232
EVT004741,2026-09-07 01:45:01.735196,DDoS,Asia,Desktop,5,715,52,0,226
EVT004742,2026-09-07 01:53:01.735196,Unauthorized Access,North America,Router,2,570,83,0,103
EVT004743,2026-09-07 02:01:01.735196,Unauthorized Access,Oceania,Laptop,4,518,58,0,473
EVT004744,2026-09-07 02:09:01.735196,Unauthorized Access,Asia,Laptop,3,832,43,0,230
EVT004745,2026-09-07 02:17:01.735196,Malware,Asia,Firewall,4,289,33,0,231
EVT004746,2026-09-07 02:25:01.735196,Malware,Africa,Firewall,3,869,69,1,473
EVT004747,2026-09-07 02:33:01.735196,Unauthorized Access,Asia,Laptop,3,928,5,0,270
EVT004748,2026-09-07 02:41:01.735196,Unauthorized Access,South America,Desktop,2,405,63,0,174
EVT004749,2026-09-07 02:49:01.735196,Unauthorized Access,Europe,Router,2,997,46,0,54
EVT004750,2026-09-07 02:57:01.735196,Brute Force,Europe,Laptop,2,398,28,0,69
EVT004751,2026-09-07 03:05:01.735196,Unauthorized Access,Europe,Server,5,290,72,0,488
EVT004752,2026-09-07 03:13:01.735196,Ransomware,Asia,Desktop,3,673,7,0,386
EVT004753,2026-09-07 03:21:01.735196,Malware,Asia,Server,5,951,57,0,473
EVT004754,2026-09-07 03:29:01.735196,Brute Force,Asia,Laptop,4,260,29,0,400
EVT004755,2026-09-07 03:37:01.735196,DDoS,Oceania,Server,6,931,90,0,387
EVT004756,2026-09-07 03:45:01.735196,Brute Force,North America,Desktop,3,273,43,0,223
EVT004757,2026-09-07 03:53:01.735196,DDoS,South America,Router,5,760,78,0,34
EVT004758,2026-09-07 04:01:01.735196,Brute Force,North America,Firewall,2,572,64,0,41
EVT004759,2026-09-07 04:09:01.735196,Malware,Oceania,Laptop,3,324,46,0,407
EVT004760,2026-09-07 04:17:01.735196,Malware,North America,Laptop,5,968,62,0,171
EVT004761,2026-09-07 04:25:01.735196,Malware,Africa,Laptop,3,434,78,0,276
EVT004762,2026-09-07 04:33:01.735196,DDoS,Africa,Server,1,868,42,0,246
EVT004763,2026-09-07 04:41:01.735196,Malware,South America,Laptop,0,118,63,0,403
EVT004764,2026-09-07 04:49:01.735196,Malware,Asia,Laptop,3,805,67,0,352
EVT004765,2026-09-07 04:57:01.735196,Phishing,Europe,Desktop,2,619,10,0,318
EVT004766,2026-09-07 05:05:01.735196,Ransomware,North America,Router,4,233,66,0,267
EVT004767,2026-09-07 05:13:01.735196,Phishing,South America,Firewall,4,961,11,0,413
EVT004768,2026-09-07 05:21:01.735196,Brute Force,South America,Router,3,229,45,0,493
EVT004769,2026-09-07 05:29:01.735196,Brute Force,Europe,Firewall,3,779,32,0,417
EVT004770,2026-09-07 05:37:01.735196,Unauthorized Access,Asia,Desktop,5,674,40,0,332
EVT004771,2026-09-07 05:45:01.735196,Malware,North America,Laptop,5,818,70,0,103
EVT004772,2026-09-07 05:53:01.735196,Unauthorized Access,North America,Firewall,1,838,8,0,275
EVT004773,2026-09-07 06:01:01.735196,Phishing,Asia,Desktop,4,518,8,0,361
EVT004774,2026-09-07 06:09:01.735196,Brute Force,Africa,Firewall,3,289,36,0,115
EVT004775,2026-09-07 06:17:01.735196,Malware,Europe,Laptop,2,430,62,0,308
EVT004776,2026-09-07 06:25:01.735196,Unauthorized Access,Oceania,Server,2,715,97,0,489
EVT004777,2026-09-07 06:33:01.735196,Brute Force,Asia,Router,3,526,71,0,363
EVT004778,2026-09-07 06:41:01.735196,Malware,Africa,Server,8,453,62,0,10
EVT004779,2026-09-07 06:49:01.735196,Unauthorized Access,Africa,Server,8,133,36,1,370
EVT004780,2026-09-07 06:57:01.735196,Ransomware,Africa,Laptop,2,363,97,0,172
EVT004781,2026-09-07 07:05:01.735196,Brute Force,South America,Desktop,8,378,36,0,428
EVT004782,2026-09-07 07:13:01.735196,Phishing,South America,Firewall,4,943,63,0,203
EVT004783,2026-09-07 07:21:01.735196,Unauthorized Access,Oceania,Router,4,954,22,0,120
EVT004784,2026-09-07 07:29:01.735196,Unauthorized Access,South America,Desktop,4,365,64,0,81
EVT004785,2026-09-07 07:37:01.735196,Brute Force,Africa,Firewall,3,480,81,0,433
EVT004786,2026-09-07 07:45:01.735196,Brute Force,Oceania,Router,4,133,43,0,329
EVT004787,2026-09-07 07:53:01.735196,Unauthorized Access,Asia,Laptop,5,679,84,0,57
EVT004788,2026-09-07 08:01:01.735196,Ransomware,Africa,Router,3,279,88,0,435
EVT004789,2026-09-07 08:09:01.735196,Unauthorized Access,Europe,Laptop,2,724,37,1,167
EVT004790,2026-09-07 08:17:01.735196,Malware,Asia,Server,4,342,76,0,479
EVT004791,2026-09-07 08:25:01.735196,Ransomware,Africa,Firewall,2,691,52,0,152
EVT004792,2026-09-07 08:33:01.735196,Phishing,Europe,Laptop,3,826,41,0,83
EVT004793,2026-09-07 08:41:01.735196,Phishing,Asia,Laptop,2,378,24,0,32
EVT004794,2026-09-07 08:49:01.735196,DDoS,South America,Firewall,8,594,17,0,226
EVT004795,2026-09-07 08:57:01.735196,Malware,South America,Firewall,6,967,48,0,83
EVT004796,2026-09-07 09:05:01.735196,Unauthorized Access,South America,Laptop,6,719,28,0,317
EVT004797,2026-09-07 09:13:01.735196,Malware,South America,Router,2,485,73,0,318
EVT004798,2026-09-07 09:21:01.735196,Malware,Oceania,Router,5,783,88,0,194
EVT004799,2026-09-07 09:29:01.735196,Phishing,Asia,Firewall,3,270,50,0,45
EVT004800,2026-09-07 09:37:01.735196,Brute Force,Europe,Firewall,1,766,30,0,85
EVT004801,2026-09-07 09:45:01.735196,Ransomware,Oceania,Firewall,2,895,93,0,472
EVT004802,2026-09-07 09:53:01.735196,Brute Force,Europe,Firewall,4,314,67,0,195
EVT004803,2026-09-07 10:01:01.735196,Unauthorized Access,North America,Desktop,5,586,34,0,72
EVT004804,2026-09-07 10:09:01.735196,Ransomware,South America,Server,2,913,18,0,451
EVT004805,2026-09-07 10:17:01.735196,Brute Force,Africa,Firewall,8,124,52,0,352
EVT004806,2026-09-07 10:25:01.735196,Malware,Africa,Laptop,4,656,11,0,79
EVT004807,2026-09-07 10:33:01.735196,Ransomware,Africa,Laptop,2,857,34,0,273
EVT004808,2026-09-07 10:41:01.735196,Ransomware,North America,Firewall,2,411,59,0,147
EVT004809,2026-09-07 10:49:01.735196,DDoS,Asia,Router,1,443,30,0,261
EVT004810,2026-09-07 10:57:01.735196,Phishing,North America,Firewall,8,336,81,0,237
EVT004811,2026-09-07 11:05:01.735196,DDoS,North America,Laptop,0,254,86,1,443
EVT004812,2026-09-07 11:13:01.735196,Unauthorized Access,Asia,Firewall,3,180,37,1,386
EVT004813,2026-09-07 11:21:01.735196,Malware,Asia,Laptop,4,227,42,1,361
EVT004814,2026-09-07 11:29:01.735196,DDoS,Africa,Laptop,2,697,60,0,246
EVT004815,2026-09-07 11:37:01.735196,Ransomware,Africa,Desktop,1,622,46,0,194
EVT004816,2026-09-07 11:45:01.735196,Malware,North America,Laptop,7,324,29,0,375
EVT004817,2026-09-07 11:53:01.735196,Phishing,North America,Server,2,609,83,0,123
EVT004818,2026-09-07 12:01:01.735196,Unauthorized Access,South America,Firewall,2,989,13,0,452
EVT004819,2026-09-07 12:09:01.735196,DDoS,North America,Server,2,365,94,0,118
EVT004820,2026-09-07 12:17:01.735196,DDoS,Africa,Laptop,5,226,32,0,237
EVT004821,2026-09-07 12:25:01.735196,Brute Force,Europe,Firewall,3,593,13,0,441
EVT004822,2026-09-07 12:33:01.735196,Malware,North America,Server,1,244,51,0,118
EVT004823,2026-09-07 12:41:01.735196,Malware,Africa,Desktop,2,496,67,0,105
EVT004824,2026-09-07 12:49:01.735196,Brute Force,Africa,Server,4,767,21,0,220
EVT004825,2026-09-07 12:57:01.735196,Ransomware,North America,Router,4,117,39,0,207
EVT004826,2026-09-07 13:05:01.735196,Phishing,Oceania,Firewall,1,845,88,0,52
EVT004827,2026-09-07 13:13:01.735196,Unauthorized Access,South America,Router,4,579,92,0,135
EVT004828,2026-09-07 13:21:01.735196,Malware,Oceania,Desktop,3,489,44,0,78
EVT004829,2026-09-07 13:29:01.735196,Ransomware,Asia,Server,0,286,50,0,466
EVT004830,2026-09-07 13:37:01.735196,DDoS,South America,Firewall,4,321,5,0,14
EVT004831,2026-09-07 13:45:01.735196,Phishing,North America,Router,5,930,15,0,111
EVT004832,2026-09-07 13:53:01.735196,Brute Force,South America,Router,2,437,66,0,352
EVT004833,2026-09-07 14:01:01.735196,Unauthorized Access,Europe,Desktop,3,988,15,0,293
EVT004834,2026-09-07 14:09:01.735196,Malware,Oceania,Router,112,10121,541,1,1508
EVT004835,2026-09-07 14:17:01.735196,DDoS,South America,Server,5,742,70,0,59
EVT004836,2026-09-07 14:25:01.735196,Unauthorized Access,Oceania,Firewall,3,634,64,0,203
EVT004837,2026-09-07 14:33:01.735196,Ransomware,North America,Router,2,317,96,0,54
EVT004838,2026-09-07 14:41:01.735196,Brute Force,Africa,Desktop,3,861,81,0,259
EVT004839,2026-09-07 14:49:01.735196,Phishing,Europe,Laptop,3,665,70,0,124
EVT004840,2026-09-07 14:57:01.735196,Malware,Europe,Desktop,2,226,44,0,379
EVT004841,2026-09-07 15:05:01.735196,Phishing,Europe,Desktop,1,346,60,0,19
EVT004842,2026-09-07 15:13:01.735196,DDoS,North America,Router,3,117,88,0,173
EVT004843,2026-09-07 15:21:01.735196,Malware,South America,Server,3,857,15,0,94
EVT004844,2026-09-07 15:29:01.735196,Phishing,Oceania,Server,3,585,75,0,15
EVT004845,2026-09-07 15:37:01.735196,Phishing,North America,Router,4,383,86,0,368
EVT004846,2026-09-07 15:45:01.735196,DDoS,Europe,Firewall,2,727,97,0,386
EVT004847,2026-09-07 15:53:01.735196,Ransomware,Europe,Router,5,824,48,0,278
EVT004848,2026-09-07 16:01:01.735196,Unauthorized Access,Asia,Router,3,657,60,0,76
EVT004849,2026-09-07 16:09:01.735196,Phishing,South America,Server,3,886,19,0,286
EVT004850,2026-09-07 16:17:01.735196,Unauthorized Access,Asia,Desktop,1,375,6,0,376
EVT004851,2026-09-07 16:25:01.735196,Malware,Oceania,Laptop,2,467,13,0,291
EVT004852,2026-09-07 16:33:01.735196,Ransomware,North America,Laptop,0,629,92,0,11
EVT004853,2026-09-07 16:41:01.735196,Ransomware,Africa,Server,0,563,67,0,173
EVT004854,2026-09-07 16:49:01.735196,Malware,South America,Desktop,3,733,5,0,80
EVT004855,2026-09-07 16:57:01.735196,Malware,Europe,Router,3,692,35,0,155
EVT004856,2026-09-07 17:05:01.735196,Ransomware,North America,Router,2,459,8,0,74
EVT004857,2026-09-07 17:13:01.735196,Malware,Europe,Router,1,794,23,1,451
EVT004858,2026-09-07 17:21:01.735196,DDoS,Oceania,Firewall,5,456,78,0,279
EVT004859,2026-09-07 17:29:01.735196,Phishing,North America,Server,1,627,88,0,111
EVT004860,2026-09-07 17:37:01.735196,Brute Force,North America,Router,6,469,85,1,86
EVT004861,2026-09-07 17:45:01.735196,Unauthorized Access,Africa,Laptop,5,593,98,0,127
EVT004862,2026-09-07 17:53:01.735196,Phishing,Asia,Firewall,3,910,32,0,167
EVT004863,2026-09-07 18:01:01.735196,DDoS,Europe,Firewall,2,701,61,0,58
EVT004864,2026-09-07 18:09:01.735196,Brute Force,South America,Firewall,2,843,31,0,63
EVT004865,2026-09-07 18:17:01.735196,DDoS,Europe,Firewall,2,761,92,0,357
EVT004866,2026-09-07 18:25:01.735196,Malware,Africa,Laptop,4,402,49,0,168
EVT004867,2026-09-07 18:33:01.735196,Ransomware,South America,Server,3,311,90,0,286
EVT004868,2026-09-07 18:41:01.735196,Unauthorized Access,South America,Server,2,766,12,0,327
EVT004869,2026-09-07 18:49:01.735196,Brute Force,Africa,Firewall,2,927,35,0,397
EVT004870,2026-09-07 18:57:01.735196,DDoS,South America,Server,3,829,58,0,198
EVT004871,2026-09-07 19:05:01.735196,Brute Force,North America,Router,2,927,90,0,368
EVT004872,2026-09-07 19:13:01.735196,DDoS,Europe,Router,4,812,38,0,245
EVT004873,2026-09-07 19:21:01.735196,Phishing,North America,Desktop,2,127,13,0,127
EVT004874,2026-09-07 19:29:01.735196,DDoS,Africa,Laptop,3,850,12,1,79
EVT004875,2026-09-07 19:37:01.735196,Phishing,Europe,Laptop,3,859,89,0,300
EVT004876,2026-09-07 19:45:01.735196,Ransomware,Oceania,Laptop,5,848,27,0,64
EVT004877,2026-09-07 19:53:01.735196,DDoS,Oceania,Desktop,3,843,30,0,78
EVT004878,2026-09-07 20:01:01.735196,Ransomware,Africa,Router,109,14193,401,1,709
EVT004879,2026-09-07 20:09:01.735196,Brute Force,Asia,Router,5,787,13,0,117
EVT004880,2026-09-07 20:17:01.735196,Brute Force,North America,Firewall,5,928,81,0,301
EVT004881,2026-09-07 20:25:01.735196,Phishing,North America,Firewall,2,733,26,0,176
EVT004882,2026-09-07 20:33:01.735196,Unauthorized Access,South America,Router,4,799,85,0,359
EVT004883,2026-09-07 20:41:01.735196,Malware,Africa,Firewall,0,631,62,0,403
EVT004884,2026-09-07 20:49:01.735196,Brute Force,Asia,Laptop,2,949,24,0,145
EVT004885,2026-09-07 20:57:01.735196,Unauthorized Access,Africa,Desktop,7,306,67,0,117
EVT004886,2026-09-07 21:05:01.735196,Malware,Europe,Laptop,5,284,9,0,451
EVT004887,2026-09-07 21:13:01.735196,Malware,Asia,Server,6,609,62,0,97
EVT004888,2026-09-07 21:21:01.735196,Brute Force,Oceania,Laptop,1,306,48,0,327
EVT004889,2026-09-07 21:29:01.735196,Unauthorized Access,South America,Firewall,3,489,93,0,436
EVT004890,2026-09-07 21:37:01.735196,Ransomware,Africa,Desktop,0,533,50,0,293
EVT004891,2026-09-07 21:45:01.735196,Ransomware,Africa,Desktop,1,698,34,0,245
EVT004892,2026-09-07 21:53:01.735196,Unauthorized Access,Africa,Firewall,2,807,92,0,37
EVT004893,2026-09-07 22:01:01.735196,Brute Force,North America,Desktop,4,156,31,0,499
EVT004894,2026-09-07 22:09:01.735196,Brute Force,Africa,Firewall,2,164,49,0,365
EVT004895,2026-09-07 22:17:01.735196,Malware,Oceania,Router,4,216,15,0,173
EVT004896,2026-09-07 22:25:01.735196,Phishing,Europe,Firewall,2,596,34,0,362
EVT004897,2026-09-07 22:33:01.735196,DDoS,South America,Laptop,4,176,90,0,149
EVT004898,2026-09-07 22:41:01.735196,Brute Force,Europe,Server,6,591,68,0,147
EVT004899,2026-09-07 22:49:01.735196,DDoS,Asia,Router,5,490,69,0,313
EVT004900,2026-09-07 22:57:01.735196,Unauthorized Access,North America,Router,0,596,89,0,197
EVT004901,2026-09-07 23:05:01.735196,Unauthorized Access,South America,Router,2,758,5,0,486
EVT004902,2026-09-07 23:13:01.735196,Unauthorized Access,Africa,Router,4,218,82,0,236
EVT004903,2026-09-07 23:21:01.735196,Brute Force,Europe,Laptop,2,845,59,0,487
EVT004904,2026-09-07 23:29:01.735196,Unauthorized Access,Europe,Router,5,585,40,0,308
EVT004905,2026-09-07 23:37:01.735196,Malware,Oceania,Firewall,2,798,85,0,448
EVT004906,2026-09-07 23:45:01.735196,Unauthorized Access,North America,Router,5,988,90,0,427
EVT004907,2026-09-07 23:53:01.735196,Brute Force,Oceania,Laptop,0,609,26,0,185
EVT004908,2026-09-08 00:01:01.735196,Brute Force,Asia,Server,2,677,20,0,434
EVT004909,2026-09-08 00:09:01.735196,Ransomware,South America,Router,5,787,66,0,396
EVT004910,2026-09-08 00:17:01.735196,Ransomware,Oceania,Router,1,344,49,0,392
EVT004911,2026-09-08 00:25:01.735196,Malware,Oceania,Server,3,679,84,0,311
EVT004912,2026-09-08 00:33:01.735196,Unauthorized Access,Europe,Desktop,2,505,10,0,265
EVT004913,2026-09-08 00:41:01.735196,Ransomware,Asia,Laptop,9,440,90,0,296
EVT004914,2026-09-08 00:49:01.735196,DDoS,South America,Firewall,3,652,54,0,336
EVT004915,2026-09-08 00:57:01.735196,Phishing,Asia,Firewall,4,357,66,1,497
EVT004916,2026-09-08 01:05:01.735196,Brute Force,Europe,Laptop,6,747,80,0,297
EVT004917,2026-09-08 01:13:01.735196,Brute Force,Africa,Desktop,1,806,31,0,322
EVT004918,2026-09-08 01:21:01.735196,Phishing,Europe,Firewall,5,999,75,0,136
EVT004919,2026-09-08 01:29:01.735196,Unauthorized Access,North America,Desktop,5,102,74,0,64
EVT004920,2026-09-08 01:37:01.735196,Ransomware,North America,Desktop,3,235,69,1,255
EVT004921,2026-09-08 01:45:01.735196,Ransomware,Oceania,Router,4,706,27,0,437
EVT004922,2026-09-08 01:53:01.735196,Ransomware,South America,Laptop,3,758,26,0,14
EVT004923,2026-09-08 02:01:01.735196,Phishing,South America,Firewall,2,146,89,0,96
EVT004924,2026-09-08 02:09:01.735196,Brute Force,Europe,Desktop,5,365,71,0,73
EVT004925,2026-09-08 02:17:01.735196,Brute Force,Asia,Server,3,320,69,0,329
EVT004926,2026-09-08 02:25:01.735196,Unauthorized Access,North America,Firewall,1,375,65,0,399
EVT004927,2026-09-08 02:33:01.735196,Ransomware,Asia,Server,0,108,41,0,41
EVT004928,2026-09-08 02:41:01.735196,DDoS,Africa,Desktop,3,400,20,0,275
EVT004929,2026-09-08 02:49:01.735196,Unauthorized Access,Asia,Server,3,816,29,0,109
EVT004930,2026-09-08 02:57:01.735196,DDoS,Oceania,Desktop,6,716,76,1,122
EVT004931,2026-09-08 03:05:01.735196,Phishing,North America,Laptop,2,145,62,0,149
EVT004932,2026-09-08 03:13:01.735196,Unauthorized Access,North America,Firewall,7,593,56,0,33
EVT004933,2026-09-08 03:21:01.735196,Malware,North America,Router,2,227,35,0,67
EVT004934,2026-09-08 03:29:01.735196,Phishing,North America,Laptop,2,536,71,0,62
EVT004935,2026-09-08 03:37:01.735196,Brute Force,Asia,Firewall,3,465,21,0,449
EVT004936,2026-09-08 03:45:01.735196,Malware,North America,Desktop,1,497,7,0,286
EVT004937,2026-09-08 03:53:01.735196,Ransomware,North America,Desktop,1,296,48,1,412
EVT004938,2026-09-08 04:01:01.735196,Malware,Asia,Desktop,5,408,13,0,170
EVT004939,2026-09-08 04:09:01.735196,Phishing,Oceania,Laptop,2,504,72,0,77
EVT004940,2026-09-08 04:17:01.735196,Phishing,South America,Router,1,912,40,0,400
EVT004941,2026-09-08 04:25:01.735196,Unauthorized Access,North America,Laptop,3,146,89,0,345
EVT004942,2026-09-08 04:33:01.735196,DDoS,Asia,Server,7,828,34,0,36
EVT004943,2026-09-08 04:41:01.735196,Unauthorized Access,Asia,Laptop,87,7194,409,1,1093
EVT004944,2026-09-08 04:49:01.735196,Brute Force,North America,Desktop,0,672,63,0,251
EVT004945,2026-09-08 04:57:01.735196,Malware,North America,Desktop,4,974,67,0,236
EVT004946,2026-09-08 05:05:01.735196,DDoS,Africa,Firewall,2,248,24,1,128
EVT004947,2026-09-08 05:13:01.735196,Malware,Oceania,Firewall,4,417,65,0,315
EVT004948,2026-09-08 05:21:01.735196,Unauthorized Access,North America,Firewall,3,868,77,0,475
EVT004949,2026-09-08 05:29:01.735196,Phishing,South America,Server,1,541,69,0,323
EVT004950,2026-09-08 05:37:01.735196,Phishing,Europe,Firewall,2,581,63,0,263
EVT004951,2026-09-08 05:45:01.735196,Ransomware,South America,Laptop,3,347,92,0,262
EVT004952,2026-09-08 05:53:01.735196,Ransomware,Africa,Router,1,606,13,0,349
EVT004953,2026-09-08 06:01:01.735196,Ransomware,Africa,Firewall,2,719,48,0,44
EVT004954,2026-09-08 06:09:01.735196,DDoS,Africa,Router,0,821,35,0,399
EVT004955,2026-09-08 06:17:01.735196,Phishing,Europe,Router,2,129,30,0,315
EVT004956,2026-09-08 06:25:01.735196,Unauthorized Access,Asia,Desktop,2,237,26,0,188
EVT004957,2026-09-08 06:33:01.735196,Ransomware,Oceania,Firewall,3,162,55,0,257
EVT004958,2026-09-08 06:41:01.735196,Ransomware,Asia,Firewall,4,605,63,0,174
EVT004959,2026-09-08 06:49:01.735196,Unauthorized Access,Europe,Desktop,6,935,47,0,360
EVT004960,2026-09-08 06:57:01.735196,Malware,North America,Router,2,970,63,0,305
EVT004961,2026-09-08 07:05:01.735196,Malware,Europe,Server,4,871,18,0,401
EVT004962,2026-09-08 07:13:01.735196,Malware,Europe,Desktop,1,294,66,0,260
EVT004963,2026-09-08 07:21:01.735196,Phishing,Africa,Laptop,1,799,78,0,84
EVT004964,2026-09-08 07:29:01.735196,Phishing,Europe,Server,5,615,61,0,405
EVT004965,2026-09-08 07:37:01.735196,Ransomware,North America,Laptop,3,360,52,0,339
EVT004966,2026-09-08 07:45:01.735196,Ransomware,South America,Server,99,10409,453,1,858
EVT004967,2026-09-08 07:53:01.735196,Brute Force,Oceania,Router,3,854,99,0,278
EVT004968,2026-09-08 08:01:01.735196,Phishing,Oceania,Server,1,586,63,0,333
EVT004969,2026-09-08 08:09:01.735196,Ransomware,Africa,Firewall,3,366,98,0,293
EVT004970,2026-09-08 08:17:01.735196,DDoS,Africa,Firewall,1,893,20,0,44
EVT004971,2026-09-08 08:25:01.735196,DDoS,Europe,Router,4,708,90,0,80
EVT004972,2026-09-08 08:33:01.735196,Brute Force,Europe,Router,4,193,34,0,298
EVT004973,2026-09-08 08:41:01.735196,Brute Force,South America,Desktop,4,567,14,0,288
EVT004974,2026-09-08 08:49:01.735196,Phishing,Oceania,Server,5,327,52,0,154
EVT004975,2026-09-08 08:57:01.735196,Unauthorized Access,Oceania,Laptop,2,843,65,0,87
EVT004976,2026-09-08 09:05:01.735196,Ransomware,Europe,Server,1,280,74,0,179
EVT004977,2026-09-08 09:13:01.735196,Phishing,Oceania,Firewall,3,557,15,0,349
EVT004978,2026-09-08 09:21:01.735196,Malware,Oceania,Laptop,1,344,53,0,114
EVT004979,2026-09-08 09:29:01.735196,Malware,Europe,Laptop,7,715,92,0,295
EVT004980,2026-09-08 09:37:01.735196,Brute Force,North America,Desktop,2,788,48,0,208
EVT004981,2026-09-08 09:45:01.735196,Malware,South America,Server,2,789,86,0,30
EVT004982,2026-09-08 09:53:01.735196,Unauthorized Access,Europe,Router,4,332,16,0,200
EVT004983,2026-09-08 10:01:01.735196,Phishing,Europe,Firewall,1,767,54,0,425
EVT004984,2026-09-08 10:09:01.735196,Malware,Africa,Laptop,4,989,11,0,194
EVT004985,2026-09-08 10:17:01.735196,DDoS,Africa,Server,3,565,81,0,131
EVT004986,2026-09-08 10:25:01.735196,Phishing,Europe,Desktop,1,630,34,0,56
EVT004987,2026-09-08 10:33:01.735196,Ransomware,Asia,Desktop,2,764,34,0,155
EVT004988,2026-09-08 10:41:01.735196,Ransomware,South America,Laptop,3,653,78,0,116
EVT004989,2026-09-08 10:49:01.735196,Unauthorized Access,North America,Desktop,4,767,91,0,424
EVT004990,2026-09-08 10:57:01.735196,Malware,Africa,Router,4,855,12,0,396
EVT004991,2026-09-08 11:05:01.735196,Brute Force,Africa,Laptop,4,306,26,0,133
EVT004992,2026-09-08 11:13:01.735196,DDoS,North America,Firewall,3,852,23,0,229
EVT004993,2026-09-08 11:21:01.735196,Brute Force,South America,Server,5,947,8,0,54
EVT004994,2026-09-08 11:29:01.735196,Phishing,North America,Router,3,855,39,0,27
EVT004995,2026-09-08 11:37:01.735196,Phishing,South America,Laptop,3,415,97,0,152
EVT004996,2026-09-08 11:45:01.735196,Brute Force,Africa,Laptop,2,349,88,0,395
EVT004997,2026-09-08 11:53:01.735196,Malware,Asia,Laptop,2,117,28,0,370
EVT004998,2026-09-08 12:01:01.735196,Unauthorized Access,Africa,Firewall,0,407,27,0,467
EVT004999,2026-09-08 12:09:01.735196,DDoS,Europe,Server,3,503,51,0,131
EVT005000,2026-09-08 12:17:01.735196,Ransomware,Oceania,Firewall,5,344,91,0,297
